"case_id","product_component","affected_language","source_file_path(s)","function(s)_affected","original_cve_id","original_cve_cwe","original_cve_cvss","original_cve_description","original_vulnerable_code_snippet","original_fix_commit_hash","original_fix_commit_url","original_fix_pr_or_ref","original_fix_date","original_fix_version","original_fix_author_or_merger","original_fix_code_diff","original_fix_source_range","original_fix_description_or_commit_message","incomplete_fix_cve_id","incomplete_fix_cve_cwe","incomplete_fix_cve_cvss","incomplete_fix_cve_description","bypass_mechanism_root_cause","vulnerable_code_snippet_after_original_fix","discoverer_of_incomplete_fix","discovery_date_of_bypass","gap_between_original_fix_and_bypass_discovery","complete_fix_commit_hash(es)","complete_fix_commit_url(s)","complete_fix_pr_or_ref","complete_fix_date","complete_fix_version","complete_fix_code_diff","complete_fix_source_range","complete_fix_description_or_commit_message","root_cause_category","poc_available","poc_summary_or_code","attack_scenario","affected_versions_range","discoverer_credits_full","nvd_or_advisory_signal_phrase","classification_note","information_sources_urls","misc_notes","num_distinct_cve_ids_in_lineage","third_fix_attempt_cve_id","third_fix_attempt_commit_hash_or_ref","third_fix_attempt_date_version","third_fix_attempt_description","fourth_fix_attempt_cve_id","fourth_fix_attempt_commit_hash_or_ref","fourth_fix_attempt_date_version","fourth_fix_attempt_description","fix_sequence_chronology_note","lineage_root_cause_commit_context","lineage_exposure_or_enabling_commit_context","lineage_prior_analogous_fix_in_sibling_component_context","sibling_case_ids_sharing_fix_commits","adjacent_related_cves_not_part_of_lineage_context","maintainer_or_reviewer_attribution_notes","reproducer_or_regression_test_details","cna_or_cve_assigner","cisa_adp_or_ssvc_rating","cwe_id_numeric_all_stages","report_document_source_file"
"CASE-01","editorconfig-core-c (libeditorconfig) — EditorConfig C parser used by Vim, Emacs, Gedit, gnome-text-editor, VS Code plugin, etc.","C","src/lib/ec_glob.c","ec_glob()","CVE-2023-0341","CWE-787 (Out-of-bounds Write)","HIGH 8.6","Stack buffer overflow in ec_glob(): output characters written to stack buffer pcre_str (declared char pcre_str[2*PATTERN_MAX]=8194 bytes) with no bounds check while converting an EditorConfig glob pattern into a PCRE regex string; PCRE-escaped form of a char can be longer than input (e.g. backslash prepended to non-alphanumerics), allowing adversarial patterns to overflow pcre_str and smash the stack canary/return address (demonstrated RCE by researcher litios).","/* ec_glob.c pre-fix (pre PR#87) unbounded writes, e.g.: */
*(p_pcre ++) = *c;
/* repeated for every char in glob-to-regex translation, no bound check against pcre_str_end */","41281ea82fbf24b060a9f69b9c5369350fb0529e","https://github.com/editorconfig/editorconfig-core-c/commit/41281ea82fbf24b060a9f69b9c5369350fb0529e","PR #87 (""Fix potential buffer overflow in ec_glob"")","2023-01-19","v0.12.6","xuhdev (author & merger)","/* PR #87 fix - new safe write macros for pcre_str */
#define ADD_CHAR(string, new_chr, end) do { \
  if (string + 1 >= end)                    \
    return -1;                               \
  *(string ++) = new_chr;                    \
} while(0)
/* every previous unbounded write to pcre_str replaced, e.g.: */
/* BEFORE: *(p_pcre ++) = *c; */
/* AFTER:  ADD_CHAR(p_pcre, *c, pcre_str_end); */
char *pcre_str_end = pcre_str + 2 * PATTERN_MAX;
---- actual PR diff hunks (from litios.github.io writeup) ----
@@ -57,6 +57,13 @@ static const UT_icd ut_int_pair_icd ...
+#define ADD_CHAR(string, new_chr, end) do { \
+  if (string + 1 >= end) \
+    return -1; \
+  *(string ++) = new_chr; \
+} while(0)
@@ -131,8 +138,8 @@ int ec_glob(const char *pattern, const char *string)
 case '\\': /* also skip the next one */
   if (*(c+1) != '\0') {
-    *(p_pcre ++) = *(c++);
-    *(p_pcre ++) = *c;
+    ADD_CHAR(p_pcre, *(c++), pcre_str_end);
+    ADD_CHAR(p_pcre, *c, pcre_str_end);
   } else STRING_CAT(p_pcre, ""\\\\"", pcre_str_end);
@@ -208,18 +215,18 @@ ... (bracket-case '[' rewritten to use ADD_CHAR/STRING_CAT throughout)","src/lib/ec_glob.c, approx lines 57-64 (macro def) and 131-215 (call-site rewrites)","""Fix potential buffer overflow in ec_glob"" — introduces ADD_CHAR/STRING_CAT bounds-checked write macros for the pcre_str output buffer; assigned CVE-2023-0341.","CVE-2026-40489","CWE-121 (Stack-based Buffer Overflow)","HIGH 8.6 (report); CVSS:4.0/AV:L/AC:L/AT:N/PR:N/UI:N/VC:H/VI:H/VA:H/SC:N/SI:N/SA:N (CVE record, GitHub_M assigner)","editorconfig-core-c up to and including 0.12.10 has a stack-based buffer overflow in ec_glob() — incomplete fix for CVE-2023-0341. pcre_str was protected in 0.12.6 but the adjacent l_pattern[8194] stack buffer received no equivalent protection. On Ubuntu 24.04, FORTIFY_SOURCE converts the overflow to SIGABRT (DoS only); without it, escalation may be possible.","ec_glob() declares a second stack buffer of identical size directly above pcre_str in the stack frame: char l_pattern[2*PATTERN_MAX] (8194 bytes). The very first line of the function body copies the caller-supplied pattern into l_pattern via strcpy(l_pattern, pattern) with NO length check, before any of the newly-guarded pcre_str writes are ever reached. PR #87 audited every WRITE to pcre_str (the output) but never audited the unguarded READ/COPY of untrusted input at function entry. Symmetric-surface pattern: output guarded, sibling input buffer left open.","/* ec_glob.c:96-100 - BEFORE commit 5159be8 (i.e. state left by PR#87) */
int     ret = 0;                /* nothing between 'ret' and the strcpy */
strcpy(l_pattern, pattern);    /* UNBOUNDED -- CVE-2026-40489 */
p_pcre = pcre_str + 1;
pcre_str_end = pcre_str + 2 * PATTERN_MAX;","j-p-007 (GHSA advisory author)","April 2026 (GHSA advisory); CVE reserved 2026-04-13, published 2026-04-18","~3 years (Jan 2023 fix -> Apr 2026 disclosure)","5159be88ad50641d9843289adda791ba300421ff","https://github.com/editorconfig/editorconfig-core-c/commit/5159be88ad50641d9843289adda791ba300421ff","Commit 5159be8 (maintainer commit, no PR number given in source report)","April 2026","v0.12.11","/* ec_glob.c:96-107 - AFTER commit 5159be8, +5/-1 lines */
int     ret = 0;
+  size_t  pattern_len = strlen(pattern);        /* measure before copy (line 99) */
+
+  /* Reject patterns that would overflow l_pattern in the copy below. */
+  if (pattern_len >= sizeof(l_pattern))          /* guard added (lines 101-103) */
+      return -1;                                /* early rejection */
-  strcpy(l_pattern, pattern);                    /* REMOVED */
+  memcpy(l_pattern, pattern, pattern_len + 1);   /* safe bounded copy (line 104) */
p_pcre = pcre_str + 1;
pcre_str_end = pcre_str + 2 * PATTERN_MAX;","src/lib/ec_glob.c, lines 99-104 (function body lines 96-107 overall)","""Completes the buffer-overflow fix from #87, which bounded writes into pcre_str but left the initial strcpy of pattern into l_pattern at the top of ec_glob unguarded. Sufficiently long patterns smash the stack before any of the bounds-checked code runs."" (author: xuhdev, maintainer)","Input not validated at trust boundary; only output writes were guarded (symmetric input/output attack surface)","Yes — full PoC and exact arithmetic in GHSA advisory","pattern built in editorconfig.c:ini_handler() as malloc(strlen(dir)*2 + sizeof(""**/"") + strlen(section)). Attacker crafts: dir path of 4070 chars w/ 32 special chars ({, }) -> escapes to 4102 chars; .editorconfig section header of 4096 chars (ini.c MAX_SECTION_NAME limit); total pattern = 4102+3+4096 = 8201 bytes vs l_pattern[8194] => 7-byte overflow. On Ubuntu 24.04 FORTIFY_SOURCE intercepts strcpy overflow -> SIGABRT (exit 134); without hardening, adjacent stack metadata reachable.","Victim opens any file inside an attacker-controlled directory (e.g., after cloning a malicious git repository) in an editor using libeditorconfig (gnome-text-editor crashes immediately on Ubuntu 24.04). No privileges required, no user interaction beyond opening the file.","0.12.6 through 0.12.10 (versions with PR#87 fix but not commit 5159be8)","Original CVE-2023-0341: security researcher litios (working with Seth Arnold / Mark Esler fuzzing, MIR analysis). Incomplete-fix bypass CVE-2026-40489: j-p-007 (GHSA advisory, April 2026).","""This is an incomplete fix for CVE-2023-0341."" — CVE-2026-40489 description (NVD/Ubuntu/OffSeq mirrors)","INCOMPLETE FIX (per user definition: original fix failed to fully remediate; not a regression, not a reintroduction).","https://nvd.nist.gov/vuln/detail/CVE-2026-40489 ; https://ubuntu.com/security/CVE-2026-40489 ; https://nvd.nist.gov/vuln/detail/CVE-2023-0341 ; https://github.com/editorconfig/editorconfig-core-c/pull/87 ; https://github.com/editorconfig/editorconfig-core-c/commit/41281ea82fbf24b060a9f69b9c5369350fb0529e ; https://github.com/editorconfig/editorconfig-core-c/commit/5159be88ad50641d9843289adda791ba300421ff ; https://litios.github.io/2023/01/14/CVE-2023-0341.html ; https://security-tracker.debian.org/tracker/CVE-2023-0341 ; https://cve.threatint.eu/CVE/CVE-2026-40489 ; https://radar.offseq.com/threat/cve-2026-40489-cwe-121-stack-based-buffer-overflow-63bc89f7","Report source doc did not include an explicit Sources/References list for this case (unlike later cases in the file); commit hash for PR#87 (41281ea...) and NVD/Ubuntu URLs obtained via supplemental web search since they were not fully specified in the uploaded report.","2","","","","","","","","","","","","","","","","","","","","incomplete_fixes_all.odt"
"CASE-02","Dovecot IMAP/POP3 server — imap-login process, IMAP command parser","C","src/lib-imap/imap-parser.c ; src/imap-login/imap-login-client.h ; src/imap-login/imap-login-client.c ; src/imap-login/imap-login-cmd-id.c","imap_parser_create(); '(' / ')' token processing in the IMAP parser","CVE-2026-27857","CWE-400 (Uncontrolled Resource Consumption)","MEDIUM 4.3","Sending an IMAP NOOP command with ~4000 nested balanced parentheses, e.g. NOOP (((...))) , causes imap-login to allocate ~1MB of heap (one imap_parser_list heap node per '(' via p_new(), no depth limit). Attacker opens 1000 simultaneous connections, sends deeply nested NOOP without final LF (keeps connection open), accumulates ~1GB heap in imap-login, eventually hits vsz_limit and the process is killed, dropping all proxied connections.","/* imap-parser.c pre-fix conceptual struct */
struct imap_parser {
  struct imap_parser_list *list;  /* current innermost open list */
  /* No depth limit tracked */
};
/* Every '(' token causes: */
list = p_new(parser->pool, struct imap_parser_list, 1);  /* HEAP ALLOC, unbounded */
list->parent = parser->list;
parser->list = list;","af1fb4da (v2.4.3 initial fix commit, per source report)","Not given as a direct commit URL in source report (Dovecot core is on github.com/dovecot/core — exact tree URL not confirmed)","v2.4.3 fix; introduces imap_parser_params struct + list_count_limit field; IMAP_LOGIN_LIST_COUNT_LIMIT=1 for login-phase parsers","Before 2026-03-27 (v2.4.3 release)","v2.4.3","Not specified in source report","/* v2.4.3 fix adds list_count_limit param and IMAP_LOGIN_LIST_COUNT_LIMIT=1, but enforcement */
/* logic increments/checks the counter ONLY on ')' (list-completion) traversal, not on '(' (allocation). */","src/lib-imap/imap-parser.c (')' handling path)","Added list_count_limit parameter to imap_parser_create() and a new imap_parser_params struct; set IMAP_LOGIN_LIST_COUNT_LIMIT=1 for login-phase parsers. CVE-2026-27857 fix.","CVE-2026-42006","CWE-400 / CWE-770","Vendor/OX CNA: MEDIUM 4.3 (CVSS:3.1/AV:N/AC:L/PR:L/UI:N/S:U/C:N/I:N/A:L); Red Hat ADP independent assessment: HIGH 7.5 (AV:N/AC:L/PR:N/UI:N, pre-auth reachable)","""An attacker can cause uncontrolled memory usage with excessive bracing over IMAP. The fix in CVE-2026-27857 was incomplete, only blocking one way of doing this, so there was still another way left open. In particular, the fix was for closing braces, but you could still use open braces to bypass the limit."" (NVD/OX advisory text). Residual/incomplete-fix issue per OX advisory OXDC-ADV-2026-0002.","In IMAP list parsing, ')' closes a list and triggers clean-up/traversal logic — this is where the v2.4.3 counter check was inserted. But '(' merely opens a new list node and pushes it onto the chain WITHOUT any depth-check at the push point; the counter is never incremented for open parens, so IMAP_LOGIN_LIST_COUNT_LIMIT was never enforced on the growing (allocation) side. Symmetric-token pattern: '(' and ')' are symmetric IMAP grammar tokens; only the closing-token path was guarded.","/* NOOP ))))...  -- BLOCKED by v2.4.3 fix (counter checked on close) */
/* NOOP ((((...  -- STILL UNBOUNDED after v2.4.3 (no counter check on open) */
/* Proof-of-concept (pseudocode): */
for i in range(1000):
    sock = connect(imap_server, port=143)
    sock.send('A001 NOOP ' + '(' * 8000 + '\r')  # no LF -- keeps connection open
    # imap-login parses 8000 '(' tokens, allocates 8000 imap_parser_list nodes (~1MB/conn)
    # no limit fires -- total ~1GB memory in imap-login process across 1000 conns","D4RKCYPH3R@yeswehack (same research group as original reporter whisperer@yeswehack, 7 weeks later)","Reported April 27, 2026; CVE-2026-42006 published on NVD 2026-05-12","31 days between CVE-2026-27857 disclosure (2026-03-27) and CVE-2026-42006 report (2026-04-27)","825bc297 (structural scaffolding: imap_parser_create() signature change, all 13 call sites updated); af1fb4da (enforcement: adds IMAP_LOGIN_LIST_COUNT_LIMIT constant and wires params into login-phase parser instantiation); d0f67b52 (imap-parser.c: '(' processing enforcement logic integrated)","Not given as direct commit URLs in source report (Dovecot core repo — exact URLs not located/confirmed via search)","3 related commits released together in v2.4.4","May 5, 2026 (v2.4.4 release)","Dovecot CE 2.4.4; OX Dovecot Pro 3.1.5","/* src/imap-login/imap-login-client.h -- NEW CONSTANT */
#define IMAP_LOGIN_LIST_COUNT_LIMIT 1

/* src/imap-login/imap-login-client.c -- imap_client_create() */
/* BEFORE (v2.4.3, NULL params, no limit enforced): */
imap_client->parser = imap_parser_create(imap_client->common.input, imap_client->common.output, IMAP_LOGIN_MAX_LINE_LENGTH, NULL);
/* AFTER (af1fb4d, params struct with list_count_limit=1): */
struct imap_parser_params params = { .list_count_limit = IMAP_LOGIN_LIST_COUNT_LIMIT };
imap_client->parser = imap_parser_create(imap_client->common.input, imap_client->common.output, IMAP_LOGIN_MAX_LINE_LENGTH, &params);

/* src/lib-imap/imap-parser.c -- '(' processing (post d0f67b52) */
case '(':
  if (parser->params.list_count_limit > 0 &&
      parser->list_depth >= parser->params.list_count_limit) {
    parser->error = IMAP_PARSE_ERROR_LITERAL_TOO_LARGE;
    return FALSE;
  }
  list = p_new(parser->pool, struct imap_parser_list, 1);
  list->parent = parser->list;
  parser->list = list;
  parser->list_depth++;
  break;","src/imap-login/imap-login-client.h (new #define); src/imap-login/imap-login-client.c (parser creation sites incl. STARTTLS re-creation); src/imap-login/imap-login-cmd-id.c (ID command parser); src/lib-imap/imap-parser.c ('(' case block)","""imap-login: Limit the number of open IMAP parser lists"" (af1fb4da) — check moved to allocation point (before p_new()) so no list node is ever allocated once the depth limit is reached. IMAP_LOGIN_LIST_COUNT_LIMIT=1 is intentionally strict since the only pre-auth command using lists (ID) needs just one level.","Symmetric attack surface — one token direction (close) guarded, sibling direction (open) missed; resource limit checked on construct-completion rather than allocation","Yes — pseudocode PoC in report; CISA/vendor advisory referenced","See vulnerable_code_snippet_after_original_fix column for full PoC loop.","Unauthenticated (pre-login) network attacker opens many IMAP connections and sends NOOP commands stuffed with thousands of unmatched '(' characters (bounded per-line by IMAP_LOGIN_MAX_LINE_LENGTH=8192 bytes, but repeatable across many connections/commands), driving unbounded heap growth in imap-login until vsz_limit kills the process.","Dovecot 2.4.3 (and OX Dovecot Pro <=3.1.4)","CVE-2026-27857: whisperer@yeswehack (Feb 2026). CVE-2026-42006: D4RKCYPH3R@yeswehack (Apr 2026) — same research group.","OXDC-ADV-2026-0002: ""The fix in CVE-2026-27857 was incomplete, only blocking one way of doing this, so there was still another way left open... the fix was for closing braces, but you could still use open braces to bypass the limit."" / ""This issue is a residual problem resulting from an incomplete fix for CVE-2026-27857.""","INCOMPLETE FIX (per user definition).","https://github.com/advisories/GHSA-h665-fh45-xq6r ; https://documentation.open-xchange.com/dovecot/security/advisories/html/2026/oxdc-adv-2026-0002.html ; https://documentation.open-xchange.com/dovecot/security/advisories/csaf/2026/oxdc-adv-2026-0002.json ; https://access.redhat.com/errata/RHSA-2026:44355 ; https://bugzilla.redhat.com/show_bug.cgi?id=2476476 ; https://access.redhat.com/security/cve/CVE-2026-42006 ; https://vulnerability.circl.lu/vuln/cve-2026-42006","CAUTION/discrepancy in source report: commit hash 'af1fb4da' is listed BOTH as the v2.4.3 original (incomplete) fix commit AND as one of the three v2.4.4 complete-fix commits (""enforcement"" commit). This is very likely an error/reuse in the source document (same short hash used for two different fixes) — flagged here rather than silently corrected, since no authoritative Dovecot commit history was available to verify the real hashes for either fix during this extraction.","2","","","","","","","","","","","","","","","","","","","","incomplete_fixes_all.odt"
"CASE-03","libexpat — streaming XML parser embedded in Python, Firefox, many Linux system tools","C","expat/lib/xmlparse.c","doContent(); doCdataSection(); beforeHandler(); afterHandler(); isCalledFromInsideHandler(); XML_GetBuffer(); XML_Parse(); XML_ParseBuffer(); XML_ParserFree(); XML_ParserReset()","CVE-2026-50219","CWE-416 (Use After Free)","4.9 MEDIUM — CVSS:3.1/AV:L/AC:H/PR:N/UI:N/S:U/C:L/I:L/A:L","Use-after-free via handler reentrancy: no tracking of whether the parser is currently inside a handler invocation. Five public API functions (XML_GetBuffer, XML_Parse, XML_ParseBuffer, XML_ParserFree, XML_ParserReset) could be called freely from inside any user handler. E.g. a CharacterData handler calling XML_ParserFree() on its own parser frees the parser struct while the outer parse frame still holds/dereferences pointers into it -> UAF.","/* Application handler that frees the parser mid-parse */
void myCharDataHandler(void *userData, const XML_Char *s, int len) {
  XML_ParserFree((XML_Parser)userData);  /* UAF: outer parse frame */
  /* xmlparse.c continues to dereference freed parser after return */
}
XML_SetUserData(parser, parser);
XML_SetCharacterDataHandler(parser, myCharDataHandler);
XML_Parse(parser, doc, len, 1);  /* outer parse -> fires handler -> frees parser -> UAF */","Not individually specified; delivered via PR #1246 merge","https://github.com/libexpat/libexpat/pull/1246","PR #1246","2026-06-04 (merged)","libexpat 2.8.1","Not specified (merged by hartwork per libexpat maintainer convention referenced elsewhere in report)","/* Added to XML_ParserStruct */
unsigned int m_handlerCallDepth;   /* 0 = not inside handler; >0 = inside */
static void beforeHandler(XML_Parser parser) { parser->m_handlerCallDepth++; }
static void afterHandler(XML_Parser parser) { parser->m_handlerCallDepth--; }
static XML_Bool isCalledFromInsideHandler(XML_Parser parser) {
  return (parser->m_handlerCallDepth > 0) ? XML_TRUE : XML_FALSE;
}
/* Example guard added to XML_ParserFree() (same pattern on the other 4 functions): */
void XMLCALL XML_ParserFree(XML_Parser parser) {
+ if (isCalledFromInsideHandler(parser)) {
+   parser->m_errorCode = XML_ERROR_INVALID_ARGUMENT;
+   return;
+ }
  /* ... normal free logic ... */
}
/* doContent() handler call sites wrapped: */
if (charDataHandler) {
+  beforeHandler(parser);
   charDataHandler(parser->m_handlerArg, parser->m_dataBuf, ...);
+  afterHandler(parser);
}","expat/lib/xmlparse.c — XML_ParserStruct definition; all handler call sites within doContent()","Introduces m_handlerCallDepth counter with beforeHandler()/afterHandler() bracketing every handler invocation in doContent(); guards added to the five reentrancy-dangerous public API functions.","CVE-2026-56412","CWE-416 (Use After Free)","4.9 MEDIUM — CVSS:3.1/AV:L/AC:H/PR:N/UI:N/S:U/C:L/I:L/A:L (same as parent)","Same use-after-free reachable via CDATA section: doCdataSection() invokes m_characterDataHandler for XML_TOK_DATA_CHARS without beforeHandler()/afterHandler(), so m_handlerCallDepth stays at 0 while the handler runs, bypassing isCalledFromInsideHandler() and thus all five PR #1246 guards. NVD signal: ""this issue exists because of an incomplete fix for CVE-2026-50219"".","doContent() and doCdataSection() are parallel entry points both delivering character data via the same m_characterDataHandler callback. PR #1246's grep-based audit wrapped handler calls in doContent() (and even correctly wrapped the XML_TOK_DATA_NEWLINE case inside doCdataSection()) but missed the two XML_TOK_DATA_CHARS call sites inside doCdataSection() (one inside a MUST_CONVERT for(;;) encoding-conversion loop, one in the non-conversion branch) because their call pattern looked structurally different from the grep target.","case XML_TOK_DATA_CHARS: {
  const XML_Char *dataPtr = (const XML_Char *)parser->m_dataBuf;
  if (charDataHandler) {
    if (MUST_CONVERT(enc, s)) {
      for (;;) {
        const enum XML_Convert_Result convert_res = XmlConvert(enc, &s, next, &dataPtr, (ICHAR *)parser->m_dataBufEnd);
        *eventEndPP = next;
        /* NO beforeHandler() call here <- BUG */
        charDataHandler(parser->m_handlerArg, parser->m_dataBuf, (int)(dataPtr - (ICHAR *)parser->m_dataBuf));
        /* NO afterHandler() call here <- BUG, m_handlerCallDepth stays 0 */
        if ((convert_res == XML_CONVERT_COMPLETED) || (convert_res == XML_CONVERT_INPUT_INCOMPLETE)) break;
        *eventPP = s;
      }
    } else
      /* NO beforeHandler() call here <- BUG */
      charDataHandler(parser->m_handlerArg, (const XML_Char *)s, (int)((const XML_Char *)next - (const XML_Char *)s));
      /* NO afterHandler() call here <- BUG */
  } else if (parser->m_defaultHandler)
    reportDefault(parser, enc, s, next);
} break;

/* Contrast: XML_TOK_DATA_NEWLINE in the SAME function WAS correctly wrapped by PR #1246: */
case XML_TOK_DATA_NEWLINE:
  if (charDataHandler) {
    const XML_Char c = 0xA;
    beforeHandler(parser);
    charDataHandler(parser->m_handlerArg, &c, 1);
    afterHandler(parser);
  } else ...
  break;","hextheshadow (CVE-2026-56412 reporter and PR #1278 author)","PR #1278 opened and merged 2026-06-20","16 days (PR #1246 merged 2026-06-04 -> PR #1278 opened 2026-06-20)","d19e834794060d18c061d94452c35d725393ea58 (per report text); commit page linked as 11cd58eb92dd8ebd85e018eabb7357ee28fec1c7 (per Sources list — same PR, possibly squash/rebase hash difference)","https://github.com/libexpat/libexpat/pull/1278/files ; https://github.com/libexpat/libexpat/commit/11cd58eb92dd8ebd85e018eabb7357ee28fec1c7","PR #1278","2026-06-20 (opened) / 2026-06-21 (merged, per 'At a Glance' table)","libexpat 2.8.2","case XML_TOK_DATA_CHARS: {
  const XML_Char *dataPtr = (const XML_Char *)parser->m_dataBuf;
  if (charDataHandler) {
    if (MUST_CONVERT(enc, s)) {
      for (;;) {
        const enum XML_Convert_Result convert_res = XmlConvert(enc, &s, next, &dataPtr, (ICHAR *)parser->m_dataBufEnd);
        *eventEndPP = next;
+       beforeHandler(parser);                             /* ADDED */
        charDataHandler(parser->m_handlerArg, parser->m_dataBuf, (int)(dataPtr - (ICHAR *)parser->m_dataBuf));
+       afterHandler(parser);                              /* ADDED */
        if ((convert_res == XML_CONVERT_COMPLETED) || (convert_res == XML_CONVERT_INPUT_INCOMPLETE)) break;
        *eventPP = s;
      }
-   } else
+   } else {
      charDataHandler(parser->m_handlerArg, (const XML_Char *)s, (int)((const XML_Char *)next - (const XML_Char *)s));
+   }
  } else if (parser->m_defaultHandler)
    reportDefault(parser, enc, s, next);
} break;","expat/lib/xmlparse.c, doCdataSection(), ~line 4612 (both XML_TOK_DATA_CHARS call sites); +6/-1 lines total, single file","""doCdataSection() invokes m_characterDataHandler for XML_TOK_DATA_CHARS without beforeHandler()/afterHandler(), leaving m_handlerCallDepth at 0. This allows isCalledFromInsideHandler() to incorrectly return false during handler execution inside a CDATA section, bypassing the CVE-2026-50219 fix (PR #1246) on all five protected functions. Fix wraps both charDataHandler call sites in doCdataSection() with beforeHandler()/afterHandler(), matching the existing pattern in doContent() and XML_TOK_DATA_NEWLINE in the same function."" — hextheshadow. ASan-clean; all 4,800 existing tests pass after fix.","Incomplete manual/grep-based audit scope; inconsistency within the same function (one case wrapped, sibling case not); no exhaustive regression test for the missed code path","Conceptual PoC (handler calling protected API) shown for parent CVE; CDATA-triggered bypass is described mechanistically, no standalone exploit script included in report","Register a CharacterData handler that calls one of the five protected functions (e.g. XML_ParserFree) and trigger it via a CDATA section (<![CDATA[ ... ]]>) rather than ordinary element content, so m_handlerCallDepth remains 0 and the guard is bypassed.","Any application whose registered CharacterData handler can be induced (by application logic or a malicious/buggy caller) to invoke XML_Parse/XML_ParseBuffer/XML_GetBuffer/XML_ParserFree/XML_ParserReset while processing CDATA content re-enters the parser and triggers use-after-free.","libexpat 2.8.1 (has PR #1246 but not PR #1278); all libexpat < 2.8.1 vulnerable to the original CVE-2026-50219 with no handler-depth tracking at all","CVE-2026-56412: hextheshadow. CVE-2026-50219: hartwork / libexpat maintainer.","""this issue exists because of an incomplete fix for CVE-2026-50219"" (NVD signal, per report 'At a Glance' table)","INCOMPLETE FIX (per user definition).","https://nvd.nist.gov/vuln/detail/CVE-2026-56412 ; https://nvd.nist.gov/vuln/detail/CVE-2026-50219 ; https://github.com/libexpat/libexpat/pull/1278/files ; https://github.com/libexpat/libexpat/pull/1278 ; https://github.com/libexpat/libexpat/pull/1246 ; https://github.com/libexpat/libexpat/pull/1267 ; https://github.com/libexpat/libexpat/issues/1276 ; https://security-tracker.debian.org/tracker/CVE-2026-56412 ; https://github.com/libexpat/libexpat/commit/11cd58eb92dd8ebd85e018eabb7357ee28fec1c7","Report also flags PR #1267 as a THIRD, separate incomplete-fix path (XML_ResumeParser also missed by PR #1246) — noted as a related but distinct issue, not detailed further in the source document. Minor internal inconsistency in source doc: complete-fix commit hash given twice with two different values (d19e834794... in body text vs 11cd58eb92... in Sources link) — both preserved here verbatim rather than silently reconciled.","3 (shared lineage w/ CASE-03B)","","","","","","","","","","","","","CASE-03B","","","","","","","incomplete_fixes_all.odt"
"CASE-03B","libexpat — streaming XML parser embedded in Python, Firefox, many Linux system tools (SIBLING incomplete-fix lineage to CASE-03, same original commit/CVE)","C","expat/lib/xmlparse.c","XML_ResumeParser(); beforeHandler(); afterHandler(); isCalledFromInsideHandler(); callProcessor()","CVE-2026-50219","CWE-416 (Use After Free)","4.9 MEDIUM — CVSS:3.1/AV:L/AC:H/PR:N/UI:N/S:U/C:L/I:L/A:L","SAME parent vulnerability/fix as CASE-03: PR #1246 introduced handler-call-depth tracking (m_handlerCallDepth, beforeHandler()/afterHandler(), isCalledFromInsideHandler()) and guarded five public API entry points (XML_GetBuffer, XML_Parse, XML_ParseBuffer, XML_ParserFree, XML_ParserReset) against being called from inside a user handler. See CASE-03 for full original-vulnerability detail.","See CASE-03 for the pre-PR#1246 vulnerable state (no handler-depth tracking at all).","Not individually specified; delivered via PR #1246 merge","https://github.com/libexpat/libexpat/pull/1246","PR #1246 — ""[CVE-2026-50219] Introduce handler call depth tracking""","2026-06-04 (merged)","libexpat 2.8.1","hartwork (author)","See CASE-03 for the beforeHandler()/afterHandler()/isCalledFromInsideHandler() mechanism and the guards added to the five protected functions. PR #1246 wrapped handler call sites in doContent() (this case's gap) AND separately left XML_ResumeParser() itself completely unguarded (this row's gap) — a second, independent omission from the same PR.","expat/lib/xmlparse.c — XML_ParserStruct definition; handler call sites in doContent(); the five explicitly-guarded API functions (XML_ResumeParser was NOT among them)","Introduces m_handlerCallDepth counter with beforeHandler()/afterHandler() bracketing; guards added to XML_GetBuffer, XML_Parse, XML_ParseBuffer, XML_ParserFree, XML_ParserReset — but NOT to XML_ResumeParser, which drives the parser through callProcessor() in the same reentrant-dangerous way as XML_Parse.","CVE-2026-56131","CWE-416 (Use After Free)","4.9 MEDIUM — CVSS:3.1/AV:L/AC:H/PR:N/UI:N/S:U/C:L/I:L/A:L","""libexpat before 2.8.2 lacks handler call depth tracking for calls to XML_ResumeParser from within handlers in cases of a policy violation. Thus, a use-after-free can occur (similar to the CVE-2026-50219 situation)."" -- MITRE/NVD description. A SECOND, independent gap in PR #1246, distinct from the doCdataSection() gap covered in CASE-03/CVE-2026-56412 -- both stem from the same original PR #1246 but were discovered and fixed by different people/PRs.","XML_ResumeParser() drives the parser through callProcessor() just like XML_Parse() does, re-entering parsing logic. A handler can legally call XML_StopParser(parser, XML_TRUE) to suspend parsing (this is an allowed/documented handler action), and then a subsequent call to XML_ResumeParser(parser) re-enters the parser while the outer parse frame is still live on the call stack -- the same memory-corruption path the other five guards were built to close. PR #1246's audit covered the five explicitly-named 'dangerous' functions but did not recognize XML_ResumeParser() as sharing the same reentrancy risk, since it is reached via a legitimate suspend/resume workflow rather than a direct nested call.","/* XML_ResumeParser() after PR #1246 -- NO isCalledFromInsideHandler() guard, unlike its four siblings */
XML_Status XMLCALL
XML_ResumeParser(XML_Parser parser) {
  /* NO guard here, unlike XML_ParserFree/XML_Parse/XML_ParseBuffer/XML_GetBuffer/XML_ParserReset */
  return callProcessor(parser, ...);  /* re-enters parsing loop even if called from inside a handler */
}

/* Exploit pattern: */
/* 1. A handler calls XML_StopParser(parser, XML_TRUE) -- suspends parsing (documented as legal from within a handler) */
/* 2. The SAME or a nested context then calls XML_ResumeParser(parser) while still notionally inside handler execution */
/* 3. m_handlerCallDepth is never checked -- parser re-enters, same class of use-after-free as the original CVE-2026-50219 */","netliomax25-code (GitHub username; author of PR #1267)","PR #1267 opened and merged around June 2026; CVE-2026-56131 reserved 2026-06-19, published 2026-06-19","~15 days (PR #1246 merged 2026-06-04 -> CVE-2026-56131 published 2026-06-19); essentially concurrent with the sibling CVE-2026-56412/PR #1278 fix","Not individually given by hash in available sources; delivered via PR #1267 merge","https://github.com/libexpat/libexpat/pull/1267","PR #1267 -- ""[CVE-REQUESTED] lib: Protect XML_ResumeParser from being called from a handler""","~June 2026 (fixed alongside CVE-2026-56412 in the 2.8.2 release cycle)","libexpat 2.8.2","/* PR #1267 -- adds the same isCalledFromInsideHandler() check used by the other five functions, */
/* at the top of XML_ResumeParser(), matching the pattern already used in XML_ParseBuffer(): */
XML_Status XMLCALL
XML_ResumeParser(XML_Parser parser) {
+ if (isCalledFromInsideHandler(parser)) {
+   parser->m_errorCode = XML_ERROR_INVALID_ARGUMENT;
+   return XML_STATUS_ERROR;
+ }
  return callProcessor(parser, ...);
}","expat/lib/xmlparse.c, XML_ResumeParser(), top of function body","""The handler-reentrancy guards from CVE-2026-50219 (PR #1246) added the isCalledFromInsideHandler check to XML_Parse, XML_ParseBuffer, XML_GetBuffer, XML_ParserFree and XML_ParserReset, but XML_ResumeParser was left out. XML_ResumeParser drives the parser through callProcessor just like XML_Parse, so a handler that first suspends with XML_StopParser(parser, XML_TRUE) (which is allowed from handlers) and then calls XML_ResumeParser(parser) re-enters the parser while the outer parse is still on the stack, the same memory-corruption path the other guards close. Added the same isCalledFromInsideHandler check at the top of XML_ResumeParser, matching XML_ParseBuffer. Validation: a regression test suspends from a character data handler and asserts the in-handler resume is rejected."" -- netliomax25-code, PR #1267 description","Incomplete enumeration of 'dangerous' API functions during the original audit -- XML_ResumeParser() shares the exact reentrancy mechanism (callProcessor) as XML_Parse() but was reached via a less obvious suspend/resume workflow (XML_StopParser then XML_ResumeParser) rather than a direct nested call, so it was omitted from the original list of five guarded functions","Yes -- regression test added in PR #1267: a character-data handler suspends the parser via XML_StopParser(parser, XML_TRUE), then the harness calls XML_ResumeParser(parser) from within/immediately after the handler context and asserts the in-handler resume is rejected","Register a handler that calls XML_StopParser(parser, XML_TRUE) to suspend parsing, then trigger XML_ResumeParser(parser) while still effectively inside the handler's call context -- re-enters the parser and its internal state while the outer parse frame is live, producing the same use-after-free class as the original CVE-2026-50219 PoC pattern.","Any application whose handler logic suspends parsing via XML_StopParser(XML_TRUE) and later resumes it via XML_ResumeParser() from a context effectively nested within the original handler invocation triggers parser re-entrancy and potential use-after-free, exactly analogous to the CVE-2026-50219 handler-reentrancy class but via the resume API rather than the five originally-guarded functions.","libexpat before 2.8.2 (i.e., all versions including 2.8.1, which has PR #1246 but not PR #1267)","CVE-2026-56131: netliomax25-code (GitHub contributor, PR #1267 author). Reviewed/confirmed by libexpat maintainer(s) in PR discussion.","NVD/MITRE: ""libexpat before 2.8.2 lacks handler call depth tracking for calls to XML_ResumeParser from within handlers in cases of a policy violation. Thus, a use-after-free can occur (similar to the CVE-2026-50219 situation)."" libexpat Changes file: ""CVE-2026-56131 -- Protect XML_ResumeParser from being called from a handler, plugging a hole in the fix to CVE-2026-50219.""","INCOMPLETE FIX (per user definition) -- a SECOND, independent incomplete-fix bypass of the same PR #1246, sibling to CASE-03 (CVE-2026-56412 / doCdataSection gap). This row was added after review because the source report only listed CVE-2026-56131/PR #1267 as a bare source-list link (""XML_ResumeParser also missed by PR #1246 (separate incomplete fix)"") without elaborating on it in the body text of the report, so it was initially omitted from the structured data. Web search confirmed it is a real, distinct, published CVE.","https://github.com/libexpat/libexpat/pull/1267 ; https://github.com/libexpat/libexpat/pull/1246 ; https://github.com/libexpat/libexpat/blob/master/expat/Changes ; https://cve.threatint.eu/CVE/CVE-2026-56131 ; https://bitninja.com/blog/expat-xml-parser-vulnerability-protect-your-server/ ; https://tracker.debian.org/pkg/expat ; https://nvd.nist.gov/vuln/detail/CVE-2026-56131 (not independently fetched, constructed from CVE ID pattern used elsewhere in this dataset)","This row exists because the original source .odt report under-documented this lineage -- it only surfaced CVE-2026-56131/PR #1267 as one bare bullet in the Sources list for CASE-03 and never described the vulnerability, PoC, or fix in its own body text (unlike CVE-2026-56412, which got a full section). All technical detail in this row comes from supplemental web search (GitHub PR #1267, libexpat Changes file, ThreatIntel CVE mirror), NOT from the uploaded document. Confirms that at least one of the 10 original cases actually branches into TWO sibling incomplete-fix CVEs from the same parent fix, rather than a strict linear original->complete pair -- worth re-scanning the other 9 cases' cited-but-unexplored source links for similar under-reported siblings if completeness is critical.","3 (shared lineage w/ CASE-03B)","","","","","","","","","","","","","CASE-03","","","","","","","incomplete_fixes_all.odt"
"CASE-04","libsndfile — cross-platform C audio file library (embedded in Linux distros, Python soundfile/pysndfile, GStreamer, Audacity, etc.)","C","src/ima_adpcm.c","ima_reader_init(); ima_close()","CVE-2022-33065","CWE-190 (Integer Overflow or Wraparound) [batch of signed integer overflow bugs across src/au.c, src/mat4.c, src/ima_adpcm.c]","Not specified per-file in report (batch CVE)","UBSAN fuzzing (GitHub issue #833, May 2022) found multiple signed 32-bit integer overflow bugs. In ima_adpcm.c, AIFF path: psf->sf.frames = pima->samplesperblock * pima->blocks / pima->channels — int*int overflow when product > 2^31-1.","// src/ima_adpcm.c -- BEFORE CVE-2022-33065 patch, AIFF path (line 241, original numbering):
psf->sf.frames = pima->samplesperblock * pima->blocks / pima->channels ;
// int x int -> int overflow when product > 2^31-1 (2,147,483,647)","9a829113c88a51e57c1e46473e90609e4b7df151","Referenced in report as commit 9a829113 to libsndfile master (exact host/org URL not given in source doc; libsndfile is hosted at github.com/libsndfile/libsndfile)","Sub-patch within a 17-sub-patch series authored by Alex Stewart, committed by evpobr, Oct 19, 2023","October 2023 (patched; Oct 19 2023 patch series opened)","Committed to master pre-1.2.2 line (backported by distros Nov 2023)","Author: Alex Stewart; Committer: evpobr","@@ -238,7 +238,7 @@ ima_reader_init (SF_PRIVATE *psf, int blockalign, int samplesperblock)
 case SF_FORMAT_AIFF :
   psf_log_printf (psf, ""still need to check block count\n"") ;
   pima->decode_block = aiff_ima_decode_block ;
-  psf->sf.frames = pima->samplesperblock * pima->blocks / pima->channels ;
+  psf->sf.frames = (sf_count_t) pima->samplesperblock * pima->blocks / pima->channels ;
   break ;
(2 other changes in same commit were whitespace-only, for a pre-commit hook; 3 additions/3 deletions total)","src/ima_adpcm.c, AIFF case arm, line 241 (original numbering); commit touches 3 lines total","""ima_adpcm: fix int overflow in ima_reader_init() -- When calculating sf.frames, pre-cast samplesperblock to sf_count_t, to provide the calculation with enough numeric space to avoid overflows."" (only applied to the AIFF switch-case arm)","CVE-2026-37555","CWE-190 (Integer Overflow or Wraparound)","CISA-ADP: 7.5 HIGH (AV:N/AC:L/PR:N/UI:N/S:U/C:N/I:N/A:H); Reporter (Innora): 5.5 MEDIUM (AV:L/AC:L/PR:N/UI:R/S:U/C:N/I:N/A:H); SUSE also lists 8.2 CVSS4 / 7.5 CVSS3.1","The AIFF code path (line 241) was fixed with an (sf_count_t) cast during CVE-2022-33065, but the structurally identical WAV/W64 reader path (line 235) and the write-close path in ima_close() (line 167) were left uncast — same overflow exploitable via a crafted WAV/W64 file, corrupting psf->sf.frames with a negative or wrapped value. ""This issue was discovered after an incomplete fix for CVE-2022-33065."" (NVD/SUSE description).","CVE-2022-33065 fix was driven by UBSAN output that specifically flagged the AIFF branch (likely the path exercised by the fuzzer's test corpus). The developer fixed the flagged line without auditing the security invariant ('every samplesperblock x (blocks|blockcount) multiplication needs a widening cast') across all switch-case arms and all functions in the file. WAV/AIFF cases sit only 7 lines apart in the same switch block.","// Case 1 -- WAV/W64 path (line 235 in libsndfile 1.2.2), still vulnerable after CVE-2022-33065:
case SF_FORMAT_WAV :
case SF_FORMAT_W64 :
  psf->sf.frames = pima->samplesperblock * pima->blocks ;
  // int x int -- NO CAST -- STILL VULNERABLE

// Case 2 -- AIFF path (line 241), PATCHED by CVE-2022-33065:
case SF_FORMAT_AIFF :
  psf->sf.frames = (sf_count_t) pima->samplesperblock * pima->blocks / pima->channels ; // SAFE

// ima_close() at line 167 (write-close path), also still vulnerable:
psf->sf.frames = pima->samplesperblock * pima->blockcount / psf->sf.channels ;
// int x int -- NO CAST -- STILL VULNERABLE","Feng Ning, Innora Security Research (feng@innora.ai)","Identified/reported 2026-04-02; CVE reserved 2026-04-06; NVD published 2026-04-29","~2.5 years (Oct 2023 fix -> Apr 2026 report)","Report states 'Patch Commit 9a829113c88a51e57c1e46473e90609e4b7df151, Committed to master; no new release tag yet as of NVD publication' -- but this is the SAME hash as the original 2023 AIFF-only fix (see misc_notes). Supplemental research located distro backport commits: AlmaLinux df4cea1b204969463b508da067cf0855ab6f64d6 and 98125d62e45599e3f69c89a48ae93ff066c56850 (""apply patch for CVE-2026-37555"")","https://git.almalinux.org/rpms/libsndfile/commit/df4cea1b204969463b508da067cf0855ab6f64d6 ; https://git.almalinux.org/rpms/libsndfile/commit/98125d62e45599e3f69c89a48ae93ff066c56850","Required extension documented by reporter; distro packages (SUSE SUSE-SU-2026:1968-1 / 1969-1, bsc#1263695) shipped fixes May 18 2026","Patch required/documented by Apr 2026; distro security updates (SUSE) released 2026-05-18","Fix required for libsndfile <= 1.2.2 (post-1.2.2 patched builds via distro backports; no confirmed new upstream libsndfile release version found)","// Line 235 -- WAV/W64 reader path (ima_reader_init):
- psf->sf.frames = pima->samplesperblock * pima->blocks ;
+ psf->sf.frames = (sf_count_t) pima->samplesperblock * pima->blocks ;

// Line 167 -- write-close path (ima_close):
- psf->sf.frames = pima->samplesperblock * pima->blockcount / psf->sf.channels ;
+ psf->sf.frames = (sf_count_t) pima->samplesperblock * pima->blockcount / psf->sf.channels ;
// Both identical in structure to the working CVE-2022-33065 AIFF patch: pre-cast the first operand to sf_count_t before the int x int product is computed.","src/ima_adpcm.c, line 235 (ima_reader_init, WAV/W64 case) and line 167 (ima_close, write-close path)","Extend the (sf_count_t) pre-cast pattern already used for the AIFF path to the WAV/W64 reader path and the ima_close() write-finalization path — no other changes required.","Point-fix without invariant audit; UBSAN/fuzzer coverage gap (corpus exercised AIFF branch only); no regression test for the vulnerability class across all format types; minimal-diff mentality (fix touched exactly 1 security-relevant line)","Yes — Python 3 PoC script in Innora advisory","import struct
def make_wav_ima(samplesperblock, blocks):
    channels = 1
    blockalign = (samplesperblock - 1) // 2 + 4
    fmt = struct.pack('<HHIIHHHH', 0x0011, channels, 8000, 8000*blockalign, blockalign, 4, 2, samplesperblock)
    data_size = blockalign * blocks
    wav = (b'RIFF' + struct.pack('<I', 36+len(fmt)+8+data_size) + b'WAVEfmt ' + struct.pack('<I', len(fmt)) + fmt + b'data' + struct.pack('<I', data_size) + b'\x00'*data_size)
    return wav
with open('overflow.wav','wb') as f:
    f.write(make_wav_ima(50000, 50000))
# Trigger: sndfile-info overflow.wav
#          python3 -c ""import soundfile; soundfile.info('overflow.wav')""

Exact arithmetic: samplesperblock=50000 (0xC350), blocks=50000 (0xC350); int product = 50000*50000 = 2,500,000,000 (exceeds INT_MAX 2,147,483,647) -> wraps to -1,794,967,296 (UB in C); psf->sf.frames = (sf_count_t)(-1,794,967,296).","Open a crafted WAV/W64 file (or trigger via ima_close on write-finalize) with samplesperblock and blocks header fields chosen so their product overflows int32; resulting negative/garbage frame count can cause: (a) malloc() size_t wrap -> allocation failure/OOM kill; (b) for(i=0;i<frames;i++) loop terminating immediately -> silent data loss; (c) in some callers, use without sign-check -> heap buffer overflow.","libsndfile <= 1.2.2 (latest release at time of report)","CVE-2022-33065: reported via GitHub issue #833 (UBSAN fuzzing, May 2022), patched by Alex Stewart/evpobr. CVE-2026-37555: Feng Ning, Innora Security Research.","SUSE CVE page: ""This issue was discovered after an incomplete fix for CVE-2022-33065.""","INCOMPLETE FIX (per user definition).","https://nvd.nist.gov/vuln/detail/CVE-2026-37555 ; https://nvd.nist.gov/vuln/detail/CVE-2022-33065 ; https://gist.github.com/sgInnora/a5f5c19e4bf6f4fb74fab7b0ef2bfcc1 ; https://www.suse.com/security/cve/CVE-2026-37555.html ; https://www.suse.com/support/update/announcement/2026/suse-su-20261969-1/ ; https://lists.suse.com/pipermail/sle-updates/2026-May/046556.html ; https://git.almalinux.org/rpms/libsndfile/commit/df4cea1b204969463b508da067cf0855ab6f64d6 ; https://git.almalinux.org/rpms/libsndfile/commit/98125d62e45599e3f69c89a48ae93ff066c56850 ; https://github.com/libsndfile/libsndfile/blob/master/src/ima_adpcm.c","Source report is internally inconsistent/ambiguous about the 'complete fix' commit for CVE-2026-37555: its Vulnerability Metadata table lists 'Patch Commit 9a829113c88a51e57c1e46473e90609e4b7df151 / Patch Status: Committed to master; no new release tag yet' -- but 9a829113 is explicitly, elsewhere in the SAME report, identified as the October 2023 commit that fixed ONLY the AIFF path (the original, incomplete fix). No section of the report shows a distinct new commit hash actually applying the WAV/W64 + ima_close cast. This looks like an authoring error/placeholder in the source document rather than a real second commit. Supplemental web search located likely real downstream fix commits (AlmaLinux df4cea1b / 98125d62) which are provided here as the best available evidence of an actual applied patch, but these could not be independently confirmed against an upstream libsndfile commit in the time available. This discrepancy should be verified against the live libsndfile git history before being treated as authoritative. This report also lacked its own 'Sources' section (unlike other cases in the file); all listed source URLs for this case were obtained via supplemental web search.","2","","","","","","","","","","","","","","","","","","","","incomplete_fixes_all.odt"
"CASE-05","X.Org X Server (xserver) and Xwayland — XKB (X Keyboard Extension)","C","xkb/xkbtypes.c ; xkb/xkb.c","XkbChangeTypesOfKey(); CheckKeyTypes(); _XkbResizeKeySyms(); _XkbResizeKeyActions()","CVE-2025-26597","Buffer overflow (stack), reported as HIGH severity","Not separately given for original CVE in report (re-fix CVSS 7.8 HIGH given for combined event)","XkbChangeTypesOfKey() in xkb/xkbtypes.c: if called with nGroups==0, resized the key_sym_map table to 0 but left key_acts (key actions) unchanged/unresized. A subsequent call with nGroups>0 then overflowed because key_acts was still sized for the old (larger or mismatched) nGroups value. key_sym_map and key_acts are both sized XkbMaxShiftLevel * XkbNumKbdGroups and must be resized together or they fall out of sync.","if (nGroups == 0) {
  _XkbResizeKeySyms(xkb, key, 0);    /* resizes key_sym_map to 0 */
  /* BUG: key_acts NOT resized here -- left at old size */
  return Success;
}
/* Later call with nGroups > 0: */
/* key_acts still sized for old nGroups -> write past end of array */
_XkbResizeKeyActions(xkb, key, nGroups);  /* overflow */","Not given in report (only re-fix commit hash 543e108... is provided)","Not given in report","xorg-server < 21.1.16 fix","February 2025","xorg-server 21.1.16 / Xwayland 24.1.x","Not specified","if (nGroups == 0) {
    _XkbResizeKeySyms(xkb, key, 0);
+   _XkbResizeKeyActions(xkb, key, 0);  /* ADDED: resize both together */
    return Success;
}","xkb/xkbtypes.c, XkbChangeTypesOfKey(), nGroups==0 branch","Adds resizing of key_acts alongside key_sym_map when nGroups==0, so both arrays stay in sync for the demonstrated overflow condition.","CVE-2026-50258","Stack buffer overflow (three separate stack buffers)","7.8 HIGH (AV:L/AC:L/PR:L/UI:N/S:U/C:H/I:H/A:H)","Stack overflow via CheckKeyTypes() in xkb/xkb.c processing excessive shift levels. The nGroups==0 fix in XkbChangeTypesOfKey() addressed the demonstrated case, but the upstream validator CheckKeyTypes() (which processes client-supplied key type requests BEFORE they reach XkbChangeTypesOfKey()) never validated that client-supplied numLevels values stayed within XkbMaxShiftLevel — allowing three separate stack buffer overflows in the same function.","The 2025 fix was function-scoped to XkbChangeTypesOfKey() where the overflow was demonstrated; it did not audit the caller chain. CheckKeyTypes() is called upstream to validate/normalise client requests and contains the SAME overflow primitive (client-controlled size used as index into fixed-size stack buffers) but was never bounds-checked. A client sends an XKB SetMap request with a key type whose numLevels exceeds XkbMaxShiftLevel; CheckKeyTypes() accepts it without clamping and uses it as an index into three fixed-size stack arrays.","static int CheckKeyTypes(ClientPtr client, XkbDescPtr xkb, xkbSetMapReq *req, xkbKeyTypeWireDesc **wireRtrn) {
  KeySym    newSyms[XkbMaxShiftLevel * XkbNumKbdGroups];  /* stack */
  XkbAction newActs[XkbMaxShiftLevel * XkbNumKbdGroups];  /* stack */
  XkbModsRec preserve[XkbMaxShiftLevel * XkbNumKbdGroups]; /* stack */
  for (i = 0; i < req->nTypes; i++) {
    wire = *wireRtrn;
    /* BUG: wire->numLevels is client-controlled, never clamped */
    for (j = 0; j < wire->numLevels; j++) {
      newSyms[j] = ...;    /* OVERFLOW if j >= XkbMaxShiftLevel */
      newActs[j] = ...;    /* OVERFLOW */
      preserve[j] = ...;   /* OVERFLOW -- THREE separate overflows */
    }
  }
}","Anonymous, working with TrendAI Zero Day Initiative (ZDI-CAN-30160)","Disclosed via X.Org Security Advisory, June 2026 (oss-security thread 2026-06-02)","~16 months (Feb 2025 fix -> Jun 2026 disclosure)","543e108516428fc8c3bea91d6563ad266f9a801e","https://gitlab.freedesktop.org/xorg/xserver/-/commit/543e108516428fc8c3bea91d6563ad266f9a801e","Commit 543e108, part of the June 2026 X.Org security advisory (also fixes sibling CVE-2026-50259, a separate mapWidths[256] overflow in _XkbSetMapChecks() from the same root commit)","June 5, 2026","xorg-server 21.1.23 / Xwayland 24.1.12","+ /* Re-fix: clamp numLevels to XkbMaxShiftLevel before any writes */
+ if (wire->numLevels > XkbMaxShiftLevel)
+     wire->numLevels = XkbMaxShiftLevel;
  for (j = 0; j < wire->numLevels; j++) {
    newSyms[j] = ...;    /* safe: j < XkbMaxShiftLevel guaranteed */
    newActs[j] = ...;    /* safe */
    preserve[j] = ...;   /* safe */
  }","xkb/xkb.c, CheckKeyTypes(), before the numLevels-indexed write loop","Clamps client-supplied wire->numLevels to XkbMaxShiftLevel before it is used as an index into the three stack buffers (newSyms, newActs, preserve). Distro patches shipped via Red Hat RHSA-2026:26562 through RHSA-2026:29844 (RHEL 8, 9, 10).","Fix scoped to the function where the crash was demonstrated rather than tracing all callers/paths that share the same missing-bounds-validation invariant; audit stopped at the crash site instead of the upstream validator","Not an explicit standalone PoC script in report; advisory states a client can change key types to excessive shift levels to trigger the three overflows","XKB SetMap request with a key type whose numLevels field is set larger than XkbMaxShiftLevel, sent by any connected X client to CheckKeyTypes().","A local or otherwise-connected X client sends a crafted XKB SetMap request with an oversized numLevels value; CheckKeyTypes() writes past three stack buffers (newSyms, newActs, preserve) before any bounds check, enabling local privilege escalation / memory corruption in the X server process (CVSS AV:L, PR:L).","All xorg-server / Xwayland versions carrying the CVE-2025-26597 fix but not commit 543e108 (i.e., xorg-server < 21.1.23 / Xwayland < 24.1.12)","CVE-2025-26597: Jan-Niklas Sohn (Trend Micro Zero Day Initiative). CVE-2026-50258: Anonymous researcher w/ TrendAI Zero Day Initiative (ZDI-CAN-30160).","""This is caused by an incomplete fix of CVE-2025-26597"" (NVD signal phrase per report)","Source document itself labels this case's category as ""Reintro type"" / ""Incomplete Fix Reintroduction"" in its own header table, BUT per the user's task definitions (reintroduction = a fix's security logic later weakened/removed; this case is instead a fix that was too narrow in scope from the start and never covered the sibling path) this case matches INCOMPLETE FIX, not reintroduction — no prior protection was removed/weakened by a later commit; CheckKeyTypes() was simply never protected in the first place. Retained document's own label in this field for transparency but the user's classification framework should treat this as an incomplete fix.","https://nvd.nist.gov/vuln/detail/CVE-2026-50258 ; https://nvd.nist.gov/vuln/detail/CVE-2025-26597 ; https://lists.x.org/archives/xorg-announce/2026-June/003702.html ; https://gitlab.freedesktop.org/xorg/xserver/-/commit/543e108516428fc8c3bea91d6563ad266f9a801e ; https://www.openwall.com/lists/oss-security/2026/06/02/1 ; https://access.redhat.com/security/cve/CVE-2026-50258 ; http://ftp.pkgsrc.org/pub/NetBSD/NetBSD-current/xsrc/external/mit/xorg-server/dist/ChangeLog","Original-fix commit hash for CVE-2025-26597 (Feb 2025, xorg-server 21.1.16) was NOT given anywhere in the source report and could not be located/verified within the scope of this extraction; flagged as a genuine gap rather than fabricated.","2","","","","","","","","","","","","","","CVE-2026-50259 — a separate mapWidths[256] stack buffer overflow in _XkbSetMapChecks(), fixed by the same June 2026 X.Org advisory / same root commit window as the CVE-2026-50258 re-fix, but a distinct bug/CVE, not part of the CVE-2025-26597 -> CVE-2026-50258 two-step lineage itself.","","","","","","incomplete_fixes_all.odt"
"CASE-06","Canonical Multipass (macOS) — VM management tool, root LaunchDaemon","Shell/installer scripting (pkg post-install), plist configuration (not a C source-code CWE case)","macOS pkg post-install script; /Library/Application Support/com.canonical.multipass/bin/ ; com.canonical.multipassd.plist","N/A (binary permission / PATH resolution issue, not a function-level bug)","CVE-2025-5199","CWE-276 (Incorrect Default Permissions)","7.8 HIGH (AV:L/AC:L/PR:L/UI:N/S:U/C:H/I:H/A:H) -- Canonical CNA (rating applies to combined event per report header; original advisory GHSA-2j82-p5cq-62p3)","During Multipass installation on macOS <=1.15.1, ALL binaries in /Library/Application Support/com.canonical.multipass/bin/ (multipassd, multipass, qemu-img, qemu-system-aarch64, qemu-system-x86_64, sshfs_server) were installed owned by the installing (non-root) user rather than root. Any local user who installed Multipass could overwrite multipassd; since it runs as a root LaunchDaemon at boot, this yields root code execution on next restart.","# CVE-2025-5199 -- permissions BEFORE fix (Multipass <=1.15.1)
$ ls -la '/Library/Application Support/com.canonical.multipass/bin/'
-rwxr-xr-x 1 installinguser admin multipassd          <- WRITABLE by installer
-rwxr-xr-x 1 installinguser admin multipass           <- WRITABLE
-rwxr-xr-x 1 installinguser admin qemu-img            <- WRITABLE
-rwxr-xr-x 1 installinguser admin qemu-system-aarch64  <- WRITABLE
-rwxr-xr-x 1 installinguser admin qemu-system-x86_64   <- WRITABLE
-rwxr-xr-x 1 installinguser admin sshfs_server         <- WRITABLE

# PoC (GHSA-2j82-p5cq-62p3):
cp /usr/bin/evil_script '/Library/Application Support/com.canonical.multipass/bin/multipassd'
$ sudo reboot
# after reboot, LaunchDaemon runs payload as root","Not given (closed-source/installer-script fix; no public commit hash provided in report)","Not given","Installer post-install script change","July 2025","1.16.0","Not specified","# Multipass 1.16.0 -- post-install script excerpt (fix for CVE-2025-5199):
chown root:wheel '/Library/Application Support/com.canonical.multipass/bin/multipassd'
# Result: multipassd becomes root:wheel; all 5 auxiliary binaries remain installinguser:admin","macOS pkg post-install script (path not further specified in report)","chown root:wheel applied to the multipassd binary only.","CVE-2026-49237","CWE-276 (Incorrect Default Permissions)","7.8 HIGH (AV:L/AC:L/PR:L/UI:N/S:U/C:H/I:H/A:H) -- Canonical CNA","Same privilege escalation via five auxiliary binaries (qemu-img, qemu-system-aarch64, qemu-system-x86_64, sshfs_server, multipass) left user-writable in the same directory. multipassd's LaunchDaemon PATH prioritises the user-writable bin/ directory; multipassd invokes these auxiliaries by bare name, so PATH resolution picks up the attacker-controlled directory first.","The 2025 fix was binary-scoped: it secured only the one binary directly targeted by the original PoC (multipassd). The root cause -- a user-writable directory placed first in a root daemon's PATH -- applied equally to every binary in that directory. multipassd invokes qemu-img/qemu-system-*/sshfs_server/multipass by bare name (not full path), so PATH resolution order determines which file actually executes; any writable file among the five auxiliaries is an equivalent attack surface, but only the directly-named target of the original exploit was fixed.","<!-- com.canonical.multipassd.plist -->
<key>EnvironmentVariables</key>
<dict>
  <key>PATH</key>
  <!-- User-writable directory FIRST in PATH: -->
  <string>/Library/Application Support/com.canonical.multipass/bin:/usr/bin:/bin</string>
</dict>
<key>ProgramArguments</key>
<array>
  <string>/Library/Application Support/com.canonical.multipass/bin/multipassd</string>
  <!-- multipassd then calls qemu-img, qemu-system-*, sshfs_server by bare name -> resolved via PATH above -> user-writable dir -->
</array>

# PoC (CVE-2026-49237):
cat > '/Library/Application Support/com.canonical.multipass/bin/qemu-img' << 'EOF'
#!/bin/bash
cp /bin/bash /tmp/rootbash
chmod +s /tmp/rootbash      # SUID root shell
exec /usr/bin/qemu-img ""$@"" # forward to real binary (stay stealthy)
EOF
chmod +x '.../bin/qemu-img'
multipass launch              # daemon creates VM -> calls qemu-img as root
/tmp/rootbash -p              # privilege escalation complete","Not individually named in report (credited to GHSA-r2xg-x32f-23c5 advisory)","2026 (advisory GHSA-r2xg-x32f-23c5; exact date not given in report)","Not precisely dated in report (v1.16.0 Jul 2025 -> v1.16.3 re-fix '2026')","Not given (closed-source/installer-script fix; no public commit hash provided in report)","Not given","Installer post-install script change, v1.16.3","2026 (exact date not specified beyond version)","1.16.3","# Multipass 1.16.3 -- post-install script (re-fix for CVE-2026-49237)
BINDIR='/Library/Application Support/com.canonical.multipass/bin'
chown root:wheel ""$BINDIR/multipassd""
chown root:wheel ""$BINDIR/multipass""
chown root:wheel ""$BINDIR/qemu-img""
chown root:wheel ""$BINDIR/qemu-system-aarch64""
chown root:wheel ""$BINDIR/qemu-system-x86_64""
chown root:wheel ""$BINDIR/sshfs_server""","macOS pkg post-install script (path not further specified)","Extends ownership correction (chown root:wheel) to all six binaries in bin/, not just multipassd.","Fix audited/secured only the one binary directly demonstrated in the PoC (multipassd) rather than the entire trust chain reachable from the root daemon's execution context (PATH + every bare-name-invoked auxiliary)","Yes, both original and incomplete-fix PoCs given in report (see snippet columns)","See vulnerable_code_snippet_after_original_fix and original_vulnerable_code_snippet columns.","Any local user who installed Multipass (or has write access to the bin/ directory) replaces one of the five still-user-writable auxiliary binaries with a malicious wrapper; when multipassd (running as root via LaunchDaemon) next invokes that tool by bare name during normal operation (e.g. `multipass launch`), the wrapper executes as root, e.g. minting a SUID root shell.","v1.16.0-1.16.2 (all platforms with the CVE-2025-5199 fix but not the CVE-2026-49237 re-fix)","CVE-2025-5199: isaacatmann (GHSA-2j82-p5cq-62p3). CVE-2026-49237: credited to GHSA-r2xg-x32f-23c5 advisory (specific researcher not named in report).","""due to an incomplete fix for CVE-2025-5199"" (NVD signal phrase per report)","Source document itself labels this case ""Reintro type"" / ""Incomplete Fix Reintroduction"" in its own header table, but per the user's task definitions this is an INCOMPLETE FIX, not a reintroduction -- the 2025 fix was simply too narrow in scope (one binary) and no prior protection was later removed/weakened.","https://nvd.nist.gov/vuln/detail/CVE-2026-49237 ; https://nvd.nist.gov/vuln/detail/CVE-2025-5199 ; https://github.com/canonical/multipass/security/advisories/GHSA-2j82-p5cq-62p3 ; https://github.com/canonical/multipass/security/advisories/GHSA-r2xg-x32f-23c5 ; https://github.com/canonical/multipass","No commit hashes were available anywhere in the source report for either the original or the re-fix in this case (Multipass installer changes are not necessarily tracked as discrete public commits in the same way as the other cases); this gap is noted rather than fabricated. This is the only case in the set that is not a C source-code memory-safety bug -- it is a permissions/installer misconfiguration (CWE-276).","2","","","","","","","","","","","","","","","","","","","","incomplete_fixes_all.odt"
"CASE-07","GStreamer gst-plugins-good — WAV demuxer (used by GNOME Videos/Totem, PipeWire, Firefox-on-Linux media backend, embedded/IoT Linux, streaming servers)","C","gst/wavparse/gstwavparse.c","gst_wavparse_adtl_chunk(); gst_wavparse_stream_headers()","CVE-2024-47778 (GHSL-2024-258)","CWE-125 (Out-of-Bounds Read)","Not separately given (see incomplete-fix CVE for CVSS of the class)","Two root causes in the adtl (associated data list) LIST-chunk sub-chunk walker: (1) integer underflow in gst_wavparse_stream_headers() -- 'const gint data_size = size - 4' can go negative if size<4 (gint is signed 32-bit), appearing huge when cast to guint32; (2) unvalidated size -- the adtl chunk's 'size' field is read directly from the file (GST_READ_UINT32_LE) with no check against the actual remaining buffer, so size=0xFFFFFFFF passes no validation and the while-loop marches through all of process memory.","static gboolean gst_wavparse_adtl_chunk (GstWavParse * wav, const guint8 * data, guint32 size) {
  guint32 ltag, lsize, offset = 0;
  while (size >= 8) {
    ltag  = GST_READ_UINT32_LE (data + offset);
    lsize = GST_READ_UINT32_LE (data + offset + 4);
    /* NO CHECK: is lsize <= size - 8 ? */
    switch (ltag) {
      case GST_RIFF_TAG_labl: gst_wavparse_labl_chunk (wav, data+offset+8, lsize); break;
      case GST_RIFF_TAG_note: gst_wavparse_note_chunk (wav, data+offset+8, lsize); break;
    }
    offset += 8 + GST_ROUND_UP_2 (lsize);
    size   -= 8 + GST_ROUND_UP_2 (lsize);
  }
}
/* crafted lsize=0xFFFFFFF8 -> offset += 8+0xFFFFFFF8 wraps to 0 on 32-bit guint32 arithmetic; loop condition may stay true indefinitely */","13b48016b3ef1e822c393c2871b0a561ce19ecb3","https://gitlab.freedesktop.org/gstreamer/gstreamer/-/commit/13b48016b3ef1e822c393c2871b0a561ce19ecb3","Merge request !8042 (one of ~46 patches in this MR, part of a larger batch GHSL-2024-245 through GHSL-2024-268 covering 14+ files)","2024-12-03","GStreamer 1.24.10","Not individually named (GStreamer security team)","--- gst/wavparse/gstwavparse.c (before fix)
+++ gst/wavparse/gstwavparse.c (after commit 13b48016)
@@ -924,6 +924,9 @@ gst_wavparse_adtl_chunk (GstWavParse * wav, ...)
   while (size >= 8) {
     ltag  = GST_READ_UINT32_LE (data + offset);
     lsize = GST_READ_UINT32_LE (data + offset + 4);
+    if (lsize + 8 > size)        /* NEW: stop if sub-chunk exceeds buffer */
+      break;
     switch (ltag) { ... }
     offset += 8 + GST_ROUND_UP_2 (lsize);  /* uses ROUNDED value */
     size   -= 8 + GST_ROUND_UP_2 (lsize);  /* uses ROUNDED value */
  }","gst/wavparse/gstwavparse.c, gst_wavparse_adtl_chunk(), inside while(size>=8) loop, ~line 924","""wavparse: add bounds check in adtl chunk parsing"" -- adds `if (lsize + 8 > size) break;` guard before consuming each sub-chunk. Correct for EVEN lsize values, where GST_ROUND_UP_2(lsize)==lsize so the guard matches the actual stride.","CVE-2026-1940","CWE-125 (Out-of-Bounds Read)","NIST: 7.5 HIGH (AV:N/AC:L/PR:N/UI:N/S:U/C:N/I:N/A:H); CNA/Red Hat: 5.1 MEDIUM (AV:L/AC:L/PR:N/UI:N/S:U/C:N/I:L/A:L)","The CVE-2024-47778 guard `if (lsize + 8 > size) break;` validates the RAW lsize, but the loop's actual advance/shrink uses the RIFF-rounded value: `offset += 8 + GST_ROUND_UP_2(lsize)`. GST_ROUND_UP_2 rounds odd lsize UP by 1 byte for word alignment. When lsize is odd and (lsize+8)==size exactly, the guard passes (15 is not > 15) but the actual advance is 1 byte larger than validated, causing size to underflow (guint32 wrap to 0xFFFFFFFF) and the loop to continue reading past the buffer end.","Mismatched guard and stride expressions: guard checks `lsize + 8`; stride uses `8 + GST_ROUND_UP_2(lsize)`. These are equal only when lsize is even. The RIFF word-alignment semantics of GST_ROUND_UP_2 were not reflected in the guard, and no regression test exercised odd-valued lsize.","#define GST_ROUND_UP_2(num)  (((num)+1)&~1)   /* rounds num UP to nearest even integer */
/* GST_ROUND_UP_2(7) = 8 (adds 1); GST_ROUND_UP_2(8) = 8 (no change) */

/* Example bypass: lsize = 7, size = 15 */
/* Guard check:  lsize + 8 = 15,  15 > 15 -> FALSE -> loop continues (boundary case) */
/* Actual advance:  8 + GST_ROUND_UP_2(7) = 8 + 8 = 16 */
/*   offset += 16  -> reads 16 bytes but only 15 remain */
/*   size   -= 16  -> size wraps: 15 - 16 = 0xFFFFFFFF (guint32 underflow) */
/*   Loop condition: 0xFFFFFFFF >= 8 -> TRUE -> continues, OOB read on next GST_READ_UINT32_LE */

/* General bypass recipe: LIST:adtl total size = N; sub-chunk lsize = N-9 (odd, so lsize+8 = N-1); */
/* guard: (N-9)+8 = N-1, is N-1 > N? No -> continues; advance: 8+GST_ROUND_UP_2(N-9) = 8+(N-8) = N -> size underflows to 0xFFFFFFFF */","Red Hat, Inc. (CNA, CVE-2026-1940); an unnamed researcher auditing the CVE-2024-47778 patch noticed the GST_ROUND_UP_2 discrepancy (Mar 2026, GitLab issue #4854)","March 2026 (issue #4854 filed); CVE reserved/published 2026-03-23 (Red Hat Bugzilla #2436932)","~15 months (Dec 2024 fix -> Mar 2026 discovery)","Not given as a specific hash in report (fix landed in GStreamer 1.28.1 per GStreamer Security Advisory SA-2026-0001)","https://gstreamer.freedesktop.org/security/sa-2026-0001.html ; https://gitlab.freedesktop.org/gstreamer/gstreamer/-/issues/4854","GStreamer Security Advisory SA-2026-0001","By 2026-06-17 (advisory publication referencing the fix); NIST initial CVSS analysis 2026-05-04","GStreamer 1.28.1","--- gst/wavparse/gstwavparse.c (CVE-2024-47778 patch -- INCOMPLETE)
+++ gst/wavparse/gstwavparse.c (CVE-2026-1940 complete fix)
  while (size >= 8) {
    ltag  = GST_READ_UINT32_LE (data + offset);
    lsize = GST_READ_UINT32_LE (data + offset + 4);
-   if (lsize + 8 > size)          /* misses odd-lsize case */
-     break;
+   if (8 + GST_ROUND_UP_2 (lsize) > size)  /* accounts for RIFF padding */
+     break;
    switch (ltag) { ... }
    offset += 8 + GST_ROUND_UP_2 (lsize);
    size   -= 8 + GST_ROUND_UP_2 (lsize);
  }
/* Alternative, more robust form suggested in report (absolute bound + overflow guard): */
+ guint32 advance = 8 + GST_ROUND_UP_2 (lsize);
+ if (advance > size || advance < 8)  /* also guards against overflow */
+   break;
+ offset += advance;
+ size   -= advance;","gst/wavparse/gstwavparse.c, gst_wavparse_adtl_chunk(), guard expression replaced (same location as original fix)","NVD description: ""The patch added a size validation check lsize + 8 > size, but it does not account for the GST_ROUND_UP_2(lsize) used in the actual offset calculation."" Corrected guard derives directly from the same expression used for the stride.","Guard expression and stride/advance expression not derived from the same formula (guard used raw value, advance used rounded value); RIFF alignment semantics undocumented at the call site; no regression test for odd-lsize inputs; batch-fix review-thoroughness pressure (46 patches in one MR)","Precise bypass arithmetic given (no standalone script, but exact byte-level construction provided)","Craft a WAV file with a LIST:adtl chunk of total size N; place inside it a sub-chunk with lsize = N-9 (odd, so lsize+8 = N-1). Guard: (N-9)+8=N-1, N-1>N is false, loop continues. Advance: 8+GST_ROUND_UP_2(N-9)=8+(N-8)=N bytes consumed; size underflows to 0xFFFFFFFF; next GST_READ_UINT32_LE reads 4 bytes past the allocated buffer -> OOB read (crash via SIGSEGV or heap information disclosure).","Any application using GStreamer's wavparse plugin to process untrusted WAV files: GNOME Videos/Totem opening a WAV directly; PipeWire/GStreamer ALSA-PulseAudio pipelines; Firefox on Linux (GStreamer backend for certain audio/video decoding configs); embedded/IoT Linux (Yocto/OpenEmbedded, Raspberry Pi OS, automotive IVI); GStreamer-based streaming servers parsing user-uploaded WAV content.","GStreamer < 1.28.1 (all versions with the CVE-2024-47778 patch applied but not the corrected guard)","CVE-2024-47778/GHSL-2024-258: Antonio Morales, GitHub Security Lab. CVE-2026-1940: Red Hat, Inc. (CNA); researcher who noticed the discrepancy while auditing the patch (unnamed).","NVD: ""The patch added a size validation check lsize + 8 > size, but it does not account for the GST_ROUND_UP_2(lsize) used in the actual offset calculation.""","INCOMPLETE FIX (per user definition).","https://nvd.nist.gov/vuln/detail/CVE-2026-1940 ; https://securitylab.github.com/advisories/GHSL-2024-258_Gstreamer/ ; https://gstreamer.freedesktop.org/security/sa-2026-0001.html ; https://bugzilla.redhat.com/show_bug.cgi?id=2436932 ; https://gitlab.freedesktop.org/gstreamer/gstreamer/-/commit/13b48016b3ef1e822c393c2871b0a561ce19ecb3 ; https://gitlab.freedesktop.org/gstreamer/gstreamer/-/issues/4854 ; https://access.redhat.com/errata/RHSA-2025:7242","Report gives no specific commit hash for the CVE-2026-1940 complete fix itself, only the advisory/version it shipped in (GStreamer 1.28.1, SA-2026-0001) -- flagged as a gap rather than fabricated.","2","","","","","","","","","","","","","","","","","","","","incomplete_fixes_all.odt"
"CASE-08","389 Directory Server (389-ds-base) — LDAP directory server underlying Red Hat Directory Server and FreeIPA","C","ldap/servers/slapd/schema.c","schema_attr_enum_callback(); schema_oc_to_string(); read_schema_dse(); compute_base_oc_string_size() (referenced helper)","CVE-2025-14905","CWE-122 (Heap-based Buffer Overflow)","Not separately given in report for original CVE","schema_attr_enum_callback() builds the buffer for an attribute type definition's NAME field by summing alias string lengths but failing to account for required formatting separators (spaces, dollar signs, parentheses) between them. For many aliases, the cumulative shortfall in the size estimate lets strcat() overflow the heap.","/* BEFORE CVE-2025-14905 fix -- buffer size calculation: */
size_t sz = base_size;
for (int i = 0; i < num_aliases; i++) {
  sz += strlen(aliases[i]);      /* counts alias text only */
  /* MISSING: +3 for ' $ ' separator between aliases */
  /* MISSING: +4 for '( ' prefix and ' )' suffix for multi-alias */
}
buf = slapi_ch_malloc(sz);
/* strcat() calls then write MORE than sz bytes -> heap overflow */","Not given in report","Not given in report","Fix tracked via Red Hat Bugzilla #2423624","Early 2025 (developed); assigned/published Feb 2026","Not specifically versioned in report","Not specified","Adds the missing separator lengths (' $ ' between aliases, '( ' / ' )' wrapping for multi-alias lists) to the size accumulator in schema_attr_enum_callback(), ensuring the buffer is large enough for all alias strings plus formatting characters.","ldap/servers/slapd/schema.c, schema_attr_enum_callback()","Corrects the NAME-alias buffer size miscalculation for attribute type definitions.","CVE-2026-11884","CWE-122 (Heap-based Buffer Overflow)","6.5 MEDIUM (RH CNA) -- AV:N/AC:L/PR:H/UI:N/S:U/C:N/I:H/A:H; NVD CVSS not yet assigned per report (status: Awaiting NVD enrichment)","schema_oc_to_string() and read_schema_dse() (objectclass serialization, not attribute type serialization) also strcat() the 'SUP' (superior objectclass) field, but oc_superior's strlen is never included in the buffer size pre-calculation in either function -- overflow regardless of the CVE-2025-14905 fix, which only touched the alias-separator accounting for attribute types.","CVE-2025-14905 fix was scoped to schema_attr_enum_callback() -- the alias enumeration path specifically for ATTRIBUTE TYPES -- and did not trigger a systematic audit of the other functions in schema.c using the same brittle 'pre-calc size -> malloc -> strcat each field' pattern. oc_superior/SUP exists only on OBJECTCLASS definitions (a disjoint code path from attribute types), so the attribute-type-focused fix had no reason to encounter it, even though the underlying bug class (field written by strcat but never counted in size) is identical.","static char * schema_oc_to_string (struct objclass *oc, int schema_ds4x_compat) {
  size_t sz; char *buf;
  sz  = strlen(oc->oc_oid)   + 4;   /* ( <OID> ) */
  sz += strlen(oc->oc_name)  + 8;   /* NAME '<name>' */
  if (oc->oc_desc) sz += strlen(oc->oc_desc) + 8;   /* DESC '<desc>' */
  /* SUP field -- NOT ADDED TO sz */
  sz += oc_kind_to_string_len(oc->oc_kind);
  sz += must_may_list_len(oc);
  sz += origin_list_len(oc);
  buf = slapi_ch_malloc(sz); memset(buf, 0, sz);
  strcat(buf, ""( ""); strcat(buf, oc->oc_oid);
  strcat(buf, "" NAME '""); strcat(buf, oc->oc_name); strcat(buf, ""' "");
  if (oc->oc_desc) { strcat(buf, ""DESC '""); strcat(buf, oc->oc_desc); strcat(buf, ""' ""); }
  if (oc->oc_superior) {
    strcat(buf, ""SUP "");
    strcat(buf, oc->oc_superior);  /* <- WRITES PAST END OF BUFFER, length not in sz */
    strcat(buf, "" "");
  }
  /* ... continues with STRUCTURAL/MUST/MAY ... */
}

/* read_schema_dse() -- parallel omission: */
sz = compute_base_oc_string_size(oc);  /* omits oc_superior length */
buf = slapi_ch_malloc(sz);
if (oc->oc_superior) {
  PR_snprintf(tmp, sizeof(tmp), ""SUP %s "", oc->oc_superior);
  strcat(buf, tmp);    /* overflows if strlen(oc_superior) > slack */
}","Analyst reviewing the CVE-2025-14905 patch (not individually named); reported to Red Hat, Bugzilla #2484913","May-June 2026 (reported); CVE received/published on NVD 2026-06-10","~1+ years (early-2025 fix development -> Jun 2026 report; CVE-2025-14905 itself published Feb 2026)","Not given in report (Required Fix documented as pseudocode, no commit hash provided; status 'Awaiting NVD enrichment' as of July 2026)","Not available","Required fix documented by reporter/Red Hat; not yet a confirmed public commit per report","Not yet fixed as of report date (2026-06-30 last NVD record update noted; 'NVD enrichment still pending as of July 2026')","Not yet released per report","--- ldap/servers/slapd/schema.c (before CVE-2026-11884 fix)
+++ ldap/servers/slapd/schema.c (required fix)
In schema_oc_to_string():
  sz  = strlen(oc->oc_oid)   + 4;
  sz += strlen(oc->oc_name)  + 8;
  if (oc->oc_desc) sz += strlen(oc->oc_desc) + 8;
+ if (oc->oc_superior)
+   sz += strlen(oc->oc_superior) + 5; /* 'SUP ' + value + ' ' */
  sz += oc_kind_to_string_len(oc->oc_kind);
  sz += must_may_list_len(oc);
  sz += origin_list_len(oc);
  buf = slapi_ch_malloc(sz);
In read_schema_dse() -- parallel change:
+ if (oc->oc_superior)
+   sz += strlen(oc->oc_superior) + 5;

/* Report also recommends a more robust systemic fix: replace the strcat/pre-computed-size */
/* pattern entirely with a dynamic buffer builder (slapi_ch_strdup + realloc chain, or a */
/* GString/BufWriter equivalent), eliminating the bug CLASS by construction. */","ldap/servers/slapd/schema.c, schema_oc_to_string() size-calculation block; read_schema_dse() parallel size-calculation block","Add strlen(oc->oc_superior)+5 to the buffer size pre-calculation in both schema_oc_to_string() and read_schema_dse(), matching the 'SUP <value> ' text plus null terminator actually written.","Structural brittleness of the malloc+strcat pattern (two independently maintained lists -- size calc vs. strcat calls -- must be kept in sync by hand); missing field audit on patch application; function/scope ambiguity (objectclass serialization functions considered out of scope for an attribute-type-specific CVE); high-privilege requirement (PR:H, Directory Manager) reduces urgency but not risk","Yes -- LDAP ldapadd example given","# ldapadd to cn=schema,cn=config with DM credentials:
dn: cn=schema
changetype: modify
add: objectClasses
objectClasses: ( 1.2.3.4.5 NAME 'crashMe' SUP AAAAAA...AAAA STRUCTURAL MAY description )
# 'SUP' value made long enough to overflow. Any subsequent schema serialization (client reading cn=schema, schema reload, replication sync) calls schema_oc_to_string() on the crafted objectclass, overflowing the heap buffer.","Requires Directory Manager (DM) credentials or position as a trusted replication supplier. Attacker creates/modifies an objectclass definition via LDAP with an oversized SUP value; any subsequent schema serialization event (client read of cn=schema, schema reload, replication sync) triggers the heap overflow -- impact ranges from server crash (DoS, disrupting all LDAP/Kerberos auth for domain-joined hosts in FreeIPA/RHDS deployments) to, in favourable heap conditions, arbitrary code execution on the directory server host.","All 389-ds-base versions carrying the CVE-2025-14905 patch; confirmed in RHDS 11, 12, 13 and RHEL 7-10","CVE-2025-14905 and CVE-2026-11884: both reported/tracked via Red Hat, Inc. (Bugzilla #2423624 and #2484913 respectively); individual researcher not named in report.","NVD description explicitly states: ""This is an incomplete fix variant of CVE-2025-14905.""","INCOMPLETE FIX (per user definition).","https://nvd.nist.gov/vuln/detail/CVE-2026-11884 ; https://bugzilla.redhat.com/show_bug.cgi?id=2423624 ; https://bugzilla.redhat.com/show_bug.cgi?id=2484913 ; https://access.redhat.com/security/cve/CVE-2026-11884","As of the report's preparation date (July 3, 2026), CVE-2026-11884 had NO confirmed public patch commit -- the 'Required Fix' section is the reporter's/analyst's recommended patch, not a merged fix. This should be re-checked for an actual applied commit before being treated as historical fact; status was explicitly 'Awaiting NVD enrichment' in the source document. schema_oc_to_string() code in the report is reconstructed/pseudocode ('Pseudocode reconstructed from NVD description and code structure') rather than a verbatim source excerpt.","2","","","","","","","","","","","","","","","","","","","","incomplete_fixes_all.odt"
"CASE-09","QEMU — open source machine emulator/virtualizer; virtio-snd device","C","hw/audio/virtio-snd.c","virtio_snd_handle_rx_xfer(); virtio_snd_pcm_in_cb()","CVE-2024-7730","CWE-122 (Heap-based Buffer Overflow)","Not separately given for original CVE in report","Guest-controlled in_sg iovec / in_num submitted via the rx virtqueue for audio capture. virtio_snd_handle_rx_xfer() allocates a VirtIOSoundPCMBuffer sized (iov_size - sizeof(virtio_snd_pcm_status)). If the guest provides an iov whose total size exactly equals sizeof(virtio_snd_pcm_status) (8 bytes), the allocation becomes g_malloc0(sizeof(VirtIOSoundPCMBuffer)+0) -- zero bytes for audio data -- yet virtio_snd_pcm_in_cb() still calls AUD_read() into buffer->data, overflowing the zero-sized allocation.","/* virtio_snd_handle_rx_xfer() -- buffer allocation (both CVEs) */
size = iov_size(elem->in_sg, elem->in_num) - sizeof(virtio_snd_pcm_status);
buffer = g_malloc0(sizeof(VirtIOSoundPCMBuffer) + size);
/* Bug #1 (underflow): empty iov (size=0) -> 0 - sizeof(status) wraps to huge value -> under-allocation */

/* virtio_snd_pcm_in_cb() -- filling the buffer */
max_size = iov_size(buffer->elem->in_sg, buffer->elem->in_num);  /* = 8 bytes in the reported case */
for (;;) {
  if (buffer->size >= max_size) { return_rx_buffer(stream, buffer); break; }
  size = AUD_read(stream->voice.in, buffer->data + buffer->size,
                   MIN(available, stream->params.period_bytes - buffer->size));
  /* BUG: buffer->data has 0 bytes; AUD_read writes at buffer->data+0 even when buffer->size<max_size -> overflow */
  buffer->size += size;
}
/* Three distinct bugs identified: #1 underflow on empty iov; #2 8-byte OOB when iov==status size exactly; */
/* #3 unbounded write -- AUD_read bounded by MIN(available, period_bytes-buffer->size), neither of which is */
/* the actual allocation size; period_bytes is guest-controlled via VIRTIO_SND_R_PCM_SET_PARAMS */","bcb53328aa70023f1405fade4e253e7f77567261 (allocation-side reject); 7994203bb1b83a6604f3ab00fe9598909bb66164 (fill-loop bound)","https://gitlab.com/qemu-project/qemu/-/commit/bcb53328aa70023f1405fade4e253e7f77567261 ; https://gitlab.com/qemu-project/qemu/-/commit/7994203bb1b83a6604f3ab00fe9598909bb66164","QEMU 8.2.x patch series, two commits","August 2024","QEMU 8.2.x patch series","Not specified in report","/* Commit bcb53328 -- reject iov too small to hold status header */
+ if (iov_size(elem->in_sg, elem->in_num) <= sizeof(virtio_snd_pcm_status)) {
+     virtqueue_detach_element(vq, elem, 0);
+     g_free(elem);
+     continue;
+ }
  size = iov_size(elem->in_sg, elem->in_num) - sizeof(virtio_snd_pcm_status);
  buffer = g_malloc0(sizeof(VirtIOSoundPCMBuffer) + size);

/* Commit 7994203b -- bound AUD_read to actual allocated capacity */
max_size = iov_size(buffer->elem->in_sg, buffer->elem->in_num);
size = AUD_read(stream->voice.in, buffer->data + buffer->size,
-                 MIN(available, stream->params.period_bytes - buffer->size));
+                 MIN(available,
+                     MIN(stream->params.period_bytes,
+                         max_size - sizeof(virtio_snd_pcm_status))
+                     - buffer->size));","hw/audio/virtio-snd.c, virtio_snd_handle_rx_xfer() (allocation guard) and virtio_snd_pcm_in_cb() (fill-loop bound)","Reject any iov whose total size is <= sizeof(virtio_snd_pcm_status) at allocation time; bound the AUD_read() fill amount by MIN(period_bytes, max_size-sizeof(status)) rather than period_bytes alone. Addresses the specific reported case where iov size equals exactly the status header size.","CVE-2026-3195","CWE-122 (Heap-based Buffer Overflow)","7.4 HIGH -- CVSS:3.1/AV:L/AC:H/PR:N/UI:N/S:U/C:H/I:H/A:H","Same function, different triggering condition; iov capacity check still missing. The bcb53328 guard only rejects iov <= status size (i.e., <=8 bytes); it accepts any iov larger than 8 bytes, e.g. 9 bytes (allocation of 1 byte). If the guest sets period_bytes large via VIRTIO_SND_R_PCM_SET_PARAMS, the MIN() in virtio_snd_pcm_in_cb() still resolves toward period_bytes-buffer->size, which can far exceed the actual 1-byte allocation -- AUD_read() then writes up to ~4096 bytes past the single-byte buffer->data allocation.","The allocation-side guard (bcb53328) was too narrow -- it only blocked the exact '=8 bytes' case reported in CVE-2024-7730, not any small-but-nonzero iov. The fill-side bound (7994203b) still allowed period_bytes (fully guest-controlled) to dominate the MIN() calculation whenever the allocation was small; the iov capacity was never properly compared against the period size in the fill path, so guest control over period_bytes remained sufficient to drive an out-of-bounds write.","/* INCOMPLETE bound in virtio_snd_pcm_in_cb() after CVE-2024-7730 fix */
max_size = iov_size(buffer->elem->in_sg, buffer->elem->in_num);  /* FULL iov size, includes status header bytes */
MIN(available,
    MIN(stream->params.period_bytes,
        max_size - sizeof(virtio_snd_pcm_status))  /* subtracts 8; == allocation size, looks correct... */
    - buffer->size)
/* BUT: if iov is small (e.g. 9 bytes -> allocation = g_malloc0(...+1)) and period_bytes is set large by */
/* the guest, MIN() still can resolve to period_bytes - buffer->size, which exceeds the 1-byte allocation. */
/* AUD_read() writes 'available' bytes (up to 4096 in practice) past the single-byte buffer->data. */","DARKNAVY (DarkNavyOrg) and Mingyuan Luo (Red Hat acknowledgment); OtterSec independently found the same bugs and built a working guest-to-host escape exploit (March 2026 writeup)","OtterSec writeup dated 2026-03-17 (""From virtio-snd 0-Day to Hypervisor Escape"")","~19 months (Aug 2024 fix -> Mar 2026 exploit writeup)","bcb53328 & 7994203b (report's Event Summary table lists these SAME two hashes as delivering BOTH the original and the complete fix, described as 'fully fixing all three sub-bugs' as of Jun 2026 -- see misc_notes for the apparent internal inconsistency)","https://gitlab.com/qemu-project/qemu/-/commit/bcb53328aa70023f1405fade4e253e7f77567261 ; https://gitlab.com/qemu-project/qemu/-/commit/7994203bb1b83a6604f3ab00fe9598909bb66164","QEMU 10.2.1+ complete fix","June 2026 (per report header table: ""Commits bcb53328 + 7994203b fully fixing all three sub-bugs (Jun 2026)"")","QEMU 10.2.1+","/* virtio_snd_pcm_in_cb() -- complete fix */
max_size = iov_size(buffer->elem->in_sg, buffer->elem->in_num) - sizeof(virtio_snd_pcm_status);  /* actual capacity */
for (;;) {
  if (buffer->size >= max_size) { return_rx_buffer(stream, buffer); break; }
  size = AUD_read(stream->voice.in, buffer->data + buffer->size,
+                     MIN(available, max_size - buffer->size));  /* bounded by allocation, period_bytes removed from bound */
}
/* Key change: period_bytes is removed from the bound entirely -- write is now bounded strictly by */
/* max_size - buffer->size where max_size derives from the actual allocation, eliminating guest control */
/* over write size. */","hw/audio/virtio-snd.c, virtio_snd_pcm_in_cb() fill loop","Direct comparison between allocation size and AUD_read() request amount; period_bytes fully removed from the bound so the guest can no longer influence write size beyond the actual allocated capacity.","Allocation-side guard too narrow (blocked only the exact reported boundary case); fill-side bound still trusted a fully guest-controlled parameter (period_bytes) instead of deriving strictly from the real allocation size","Yes -- OtterSec built and demonstrated a full guest-to-host hypervisor escape","OtterSec (Mar 2026): unbounded write (Bug #3) exploitable even though written bytes are host audio samples (not directly guest-controlled) -- using u8 PCM format (silence=0x80), overflow bytes tend to be 0x80, which on little-endian systems makes corrupted size fields point to larger tcache bins, enabling chunk-size manipulation. Paired with virtio-9p's xattr allocation (arbitrary-sized persistent heap allocations) for heap shaping. Achieved code execution in the host QEMU process via VirtQueue.handle_output function-pointer overwrite -- demonstrated by launching gnome-calculator on the host from inside the guest.","A malicious or compromised guest VM submits a small (but >8-byte) rx-virtqueue iov and sets a large period_bytes via VIRTIO_SND_R_PCM_SET_PARAMS; the host's audio backend then writes captured audio samples past the small allocation, corrupting adjacent heap metadata and, combined with heap-shaping via virtio-9p, achieving guest-to-host code execution (hypervisor escape).","QEMU 8.2.0 to 10.2.1","DARKNAVY (DarkNavyOrg) and Mingyuan Luo (Red Hat acknowledgment); OtterSec (independent discovery + exploit).","""This issue exists due to an incomplete fix for CVE-2024-7730"" (NVD signal phrase per report)","INCOMPLETE FIX (per user definition).","https://nvd.nist.gov/vuln/detail/CVE-2026-3195 ; https://nvd.nist.gov/vuln/detail/CVE-2024-7730 ; https://osec.io/blog/2026-03-17-virtio-snd-qemu-hypervisor-escape/ ; https://gitlab.com/qemu-project/qemu/-/commit/bcb53328aa70023f1405fade4e253e7f77567261 ; https://gitlab.com/qemu-project/qemu/-/commit/7994203bb1b83a6604f3ab00fe9598909bb66164 ; https://bugzilla.redhat.com/show_bug.cgi?id=CVE-2024-7730 ; http://www.mail-archive.com/debian-bugs-dist@lists.debian.org/msg2087816.html ; https://lore.kernel.org/qemu-devel/[email protected]/","Report is internally inconsistent regarding commit hashes: the SAME two hashes (bcb53328, 7994203b) are labeled in the 'At a glance' header as 'Original fix' AND, separately, as the 'Complete fix' (""fully fixing all three sub-bugs (Jun 2026)"") in the Timeline table. This strongly suggests the source document conflated or reused hashes rather than providing a distinct complete-fix commit for CVE-2026-3195; the actual QEMU 10.2.1+ commit(s) that added the period_bytes-removed bound could not be independently confirmed via the source document and were not separately verified via web search in this pass -- flagged for follow-up verification against the live QEMU git history.","2","","","","","","","","","","","","","","","","","","","","incomplete_fixes_all.odt"
"CASE-10","FreeRDP — free/open-source RDP client library and clients; SDL2 and SDL3 GUI client trees","C++","client/SDL/SDL3/sdl_pointer.cpp (fixed first); client/SDL/SDL2/sdl_pointer.cpp (fixed second, initially missed)","sdl_Pointer_New()","CVE-2026-24680","CWE-416 (Use After Free)","Not separately given for original CVE in report (see incomplete-fix CVE for combined class CVSS)","sdl_Pointer_New() allocates a pixel-data buffer (ptr->data) via winpr_aligned_malloc(), then calls freerdp_image_copy_from_pointer_data() to fill it from RDP cursor data. If that call fails, ptr->data is freed via winpr_aligned_free(), but the pointer is NOT set to nullptr. Any subsequent code path that reads/reuses ptr->data (a retry, sdl_Pointer_Free(), another cursor update) operates on a dangling pointer -- use-after-free. Identical bug present in both the SDL2 and SDL3 implementations (same code, same line numbers, different SDL API calls for cursor creation).","static BOOL sdl_Pointer_New(rdpContext* context, rdpPointer* pointer) {
  auto* ptr = reinterpret_cast<sdlPointer*>(pointer);
  auto* sdl  = get_context(context);
  ptr->data = static_cast<Uint8*>(winpr_aligned_malloc(ptr->scanline * ptr->pointer.height, 16));
  if (!ptr->data) return FALSE;
  if (!freerdp_image_copy_from_pointer_data(
        ptr->data, PIXEL_FORMAT_BGRA32, ptr->scanline, 0, 0,
        ptr->pointer.width, ptr->pointer.height,
        ptr->pointer.xorMaskData, ptr->pointer.lengthXorMask,
        ptr->pointer.andMaskData, ptr->pointer.lengthAndMask,
        ptr->pointer.xPos, ptr->pointer.yPos, &context->gdi->palette))
  {
    winpr_aligned_free(ptr->data);  /* free on failure */
    /* BUG: ptr->data still holds the freed address <- UAF */
    return FALSE;
  }
  /* Create SDL cursor from pixel data (SDL2: SDL_CreateCursor() / SDL3: SDL_CreateColorCursor()) */
  return TRUE;
}","c42ecbd183b001e76bfc3614cddfad0034acc758","https://github.com/FreeRDP/FreeRDP/commit/c42ecbd183b001e76bfc3614cddfad0034acc758","Single commit, message ""[client,sdl] reset pointer after memory release""","Not precisely dated beyond CVE identifier in report","Applied to SDL3 tree only","Not specified in report","@@ -61,6 +61,7 @@ static BOOL sdl_Pointer_New(rdpContext* context, rdpPointer* pointer)
  &context->gdi->palette))
 {
   winpr_aligned_free(ptr->data);
+  ptr->data = nullptr;   <- ADDED: null the pointer after free
   return FALSE;
 }","client/SDL/SDL3/sdl_pointer.cpp, sdl_Pointer_New(), line ~61-67","""[client,sdl] reset pointer after memory release"" -- single-line null assignment; correct and complete fix FOR THE SDL3 CODE PATH ONLY. After ptr->data=nullptr, subsequent use dereferences null (clean crash) rather than freed heap memory (exploitable UAF).","CVE-2026-27950","CWE-416 (Use After Free)","NVD: 7.5 HIGH (CVSS:3.1/AV:N/AC:L/PR:N/UI:N/S:U/C:N/I:N/A:H); GitHub CNA: 5.5 MEDIUM (CVSS 4.0)","Same use-after-free in the SDL2 implementation (client/SDL/SDL2/sdl_pointer.cpp); the CVE-2026-24680 fix was applied ONLY to the SDL3 path. ""While the vulnerable execution flow referenced in the advisory exists in the SDL2 implementation, the fix appears to have been applied only to the SDL3 code path. In the SDL2 implementation, the pointer is not nulled after free."" (GHSA-rvfg-86cr-5r6p)","Root cause: parallel code trees without shared implementation. FreeRDP maintains SDL2 and SDL3 as separate directories with duplicated logic; a bug fixed in one must be manually propagated to the other. The developer who fixed CVE-2026-24680 fixed the SDL3 path (likely where they first reproduced the issue) but did not propagate the identical one-line fix to the structurally identical SDL2 file. A simple `grep -r ""winpr_aligned_free"" client/SDL/` comparing SDL2 vs SDL3 would have revealed the divergence immediately -- described as a code-review oversight.","/* File: client/SDL/SDL2/sdl_pointer.cpp -- AFTER commit c42ecbd (NOT modified, still vulnerable) */
winpr_aligned_free(ptr->data);
/* ptr->data NOT set to nullptr here <- UAF still present */
return FALSE;

/* Compare with SDL3 file after c42ecbd: */
/*    winpr_aligned_free(ptr->data); */
/*    ptr->data = nullptr;  <- present */
/*    return FALSE; */

/* Practical risk split: FreeRDP built with SDL3 (-DWITH_SDL3=ON) is protected; */
/* FreeRDP built with SDL2 (the default on many distributions) remains vulnerable. */
/* The CVE-2026-24680 advisory stated the vulnerability was fully resolved -- not true for SDL2 builds. */","Not individually named in report (documented in GHSA-rvfg-86cr-5r6p FreeRDP Security Advisory)","Not precisely dated beyond CVE identifier / advisory in report","Not precisely quantified in report (both single-line fixes landed together in FreeRDP 3.23.0 per Timeline)","5f62aa11c1bdf00f94c40ea9ebb260a752740b80","https://github.com/FreeRDP/FreeRDP/commit/5f62aa11c1bdf00f94c40ea9ebb260a752740b80","Single commit, message ""[client,sdl] fix sdl_Pointer_New""","Released together with SDL3 fix in FreeRDP 3.23.0","FreeRDP 3.23.0","@@ -61,6 +61,7 @@ static BOOL sdl_Pointer_New(rdpContext* context, rdpPointer* pointer)
  &context->gdi->palette))
 {
   winpr_aligned_free(ptr->data);
+  ptr->data = nullptr;   <- ADDED: identical fix as c42ecbd for SDL3
   return FALSE;
 }","client/SDL/SDL2/sdl_pointer.cpp, sdl_Pointer_New(), line ~61-67 (same location as SDL3 fix)","""[client,sdl] fix sdl_Pointer_New"" / ""reset ptr->data after free."" Identical one-line fix applied to the SDL2 tree, making both SDL2 and SDL3 null the pointer after free and eliminating the UAF in all build configurations.","Duplicated/parallel code trees (SDL2 vs SDL3) without shared implementation; fix propagated to only the tree where the bug was first reproduced; code-review oversight (identical pattern in the mirror tree not checked)","Not an explicit standalone exploit script in report; mechanism (failure path in freerdp_image_copy_from_pointer_data triggering the free, followed by any subsequent read of ptr->data) is fully described","Trigger a failure inside freerdp_image_copy_from_pointer_data() during cursor creation on an FreeRDP client built with SDL2 (the default on many distros); ptr->data is freed but left non-null; any later cursor-related code path referencing ptr->data (retry, sdl_Pointer_Free(), a further cursor update) dereferences freed heap memory.","A malicious or compromised RDP server sends a cursor shape that causes freerdp_image_copy_from_pointer_data() to fail during sdl_Pointer_New() processing on an FreeRDP client built with SDL2 (default on many Linux distributions); subsequent use of the dangling ptr->data can crash the client or, depending on heap layout, be leveraged for further exploitation.","FreeRDP < 3.23.0 (all SDL2-linked builds after the SDL3-only CVE-2026-24680 fix landed)","Both CVE-2026-24680 and CVE-2026-27950 findings/fixes are documented via FreeRDP Security Advisory GHSA-rvfg-86cr-5r6p; individual researcher not named in report.","NVD/advisory: ""the fix appears to have been applied only to the SDL3 code path"" (GHSA-rvfg-86cr-5r6p)","INCOMPLETE FIX (per user definition) -- fix applied to only one of two parallel/duplicated code paths that shared the identical vulnerability.","https://nvd.nist.gov/vuln/detail/CVE-2026-27950 ; https://github.com/FreeRDP/FreeRDP/security/advisories/GHSA-rvfg-86cr-5r6p ; https://github.com/FreeRDP/FreeRDP/commit/c42ecbd183b001e76bfc3614cddfad0034acc758 ; https://github.com/FreeRDP/FreeRDP/commit/5f62aa11c1bdf00f94c40ea9ebb260a752740b80 ; https://github.com/FreeRDP/FreeRDP/blob/master/client/SDL/SDL2/sdl_pointer.cpp#L63-L64","This is a structurally simple, well-documented case (single-line fix duplicated across two near-identical files) with the most complete source-hash coverage of all 10 cases in the report.","2","","","","","","","","","","","","","","","","","","","","incomplete_fixes_all.odt"
"CASE-11","Linux kernel — IPVS (IP Virtual Server) in-kernel load balancer / net/ipv4 route code; used by keepalived, LVS clusters, Kubernetes kube-proxy IPVS-mode","C","net/netfilter/ipvs/ip_vs_xmit.c ; net/ipv4/route.c ; net/ipv4/ip_options.c ; net/ipv4/fib_frontend.c","ipv4_link_failure(); ipv4_send_dest_unreach(); __ip_options_compile(); spec_dst_fill(); fib_compute_spec_dst(); __ip_vs_get_out_rt() (err_unreach path)","CVE-2023-42754 / CVE-2023-52579 (historical tracking of mainline commit 0113d9c9d1cc; see misc_notes)","CWE-476 (NULL Pointer Dereference)","Not separately scored in source report (kernel NULL-deref DoS class)","ipv4_link_failure()'s helper (later split out as ipv4_send_dest_unreach()) unconditionally called dev_net(skb->dev) when sending an ICMP Destination Unreachable message on route-lookup failure. Any caller reaching this path with skb->dev == NULL (IPVS's error-notification path was explicitly named as one such caller) crashes the kernel with a NULL-pointer dereference. Root cause traces to an earlier commit, ed0de45a1008 (""ipv4: recompile ip options in ipv4_link_failure""), which made dev_net(skb->dev) load-bearing where it previously was not.","/* net/ipv4/route.c, pre 0113d9c9d1cc */
static void ipv4_send_dest_unreach(struct sk_buff *skb)
{
  struct ip_options opt;
  int res;
  ...
  opt.optlen = ip_hdr(skb)->ihl * 4 - sizeof(struct iphdr);
  rcu_read_lock();
  res = __ip_options_compile(dev_net(skb->dev), &opt, skb, NULL); /* skb->dev may be NULL */
  rcu_read_unlock();
  ...
}","0113d9c9d1ccc07f5a3710dac4aa24b6d711278c","https://github.com/torvalds/linux/commit/0113d9c9d1ccc07f5a3710dac4aa24b6d711278c","Mainline commit, merged v6.6-rc3; Suggested-by: David Ahern; author Kyle Zeng (syzkaller fuzzing)","2023 (merged for Linux v6.6-rc3)","Linux v6.6-rc3 and later; backported to numerous stable/LTS branches (e.g. 3.18.y)","Kyle Zeng (author); network subsystem maintainers (merger not individually named in source report)","@@ static void ipv4_send_dest_unreach(struct sk_buff *skb)
 {
+ struct net_device *dev;
  struct ip_options opt;
  int res;
  ...
  opt.optlen = ip_hdr(skb)->ihl * 4 - sizeof(struct iphdr);
  rcu_read_lock();
- res = __ip_options_compile(dev_net(skb->dev), &opt, skb, NULL);
+ dev = skb->dev ? skb->dev : skb_rtable(skb)->dst.dev;
+ res = __ip_options_compile(dev_net(dev), &opt, skb, NULL);
  rcu_read_unlock();","net/ipv4/route.c, ipv4_send_dest_unreach(), ~lines 1212-1232","Computes a fallback net_device from the route table when skb->dev is NULL, and uses that fallback only for the dev_net() namespace lookup passed into __ip_options_compile(). Correct and sufficient for that one dereference, but the local 'dev' variable's scope never propagates into __ip_options_compile() itself, which is still passed the raw skb.","CVE-2025-68813","CWE-476 (NULL Pointer Dereference)","Not individually given in source report; CISA-ADP SSVC: exploitation none / automatable yes / technical impact partial (2026-06-16)","IPVS's route-error path (__ip_vs_get_out_rt(), err_unreach label) calls dst_link_failure(skb) with skb->dev == NULL when a backend route lookup fails. This reaches ipv4_link_failure() -> ipv4_send_dest_unreach() (protected by the 2023 fix) -> __ip_options_compile() -> spec_dst_fill() -> fib_compute_spec_dst(), which dereferences skb->dev DIRECTLY and unconditionally -- not through the local 'dev' fallback variable the 2023 fix introduced one call-frame up. The kernel still crashes with a NULL-pointer dereference, just one function deeper than before.","The 2023 fix (0113d9c9d1cc) patched only the first of two independent skb->dev dereference points in the call chain (dev_net(skb->dev) at the top of ipv4_send_dest_unreach()). It did not, and structurally could not without touching a different file, protect the second, deeper dereference inside fib_compute_spec_dst() (net/ipv4/fib_frontend.c), which is reached via __ip_options_compile() -> spec_dst_fill() using the raw, still-NULL skb->dev, because the fallback 'dev' variable's scope never propagates past ipv4_send_dest_unreach(). IPVS's own err_unreach path (exposure commit 4115ded13164, itself harmless when written since ipv4_link_failure() then tolerated a NULL skb->dev) never set skb->dev before calling dst_link_failure(), unlike the IPv6 sibling path which was fixed for the identical hazard back in 2019 (commit 326bf17ea5d4) but never ported to IPv4 because IPv4 was not yet vulnerable at that time.","ipv4_link_failure()
 -> ipv4_send_dest_unreach()  [ dev = skb->dev ?: skb_rtable(skb)->dst.dev -- fixed by 0113d9c9d1cc ]
 -> __ip_options_compile()    [ still receives raw skb, not ""dev"" ]
 -> spec_dst_fill() net/ipv4/ip_options.c:229,232
 -> fib_compute_spec_dst() net/ipv4/fib_frontend.c:285 -- dereferences skb->dev DIRECTLY, still NULL
/* KASAN: null-ptr-deref in range [0x...328-0x...32f]; RIP: fib_compute_spec_dst+0x17a/0x9f0 */","Slavin Liu (patch author, v1/v2 submitted to lvs-devel); underlying crash found via syzkaller fuzzing (repro syz.1.3469)","v1 patch posted 20 Nov 2025; v2 (final) posted 21 Nov 2025; CVE-2025-68813 published on NVD 2026-01-13","≈2 years (v6.6-rc3, 2023, to Nov 2025 patch submission / Jan 2026 NVD publication)","ad891bb3d079a46a821bf2b8867854645191bab0 (mainline v6.19-rc2); stable backports 25ab24df31f7, 312d7cd88882, 4729ff0581fb, 689a627d1478, cdeff10851c3, dd72a93c8040","https://github.com/FreeRDP/ - N/A; see https://git.kernel.org/linus/ad891bb3d079a46a821bf2b8867854645191bab0","""[PATCH net v2] ipvs: fix ipv4 null-ptr-deref in route error path"", Slavin Liu, lvs-devel mailing list, 21 Nov 2025; Acked-by: Julian Anastasov","21 Nov 2025 (v2 patch); merged mainline for v6.19-rc2","Linux v6.19-rc2 and stable backports across active LTS branches","@@ __ip_vs_get_out_rt(struct netns_ipvs *ipvs, ...)
   return -1;
 err_unreach:
+  if (!skb->dev)
+    skb->dev = skb_dst(skb)->dev;
+
   dst_link_failure(skb);
   return -1;
 }","net/netfilter/ipvs/ip_vs_xmit.c, __ip_vs_get_out_rt(), err_unreach label (+3 lines)","Applies the same fix used for IPv6 in commit 326bf17ea5d4 (""ipvs: fix ipv6 route unreach panic""): sets skb->dev from skb_dst(skb)->dev before calling dst_link_failure(), so skb->dev is guaranteed non-NULL by the time control reaches any downstream consumer, closing the gap at the IPVS call-site boundary rather than patching every downstream dereference a second time. Fixes tag points at root-cause commit ed0de45a1008, per Julian Anastasov's review guidance, not at the exposure commit 4115ded13164.","Scope-limited fix — patched only the first of two independent dereference points reachable from the same call chain; deeper dereference discovered later by fuzzing","Yes — syzkaller reproducer (syz.1.3469) plus a documented 5-step trigger sequence and full KASAN crash trace in the kernel.org CVE description","IPVS processes a NAT-mode packet toward a misconfigured/unreachable destination; route lookup fails in __ip_vs_get_out_rt(); the err_unreach path calls dst_link_failure(skb) with skb->dev == NULL; call chain reaches fib_compute_spec_dst(), which dereferences the still-NULL skb->dev and crashes the kernel.","A remote or local actor causes IPVS (e.g. Kubernetes kube-proxy in IPVS mode, or an LVS cluster) to attempt forwarding to a real server whose route cannot be resolved (misconfigured/unreachable destination). This drives the kernel into the vulnerable error-notification path, crashing the host — a remotely-triggerable kernel panic / denial of service against any IPVS-fronted service.","Linux kernels carrying commit ed0de45a1008 (root cause) through, per branch, each of the seven listed fix commits; effectively all actively-maintained branches prior to the Nov 2025 fix","Fix: Slavin Liu, Acked-by: Julian Anastasov (IPVS co-maintainer). Underlying crash surfaced via syzkaller (Kyle Zeng's earlier 2023 fuzzing found the general ipv4_link_failure() hazard; the IPVS-specific instance was reproduced independently two years later).","kernel.org CNA description states the vulnerability is resolved by ad891bb3d079; Julian Anastasov's mailing-list review: ""The bug was introduced in commit 4115ded13164 ... but it is better to fix the problem in IPVS ... commit ed0de45a1008 [should be] in the Fixes tag""","INCOMPLETE FIX (per user definition) -- textbook two-independent-dereference-points pattern; the 2023 fix is not reverted or weakened by the 2025 fix, both remain in the tree simultaneously.","https://nvd.nist.gov/vuln/detail/CVE-2025-68813 ; https://git.kernel.org/linus/ad891bb3d079a46a821bf2b8867854645191bab0 ; https://git.kernel.org/linus/0113d9c9d1ccc07f5a3710dac4aa24b6d711278c ; mail-archive.com/lvs-devel@vger.kernel.org (v1 and v2 patch threads, msg00155/00156) ; kernel.googlesource.com gitiles mirror of ed0de45a1008 on linux-5.10 ; lkml.rescloud.iu.edu 3.18-stable mirror","Source report gives two possible historical CVE identifiers for the 2023 fix commit 0113d9c9d1cc (CVE-2023-42754 and CVE-2023-52579) without resolving which is authoritative; both are preserved here verbatim rather than silently picking one. This case is unusually well-suited to the lineage_root_cause / lineage_exposure / lineage_prior_analogous_fix columns because the source report explicitly documents a 4-step causal chain: (1) root-cause commit ed0de45a1008 (2015-era, made dev_net(skb->dev) load-bearing), (2) exposure commit 4115ded13164 (IPVS refactor that carried a then-harmless call site forward), (3) a 2019 IPv6-only analogous fix (326bf17ea5d4) that was never ported to IPv4, and (4) the first (incomplete) IPv4 fix in 2023. The final 2025 fix mirrors step 3's IPv6 pattern exactly.","2","","","","","","","","","","ed0de45a1008991fdaa27a0152befcb74d126a8b -- ""ipv4: recompile ip options in ipv4_link_failure"" (pre-v5.10 mainline; backported to 3.18+). Authored by Stephen Suryaputra. This is the commit that first made ipv4_link_failure()'s internals depend on dev_net(skb->dev) being safe to call; before it, icmp_send() tolerated skb->dev == NULL and no caller needed it set.","4115ded13164 -- ""ipvs: consolidate all dst checks on transmit in one place"" -- added the shared err_unreach -> dst_link_failure(skb) call site to both the IPv4 and IPv6 __ip_vs_get_out_rt*() functions. Not itself unsafe when written (IPv4 path was safe at the time); retroactively became a hazard once ed0de45a1008 landed. IPVS co-maintainer Julian Anastasov explicitly corrected an initial patch submission that had mis-attributed the bug to this commit rather than to ed0de45a1008.","326bf17ea5d4 -- ""ipvs: fix ipv6 route unreach panic"" (2019, reported by Junwei Hu/Huawei) -- fixed the IDENTICAL bug class in the IPv6 sibling function __ip_vs_get_out_rt_v6() six years before the IPv4 fix, by setting skb->dev from skb_dst(skb)->dev before calling dst_link_failure(). This IPv6 fix was not ported to IPv4 in 2019 because IPv4 was not vulnerable at that time (dev_net(skb->dev) was not yet load-bearing); the 2025 final IPv4 fix (ad891bb3d079) applies the exact same IPv6 pattern, six years later, once the root-cause commit had made IPv4 vulnerable too.","","","Julian Anastasov (IPVS co-maintainer) publicly corrected the root-cause attribution in Slavin Liu's v1 patch submission before v2 was merged -- an unusually well-documented, first-party-verified example of root-cause attribution within a public mailing-list review thread.","syzkaller reproducer syz.1.3469 (kernel 6.6.114); full KASAN null-ptr-deref backtrace captured and reproduced in the kernel.org CVE description and the v2 patch submission.","kernel.org (Linux CNA)","CISA-ADP SSVC (2026-06-16): exploitation = none; automatable = yes; technical impact = partial","CWE-476 (both stages)","incomplete_fixes_all2.odt"
"CASE-12","Linux kernel — SMB2/3 client (cifs.ko / fs/smb/client), directory-lease ('cached directory handle') cache","C","fs/smb/client/cached_dir.c","smb2_close_cached_fid(); close_cached_dir(); open_cached_dir(); open_cached_dir_by_dentry(); drop_cached_dir_by_name(); cfids_invalidation_worker() (a.k.a. cfids_laundromat_worker)","CVE-2025-40328","CWE-416 (Use After Free)","Not individually scored in source report for the originating CVE","smb2_close_cached_fid() took cfid_list_lock itself, inside the kref release callback, after kref_put() had already observed the refcount drop to zero. This left a small unlocked window between the atomic refcount decrement and lock acquisition during which find_or_create_cached_dir() could grab and re-reference a cfid object already committed to being freed -- a kref/lock-ordering race producing use-after-free.","/* pre-fix pattern at every call site */
kref_put(&cfid->refcount, smb2_close_cached_fid);

static void smb2_close_cached_fid(struct kref *ref)
{
  struct cached_fid *cfid = container_of(ref, struct cached_fid, refcount);
  spin_lock(&cfid->cfids->cfid_list_lock); /* lock taken INSIDE the callback -- too late */
  if (cfid->on_list) { list_del(&cfid->entry); cfid->on_list = false; cfid->cfids->num_entries--; }
  spin_unlock(&cfid->cfids->cfid_list_lock);
  ...
}","bdb596ceb4b7 / cb52d9c86d70 / 065bd6241227 (same logical patch, different hash per stable branch)","Not given as a single canonical URL in source report; branch-specific hashes cited in stable ChangeLogs (cdn.kernel.org)","""[v3] smb: client: fix race in smb2_close_cached_fid()"", linux-cifs-client mailing list (patchwork.ozlabs.org)","2025 (exact mainline merge date not individually given; backported to 6.6.x/6.12.x/6.17.x stable branches under branch-specific hashes)","Mainline + stable backports (branch-specific hash per 6.6.x / 6.12.x / 6.17.x)","Henrique Carvalho (SUSE), author; Reviewed-by: Paulo Alcantara (SUSE, cifs maintainer)","/* (a) smb2_close_cached_fid() no longer takes the lock itself */
static void smb2_close_cached_fid(struct kref *ref)
+__releases(&cfid->cfids->cfid_list_lock)
{
  struct cached_fid *cfid = container_of(ref, struct cached_fid, refcount);
-  spin_lock(&cfid->cfids->cfid_list_lock);
  if (cfid->on_list) { list_del(&cfid->entry); cfid->on_list = false; cfid->cfids->num_entries--; }
  ...
}
/* (b) three call sites converted to a close_cached_dir(cfid) wrapper around kref_put_lock() */
- kref_put(&cfid->refcount, smb2_close_cached_fid);
+ close_cached_dir(cfid);","fs/smb/client/cached_dir.c -- smb2_close_cached_fid(); three call sites inside open_cached_dir(), open_cached_dir_by_dentry(), drop_cached_dir_by_name()","Switches from a bare kref_put()/self-locking pattern to kref_put_lock(), which atomically decrements the refcount and takes the supplied lock before invoking the release callback, closing the race window. Requires every caller to be converted from kref_put(&cfid->refcount, smb2_close_cached_fid) to a new close_cached_dir(cfid) wrapper. Three of four call sites in the file were converted.","CVE-2025-68226","CWE-416 (Use After Free)","8.8 HIGH -- CVSS:3.1/AV:N/AC:L/PR:N/UI:R/S:U/C:H/I:H/A:H (kernel.org CNA)","""The previous commit bdb596ceb4b7 ('smb: client: fix potential UAF in smb2_close_cached_fid()') was an incomplete backport and missed one kref_put() call in cfids_invalidation_worker() that should have been converted to close_cached_dir()."" (kernel.org CNA description, verbatim). The fourth call site -- the periodic background laundromat worker that expires stale-lease cfids -- still called smb2_close_cached_fid() via bare kref_put(), reopening the exact race class the v3 fix eliminated everywhere else.","The v3 fix changed smb2_close_cached_fid()'s locking CONTRACT (callee no longer takes the lock; caller must pre-acquire it via kref_put_lock()) and updated three of the four call sites in the same file to the new close_cached_dir(cfid) wrapper. The fourth call site, cfids_invalidation_worker(), retained the old bare kref_put(&cfid->refcount, smb2_close_cached_fid) pattern. Because the callee no longer locks internally, calling it via the old pattern from the worker means list_del() now races unsynchronized against concurrent list lookups, and the exact kref/lock-ordering UAF window the v3 fix closed is reopened on this one path -- reachable purely from kernel-internal timer-driven activity, no attacker network input required, just ordinary concurrent SMB filesystem activity.","/* cfids_invalidation_worker(), on the stale-lease expiry path, AFTER the v3 (incomplete) fix */
kref_put(&cfid->refcount, smb2_close_cached_fid); /* BUG: bare kref_put, lock NOT held; races against open_cached_dir() lookups */","Identified during subsequent kernel review/hardening; fixed by the same author (Henrique Carvalho) who wrote the original v3 patch","Final fix authored/committed Wed Nov 26 10:55:53 2025 -0300; NVD published CVE-2025-68226 on 2025-12-16","Not individually dated for the originating branch merge; final fix follows within the same broad 2025 stable-tree cycle (backported to 6.6.118, 6.12.60, 6.17.10)","abd29b6e17a918fdd68352ce4813e167acc8727e","Not given as a direct GitHub URL in source report; sourced from cdn.kernel.org stable ChangeLog-6.17.10 / 6.12.60 / 6.6.118","Commit ""smb: client: fix incomplete backport in cfids_invalidation_worker()""","Wed Nov 26 10:55:53 2025 -0300","Backported to stable 6.6.118, 6.12.60, 6.17.10 (and other active LTS branches)","@@ (inside cfids_invalidation_worker(), stale-lease expiry path)
- kref_put(&cfid->refcount, smb2_close_cached_fid);
+ close_cached_dir(cfid);","fs/smb/client/cached_dir.c, cfids_invalidation_worker(), single call site (+1/-1 line, per source report reconstruction)","""The previous commit bdb596ceb4b7 ... was an incomplete backport and missed one kref_put() call in cfids_invalidation_worker() that should have been converted to close_cached_dir()."" Minimal, single-call-site correction restoring the invariant that smb2_close_cached_fid() is only ever invoked with cfid_list_lock already held.","Incomplete multi-call-site refactor (one of four call sites missed); described by kernel.org itself as an 'incomplete backport'","No standalone exploit script in source report; mechanism (concurrent laundromat-worker expiry racing a foreground cached-dir lookup) is fully and precisely described","Ordinary concurrent SMB2/3 filesystem activity against a mounted share using cached directory leases: the background cfids_invalidation_worker() timer expires a stale cfid via the unconverted bare kref_put() path at the same time a foreground open_cached_dir()/find_or_create_cached_dir() lookup is walking or about to touch the same list -- no attacker-controlled network input required.","A local, unprivileged-relative-to-the-mount user (or ordinary background filesystem activity) on a system with an SMB2/3 mount using cached directory leases can trigger the race purely through normal usage patterns and timing; kernel.org CNA scored it 8.8 HIGH reflecting high confidentiality/integrity/availability impact once the corrupted-memory window is hit, with UI:R (user interaction required, e.g. ordinary directory access) rather than requiring crafted network input.","Linux kernels carrying the v3 fix (bdb596ceb4b7 / cb52d9c86d70 / 065bd6241227, branch-dependent) but not yet the final fix abd29b6e17a9; fixed in 6.6.118, 6.12.60, 6.17.10 and later","Henrique Carvalho (SUSE) -- author of both the originating v3 fix and the final incomplete-backport fix; Reviewed-by: Paulo Alcantara (SUSE, cifs maintainer) on the originating fix","kernel.org CNA record, verbatim: ""was an incomplete backport and missed one kref_put() call in cfids_invalidation_worker() that should have been converted to close_cached_dir()""","INCOMPLETE FIX (per user definition) -- kernel.org's own commit message explicitly frames this as an 'incomplete backport'; functionally identical to an incomplete upstream fix for this report's taxonomy (one of four call sites in a multi-site refactor was missed).","https://nvd.nist.gov/vuln/detail/CVE-2025-68226 ; NVD CVE-2025-40328 (originating) ; NVD CVE-2024-53177 and CVE-2025-37954 (adjacent, context only) ; Ubuntu Security CVE-2025-68226 mirror ; Tenable/Nessus plugin 278931 ; cdn.kernel.org stable ChangeLog-6.17.10 / 6.6.118 / 6.12.60 ; patchwork.ozlabs.org ""[v3] smb: client: fix race in smb2_close_cached_fid()"" ; dev.to/cverports ""CVE-2025-68226: The SMB Zombie That Refused to Die""","Independent third-party write-up (CVE Reports / dev.to) corroborates the kernel.org description in near-identical plain-language terms (""Developers tried to fix a bug but missed a spot""). The originating-fix commit hash differs per stable branch (bdb596ceb4b7 on 6.17.10, cb52d9c86d70 on 6.6.118, 065bd6241227 on 6.12.60) purely as an artifact of independent per-branch stable-tree application -- not three different fixes.","2","","","","","","","","","","Not a separate root-cause commit distinct from the originating fix in this case -- the race was inherent in the original bare kref_put()/self-locking design of smb2_close_cached_fid(), which existed since the cached-directory-handle feature was introduced; the originating fix (CVE-2025-40328) IS the first remediation attempt.","The v3 refactor itself (bdb596ceb4b7 et al.) is the enabling context: by inverting smb2_close_cached_fid()'s locking contract (moving lock acquisition from callee to caller) across four call sites, it created a strict invariant -- 'never call via bare kref_put() again' -- that depended on every call site being converted; the one site not converted (cfids_invalidation_worker) became the new hazard purely because of this contract change, not because of any defect in the worker itself.","Three sibling call sites in the SAME file (open_cached_dir(), open_cached_dir_by_dentry(), drop_cached_dir_by_name()) were correctly converted to close_cached_dir(cfid) in the same originating commit -- i.e. the 'prior analogous fix' is present in-file, three times, immediately adjacent to the one call site that was missed, per the source report's diff-level analysis.","","CVE-2024-53177 -- ""smb: prevent use-after-free due to open_cached_dir error paths"" (a UAF where lease-response error parsing raced a concurrent lease-break notification). CVE-2025-37954 -- ""smb: client: Avoid race in open_cached_dir with lease breaks"" (a valid cfid racing a lease break, leaking a dentry reference). Both are separate bugs/fixes in the same fs/smb/client/cached_dir.c locking region, cited by the source report as context for why a multi-call-site refactor was attempted and plausible to under-apply, but explicitly NOT part of this lineage.","Paulo Alcantara (SUSE, cifs maintainer) reviewed the originating v3 fix; the mailing-list thread includes the author's own clarification of the locking-contract change (""Switch to kref_put_lock() so smb2_close_cached_fid() IS CALLED with cfid_list_lock held. Poor wording on my part."") in response to a maintainer question -- direct evidence the contract inversion was deliberate, making the missed fourth call site a pure omission rather than a misunderstanding of the new contract.","Not specified as a formal regression test in source report; mechanism is stated unambiguously via the kernel.org CNA description and corroborated by an independent third-party technical write-up.","kernel.org (Linux CNA)","Not given in source report beyond the kernel.org CNA CVSS 3.1 8.8 HIGH score","CWE-416 (both stages)","incomplete_fixes_all2.odt"
"CASE-13","iputils — ping utility, ping/ping_common.c (RTT/statistics engine)","C","ping/ping_common.c ; iputils_common.h ; ping/ping.h","gather_statistics(); finish(); status(); update_interval()","CVE-2025-47268","CWE-190 (Integer Overflow or Wraparound)","Not individually re-stated in source report (see incomplete_fix_cve_cvss for the shared/related rating)","triptime = tv->tv_sec * 1000000 + tv->tv_usec is computed with no bounds check on tv_sec/tv_usec, which are derived from an attacker-controlled ICMP Echo Reply payload timestamp. An out-of-range or negative tv_sec/tv_usec pair overflows this signed 64-bit multiply-add directly, corrupting every downstream RTT statistic (UBSAN demonstrated cascading overflows through tsum, tsum2, and the printed min/avg/max/mdev figures).","triptime = tv->tv_sec * 1000000 + tv->tv_usec;
/* ping/ping_common.c, gather_statistics(), pre-fix, approx line 757 -- no bounds check on tv_sec/tv_usec */","070cfacd7348386173231fb16fad4983d4e6ae40","https://github.com/iputils/iputils/commit/070cfac","""ping: Fix signed 64-bit integer overflow in RTT calculation"", fixes iputils#584","2025 (shortly after CVE-2025-47268 disclosure, May 5 2025)","iputils release 20250602","Petr Vorel (pevik, SUSE), co-developed with Cyril Hrubis (metan-ucw, SUSE); reported/reviewed by Mohamed Maatallah; also reviewed by Noah Meyerhans (Debian)","+#define TV_SEC_MAX_VAL (LONG_MAX/1000001)   /* iputils_common.h */
@@ gather_statistics()
+ if (tv->tv_usec >= 1000000) { ...; tv->tv_usec = 999999; }
+ if (tv->tv_usec < 0) { ...; tv->tv_usec = 0; }
+ if (tv->tv_sec > TV_SEC_MAX_VAL) { ...; triptime = 0; }
+ else if (tv->tv_sec < 0) { ...; triptime = 0; ... }
+ else { triptime = tv->tv_sec * 1000000 + tv->tv_usec; }","iputils_common.h (+3 lines, new TV_SEC_MAX_VAL macro); ping/ping_common.c, gather_statistics() (~+22/-3 total across 2 files)","Bounds tv_sec to <0, LONG_MAX/1000001> and tv_usec to <0, 999999> before computing triptime, rejecting out-of-range values with a warning and forcing triptime = 0 instead. Genuinely effective against the exact reported vector: prevents the first multiplication (tv_sec * 1000000) from itself overflowing.","CVE-2025-48964","CWE-190 / CWE-20 / CWE-400 (Integer overflow; improper input validation; uncontrolled resource consumption)","6.5 MEDIUM -- CVSS:3.1/AV:N/AC:L/PR:N/UI:N/S:U/C:N/I:L/A:L (CISA-ADP)","GHSA-25fr-jw29-74f9: ""An integer overflow exists in ping that still works even after the CVE-2025-47268 patch. Basically if you send ping replies with zero timestamps, it causes massive numbers that overflow when squared in the statistics calculations. The CVE-2025-47268 fix doesn't catch this because the individual timestamp parts look valid, but the combined value is huge."" A zero originate-timestamp makes the subtraction current_time - 0 = current_epoch_time (~1.7x10^9s), which passes the first fix's TV_SEC_MAX_VAL bound cleanly but is still astronomically larger than any real RTT, overflowing when squared for tsum2 and the EWMA accumulator.","The first fix bounded tv_sec/tv_usec only tightly enough to prevent the IMMEDIATE multiply (tv_sec * 1000000) from overflowing (bound ~9.2x10^12s via LONG_MAX/1000001) -- it did not consider what a still-huge-but-technically-in-bound triptime (~1.7x10^15 microseconds from a zero-timestamp trick) would do to DOWNSTREAM consumers: rts->tsum2 += (long long)triptime * (long long)triptime overflows long long (~9.2x10^18) when triptime^2 reaches ~2.9x10^30, and the fixed-point EWMA accumulator rts->rtt (still a 32-bit int at this point) independently overflows over a long-running session even for in-bound triptimes.","/* Location 1 (~line 795): */ rts->tsum2 += (double)((long long)triptime * (long long)triptime);
/* Location 2 (~line 966): */ tmvar = (rts->tsum2 - ((rts->tsum * rts->tsum) / total)) / total;
/* Both overflow when triptime is ~1.7e15us (from a zero originate-timestamp), which passes the first fix's TV_SEC_MAX_VAL check cleanly. */","Mohamed Maatallah (same reporter as the originating CVE, filed within the same disclosure window)","GHSA-25fr-jw29-74f9 published June 3, 2025 by pevik (Petr Vorel), crediting Mohamed Maatallah","Essentially immediate -- both fixes shipped in the same iputils release, 20250602; CVE-2025-48964 formally published/NVD-dated July 22, 2025","afa36390394a6e0cceba03b52b59b6d41710608c","https://github.com/iputils/iputils/commit/afa3639","""ping: Fix moving average rtt calculation"", Fixes: CVE-2025-48964, Fixes: bugzilla.suse.com/show_bug.cgi?id=1243772","2025 (released as part of iputils 20250602, same release as the first fix)","iputils release 20250602","-#define TV_SEC_MAX_VAL (LONG_MAX/1000001)
+#define TV_SEC_MAX_VAL (INT32_MAX/1000001)   /* iputils_common.h -- tightened ~1000x */
@@ struct ping_rts { ...
- int rtt;
+ uint64_t rtt; /* ping.h -- widened 32-bit -> 64-bit EWMA accumulator */
@@ gather_statistics()
- rts->rtt = triptime * 8;
+ rts->rtt = ((uint64_t)triptime) * 8;
/* + 3 more call sites (update_interval, finish, status) cast the widened value back down for display */","iputils_common.h (TV_SEC_MAX_VAL); ping/ping.h (struct ping_rts.rtt type); ping/ping_common.c (4 call sites) -- 3 files, +6/-6","""The rts->rtt counts an exponential weight moving average in a fixed point, that means that even if we limit the triptime to fit into a 32bit number the average will overflow because fixed point needs eight more bits. We also have to limit the triptime to 32bit number because otherwise the moving average may still overflow if we manage to produce a large enough triptime."" Closes the gap on two independent axes: tightens TV_SEC_MAX_VAL from LONG_MAX to INT32_MAX (so a zero-timestamp-derived triptime can no longer be large enough to overflow when squared), and widens rts->rtt from int to uint64_t (so the EWMA accumulator itself cannot overflow even for in-bound triptimes over a long session).","Numerically-correct-but-insufficiently-strict bound; guarded the wrong (immediate) operation rather than the actual downstream overflow-prone operations (squaring, EWMA accumulation)","Yes -- GHSA-25fr-jw29-74f9 includes full PoC description, exact overflow line numbers, and example corrupted output","Attacker crafts/spoofs an ICMP Echo Reply whose payload 'originate timestamp' field is entirely zeroed. tvsub(tv, &tmp_tv) then computes current_time - 0 = current_epoch_time (~1.7x10^9 seconds), which passes the first fix's bound checks cleanly (looks like a 'legitimate' large-but-in-range value) but is still large enough to overflow when squared for the variance calculation, and corrupts the EWMA rtt accumulator.","An off-path or on-path network attacker able to inject a spoofed ICMP Echo Reply (ICMP has no cryptographic integrity protection) sends replies with a zeroed originate-timestamp field. This corrupts ping's internal RTT statistics (observed output includes '9 received' from 8 transmitted, i.e. negative packet loss, and RTT figures like '194252819298.623 ms') and, in adaptive ping mode (-A), breaks the inter-packet interval timing entirely -- a denial of service against ping's own operation.","iputils versions carrying the CVE-2025-47268 fix (070cfac) but not the CVE-2025-48964 fix (afa3639); both shipped together in release 20250602, so the practical vulnerable window in a shipped release is effectively nil / same-release","CVE-2025-47268 and CVE-2025-48964: both reported by Mohamed Maatallah (PoC repo github.com/Zephkek/ping-rtt-overflow). Fix authors: Petr Vorel (pevik) and Cyril Hrubis (metan-ucw), both SUSE; reviewed by Noah Meyerhans (Debian) and Michal Kubecek (SUSE).","NVD CVE-2025-48964 description (per source report): ""this issue exists because of an incomplete fix for CVE-2025-47268 (that fix was only about timestamp calculations, and it did not account for a specific scenario where the original timestamp in the ICMP payload is zero)""","INCOMPLETE FIX (per user definition) -- explicitly confirmed by MITRE/NVD language; notably the fastest incomplete-fix-to-complete-fix turnaround of the cases in this dataset (same release, days apart) rather than the multi-year gaps seen in several sibling cases.","https://nvd.nist.gov/vuln/detail/CVE-2025-48964 ; GHSA-25fr-jw29-74f9 ; GitHub Advisory Database GHSA-c2mm-9c32-xc37 (CVE-2025-47268, originating) ; https://github.com/iputils/iputils/commit/070cfac ; https://github.com/iputils/iputils/commit/afa3639 ; SUSE Bugzilla 1243772 ; github.com/Zephkek/ping-rtt-overflow (PoC repo)","Both the incomplete first fix and the complete second fix shipped in the SAME iputils release (20250602), a notably fast turnaround compared to the multi-year gaps seen in several other cases in this dataset (e.g. the editorconfig-core-c and X.Org cases).","2","","","","","","","","","","","","","","","Fix reviewed/tested by Petr Vorel and Michal Kubecek (SUSE) and re-reviewed by the original reporter, Mohamed Maatallah, per the afa3639 commit's own Reviewed-by/Tested-by trailers -- an unusually tight reporter-in-the-loop review cycle for the complete fix.","UBSAN-instrumented build (CFLAGS=-fsanitize=address,undefined) demonstrates the original overflow directly; GHSA-25fr-jw29-74f9 documents exact line numbers and example corrupted ping output ('rtt min/avg/max/mdev = 0.032/194252819298.623/1748275373687.338/-9223372036854775.808 ms') for the bypass.","MITRE","CISA-ADP CVSS 3.1: 6.5 MEDIUM (AV:N/AC:L/PR:N/UI:N/S:U/C:N/I:L/A:L)","CWE-190 (original + incomplete-fix stage); CWE-20, CWE-400 additionally tagged at incomplete-fix stage","incomplete_fixes_all2.odt"
"CASE-14","Artifex Ghostscript / GhostPDL (base/gp_utf8.c) -- PostScript/PDF interpreter, widely embedded in print pipelines and PDF-to-image converters","C","base/gp_utf8.c","decode_utf8() (static); gp_utf8_to_uint16(); gp_uint16_to_utf8() (transitive callers)","CVE-2024-46954","CWE-172 / CWE-838 (Encoding Error / Inconsistent Interpretation of overlong UTF-8)","7.8 HIGH -- CVSS:3.1/AV:L/AC:L/PR:N/UI:R/S:U/C:H/I:H/A:H (NVD)","decode_utf8() performed no overlong-encoding validation at all: it determined continuation-byte count purely from the leading byte's high-bit pattern and masked/shifted in payload bits with no check that the resulting code point could not have been represented in fewer bytes. A crafted overlong sequence (e.g. 0xC0 0xAF decoding to '/') could smuggle security-relevant characters like '/' or '.' past filters that only inspected raw input for the canonical single-byte forms -- enabling directory traversal via attacker-influenced paths.","static int decode_utf8(const char **inp, unsigned int i) {
  ...
  } else if ((i & 0xE0) == 0xC0) {
    i &= 0x1F;
    c = (unsigned char)*in++;
    if ((c & 0xC0) != 0x80) goto fail;
    i = (i<<6) | (c & 0x3f);
  } else if ((i & 0xF0) == 0xE0) { ... } else if ((i & 0xF8) == 0xF0) { ... }
  /* no overlong check anywhere */
}","55f587dd039282316f512e1bea64218fd991f934 (master); 282f691f5e57b6bf55ba51ad8c2be2cce8edb938 (10.04.0 release-branch backport, byte-for-byte identical diff)","https://api.github.com/repos/ArtifexSoftware/ghostpdl/commits/55f587dd039282316f512e1bea64218fd991f934","""Bug 707788: fix decode_utf8 to forbid overlong encodings"" (bugs.ghostscript.com Bug 707788)","2024 (prior to Ghostscript/GhostPDL 10.04.0 release)","Ghostscript / GhostPDL 10.04.0","Ken Sharp / upstream Ghostscript team (per source report)","} else if ((i & 0xE0) == 0xC0) {
  i &= 0x1F;
+ if (i == 0)
+   goto fail_overlong;
  c = (unsigned char)*in++;
  ...
} else if ((i & 0xF0) == 0xE0) {
  i &= 0xF;
+ if (i == 0)
+   goto fail_overlong;
  ...
} else if ((i & 0xF8) == 0xF0) {
  i &= 0x7;
+ if (i == 0)
+   goto fail_overlong;
  ...
+fail_overlong:
+  /* ...this is typically an attempt to sneak stuff past security checks, like ""../"" in paths. */
  i = 0xfffd;","base/gp_utf8.c, decode_utf8(), all three multi-byte branches (2-byte/3-byte/4-byte) plus new fail_overlong label","Adds an overlong check to each of the three multi-byte branches: tests whether the leading byte's masked payload (i) is exactly zero after masking, and if so jumps to a new fail_overlong label returning U+FFFD instead of the decoded value. Correct for the 3-byte and 4-byte branches; subtly wrong for the 2-byte branch (see incomplete_fix_cve_description).","CVE-2025-46646","CWE-172 / CWE-838 (same class, narrower residual case)","4.5 MEDIUM -- CVSS:3.1/AV:L/AC:H/PR:N/UI:N/S:C/C:L/I:L/A:N (NVD/Amazon)","The i == 0 test applied uniformly to all three multi-byte branches is correct for 3-byte and 4-byte sequences but wrong for 2-byte sequences: a 2-byte leading byte carries 5 payload bits, but only values >= 2 (not >= 1) actually require 2 bytes -- a leading-byte payload of exactly 1, combined with any continuation byte, still produces a code point (0x40-0x7F) that fits in a single byte and should have been rejected. NVD (verbatim, per source report): ""this issue exists because of an incomplete fix for CVE-2024-46954.""","The fix applied the identical defensive pattern (if (i == 0) goto fail_overlong;) uniformly across three structurally different branches, but the correct threshold differs per branch: 3-byte and 4-byte leading-byte field widths (4 bits, 3 bits) exactly align with where the shorter encoding's range is exceeded, so i==0 happens to suffice there -- but 2-byte sequences (5 payload bits in the leading byte) need the stricter test i < 2, not i == 0, because a leading-byte value of 1 still yields an overlong-but-undetected code point in 0x40-0x7F. Per the final-fix commit message (Robin Watts, Artifex): ""1 byte sequences (0xxxxxxx) encode 7 payload bits. 2 byte sequences (110xxxxx 10xxxxxx) only manage to encode 6 payload bits in the second (lowest) byte. Thus the test ... is not 'is the value of the payload bits in the first byte 0', but rather 'is the value ... smaller than 2'.""","/* input byte pair 0xC1 0xAF, encoding overlong U+002F ('/') */
i = leading_byte & 0x1F;         /* i = 0xC1 & 0x1F = 1 */
if (i == 0) goto fail_overlong;  /* 1 != 0 -- check PASSES (bug) */
c = continuation_byte;           /* 0xAF */
i = (i << 6) | (c & 0x3f);       /* i = (1<<6) | 0x2F = 0x2F -> decodes to '/' */
/* overlong pair silently accepted and decoded to ASCII '/' */","Credited in the fix commit to ""truff"" (x.com/truffzor)","Final fix authored 2025-03-04, merged 2025-03-12 (bugs.ghostscript.com Bug 708311)","Original fix shipped in 10.04.0; final fix shipped in 10.05.0 -- roughly one release cycle apart (exact calendar gap not individually stated in source report beyond the commit dates)","f14ea81e6c3d2f51593f23cdf13c4679a18f1a3f (master); 85df6937bcd8ae8edea7f24a5848e95833cfb1a7 (10.05.0 release-branch backport, identical diff content)","https://api.github.com/repos/ArtifexSoftware/ghostpdl/commits/f14ea81e6c3d2f51593f23cdf13c4679a18f1a3f","""Bug 708311: Fix the fix for CVE-2024-46954."" (bugs.ghostscript.com Bug 708311)","Authored 2025-03-04; merged 2025-03-12","Ghostscript / GhostPDL 10.05.0","-decode_utf8(const char **inp, unsigned int i)
+decode_utf8(const char **inp, unsigned int leading_byte)
{
+ unsigned int codepoint;
- if (i < 0x80) {
- } else if ((i & 0xE0) == 0xC0) {
-   i &= 0x1F;
-   if (i == 0)
+ if (leading_byte < 0x80) {
+   codepoint = leading_byte;
+ } else if ((leading_byte & 0xE0) == 0xC0) {
+   codepoint = leading_byte & 0x1F;
+   /* Any encoded value that fails to use bit 1 upwards ... */
+   if (codepoint < 2)
      goto fail_overlong;
/* + also adds rejection of UTF-16 surrogate code points (0xD800-0xDFFF) and code points above 0x10FFFF */","base/gp_utf8.c, decode_utf8() -- full function rewrite (renamed param i -> leading_byte, corrected 2-byte threshold, added surrogate/max-codepoint checks)","""The previous fix for CVE-2024-46954 was still failing to spot a certain subset of 2 byte sequences as being overlong ... the test for an overlong 2 byte encoding is not 'is the value of the payload bits in the first byte 0', but rather 'is the value of the payload bits in the first byte smaller than 2'."" Beyond the minimum fix, also adds rejection of UTF-16 surrogate code points and code points above the Unicode maximum (0x10FFFF) -- defenses the original decoder never had at all.","Uniform defensive pattern applied across structurally non-uniform branches; correct threshold calibration differs per branch and was miscalibrated for exactly one (the 2-byte case)","Concrete bypass arithmetic worked through step-by-step in source report (byte pair 0xC1 0xAF); no standalone exploit script included","Encode target code point U+002F ('/') in overlong 2-byte form as byte pair 0xC1 0xAF. Against the CVE-2024-46954-patched decoder, the i==0 overlong check passes (i=1, not 0), so the pair is decoded to ASCII '/', reproducing pre-patch behaviour for this one specific sub-case.","Any caller that relies on decode_utf8() to reject overlong path-separator or dot characters -- e.g. code validating a UTF-8 filename component before using it in gp_utf8_to_uint16()-derived Windows wide-character path construction -- can be bypassed with a two-byte overlong sequence, potentially enabling local directory traversal when Ghostscript resolves attacker-influenced paths.","Ghostscript / GhostPDL 10.04.0 - 10.04.x (every release that shipped the CVE-2024-46954 fix but not the CVE-2025-46646 fix)","Original (CVE-2024-46954): not publicly credited by name in the commit; reported via Ghostscript Bugzilla Bug 707788. Follow-up (CVE-2025-46646): credited to ""truff"" (x.com/truffzor); fix authored by Robin Watts (Artifex), merged by Chris Liddell (Artifex).","NVD description (verbatim, per source report and multiple downstream trackers -- Debian, Ubuntu, Wind River, Alpine/Snyk): ""this issue exists because of an incomplete fix for CVE-2024-46954""","INCOMPLETE FIX (per user definition) -- source report explicitly states this case 'satisfies the definition of a pure incomplete fix, with no admixture of regression or reintroduction.'","https://api.github.com/repos/ArtifexSoftware/ghostpdl/commits/55f587dd039282316f512e1bea64218fd991f934 ; https://api.github.com/repos/ArtifexSoftware/ghostpdl/commits/f14ea81e6c3d2f51593f23cdf13c4679a18f1a3f ; bugs.ghostscript.com Bug 707788 (original) ; bugs.ghostscript.com Bug 708311 (follow-up) ; raw.githubusercontent.com/ArtifexSoftware/ghostpdl (pre-vulnerability baseline source retrieval) ; Debian/Ubuntu/Wind River/Alpine security trackers","The complete fix goes beyond merely closing CVE-2025-46646: it also adds rejection of UTF-16 surrogate code points and codepoints above 0x10FFFF, which were never checked at all even before either CVE -- an example of a follow-up fix that both closes the specific incomplete-fix gap and pre-emptively hardens adjacent, previously-unaudited validation gaps in the same function.","2","","","","","","","","","","","","","","","Original fix authored by Ken Sharp / upstream Ghostscript team; final fix authored by Robin Watts and merged (committer) by Chris Liddell, both of Artifex -- both fixes are first-party, upstream-authored (not third-party patches).","Not specified as a formal automated regression test in source report; the bypass is demonstrated via explicit byte-level arithmetic walkthrough (0xC1 0xAF -> '/') rather than a named test file.","Not individually specified in source report","Not given in source report","CWE-172 / CWE-838 (both stages)","incomplete_fixes_all2.odt"
"CASE-15","Linux kernel — traffic-control subsystem (net/sched), classful queueing disciplines (HFSC, HTB, DRR, QFQ, ETS)","C","net/sched/sch_hfsc.c (first fix); net/sched/sch_api.c (final fix)","hfsc_enqueue() (first fix); qdisc_tree_reduce_backlog() (final fix)","CVE-2025-38000","CWE-416 (Use-After-Free)","7.8 HIGH -- CVSS:3.1/AV:L/AC:L/PR:L/UI:N/S:U/C:H/I:H/A:H (typical distro rating, per source report for the pair)","hfsc_enqueue() called the child qdisc's peek() operation (to seed HFSC deadline calculations) BEFORE incrementing the HFSC qdisc's own sch->q.qlen and sch->qstats.backlog counters. If the child's peek() is implemented via an actual dequeue-then-requeue (qdisc_peek_dequeued()), that peek can itself trigger a drop and a recursive call to qdisc_tree_reduce_backlog() while HFSC's own counters are still stale (not yet incremented for the packet just enqueued), which can leave an empty HFSC class on the active list -- a precursor to use-after-free.","first = !cl->qdisc->q.qlen;
err = qdisc_enqueue(skb, cl->qdisc, to_free);
...
if (first && !cl->cl_nactive) {
  ...
  if (cl->cl_flags & HFSC_RSC)
    cl->qdisc->ops->peek(cl->qdisc); /* may recursively drop+reduce_backlog */
}
sch->qstats.backlog += len; /* qlen/backlog only incremented AFTER the peek() above */
sch->q.qlen++;","3f981138109f63232a5fb7165938d4c945cc1b9d","https://git.kernel.org/linus/3f981138109f63232a5fb7165938d4c945cc1b9d","""sch_hfsc: Fix qlen accounting bug when using peek in hfsc_enqueue()""","Sun, 18 May 2025","Linux 6.15 (mainline)","Cong Wang <xiyou.wangcong@gmail.com> (author); reported by Mingi Cho (Theori); Reviewed-by: Simon Horman, Jamal Hadi Salim; Signed-off-by/merged: Paolo Abeni","@@ hfsc_enqueue()
   return err;
 }
+ sch->qstats.backlog += len;
+ sch->q.qlen++;
+
 if (first && !cl->cl_nactive) {
   ...
 }
- sch->qstats.backlog += len;
- sch->q.qlen++;
-
 return NET_XMIT_SUCCESS;","net/sched/sch_hfsc.c, hfsc_enqueue(), 3 lines moved (+3/-3)","""This patch fixes the bug by moving the increment of sch->q.qlen and sch->qstats.backlog before the call to the child qdisc's peek() operation. This ensures that queue length and backlog are always accurate when packet drops or dequeues are triggered during the peek."" Fixes: 12d0ad3be9c3.","CVE-2025-38350","CWE-416 (Use-After-Free)","7.8 HIGH -- CVSS:3.1/AV:L/AC:L/PR:L/UI:N/S:U/C:H/I:H/A:H (Ubuntu/SUSE/AlmaLinux rating)","The HFSC-specific reordering fixed HFSC's own counter consistency, but the underlying notification mechanism in qdisc_tree_reduce_backlog() (net/sched/sch_api.c) rested on a fragile heuristic assuming the n/len arguments passed to it always faithfully reflected whether a child qdisc had genuinely become empty. That heuristic -- the real root cause -- was untouched by the HFSC fix and continues to fail one level further up the qdisc tree ('the parent's parent', per the final-fix commit message), reachable via a 3-level qdisc topology (DRR root -> HFSC child -> netem grandchild -> blackhole leaf).","qdisc_tree_reduce_backlog() had two compounding heuristics: (1) an early-return guard 'if (n==0 && len==0) return;' that assumed a call with no drops/no byte reduction could never correspond to a state change worth propagating, and (2) 'notify = !sch->q.qlen && !WARN_ON_ONCE(!n && !qdisc_is_offloaded);' which only notified the parent if the CURRENT loop iteration's qdisc had qlen==0 at that instant. In a nested tree, a grandparent's own qlen could fail to be decremented because the n/len parameters at that iteration were computed relative to a different tree level, silently skipping a level's qlen_notify() -- exactly the 'parent's parent' scenario, independent of and untouched by the HFSC-specific reordering fix.","void qdisc_tree_reduce_backlog(struct Qdisc *sch, int n, int len) {
  ...
  if (n == 0 && len == 0) return; /* can silently suppress a needed notification */
  ...
  notify = !sch->q.qlen && !WARN_ON_ONCE(!n && !qdisc_is_offloaded); /* only fires for THIS level */
  ...
}
/* Reproducer: DRR root -> HFSC child -> netem grandchild -> blackhole leaf; deleting the DRR root class
   leaves a dangling class pointer that a second write reaches after reclaim. */","Lion Ackermann <nnamrec@gmail.com> (final-fix author)","Merged Linux 6.16-rc5 (June/July 2025); CVE-2025-38350 published on Debian tracker 2025-07-19","≈6 weeks (CVE-2025-38000 published 2025-06-06 to CVE-2025-38350 tracker entry 2025-07-19)","103406b38c600fec1fe375a77b27d87e314aea09","https://git.kernel.org/linus/103406b38c600fec1fe375a77b27d87e314aea09","""net/sched: Always pass notifications when child class becomes empty""; Fixes: 3f981138109f","Merged Linux 6.16-rc5 (June/July 2025)","Linux 6.16-rc5 and later","- bool qdisc_is_offloaded = sch->flags & TCQ_F_OFFLOADED;
  ...
- if (n == 0 && len == 0)
-   return;
  ...
- notify = !sch->q.qlen && !WARN_ON_ONCE(!n && !qdisc_is_offloaded);
+ /* Notify parent qdisc only if child qdisc becomes empty. */
+ notify = !sch->q.qlen;
  ...
  if (notify && cops->qlen_notify) {
+   /* Note that qlen_notify must be idempotent as it may get called multiple times. */
    cl = cops->find(sch, parentid);
    cops->qlen_notify(sch, cl);
  }","net/sched/sch_api.c, qdisc_tree_reduce_backlog() -- deletes both fragile heuristics, replaces with unconditional state-based check","""Since backlog accounting issues leading to a use-after-frees on stale class pointers is a recurring pattern at this point, this patch takes a different approach."" Deletes the n==0&&len==0 early return and the WARN_ON_ONCE-guarded conditional entirely; notifies the parent unconditionally whenever the child's qlen is currently zero, relying on the separately-established invariant that qlen_notify() is now idempotent (safe to call multiple times) across all classful qdiscs.","First fix addressed a specific caller-side accounting-order bug (HFSC); root cause was a structurally separate, fragile notify-heuristic one layer down in the generic tree-walk function, unaddressed until independently rediscovered","Yes -- kernel commit ships a concrete tc/socat reproducer using a 3-level qdisc tree (DRR -> HFSC -> netem -> blackhole)","tc qdisc add dev lo root handle 1: drr; ... tc qdisc add dev lo parent 1:1 handle 2: hfsc ...; tc qdisc add dev lo parent 2:1 handle 3: netem; tc qdisc add dev lo parent 3:1 handle 4: blackhole; send UDP datagram; tc class delete dev lo classid 1:1; send UDP datagram again -- second write reaches a class structure whose memory was already reclaimed.","A local user with CAP_NET_ADMIN (or a container/namespace with netns capability) configures a nested qdisc hierarchy and deletes a class while traffic is flowing, triggering backlog-reduction propagation that skips notifying an intermediate qdisc level -- resulting in use-after-free on a freed traffic-control class structure, exploitable for local privilege escalation or DoS.","Linux kernels carrying the CVE-2025-38000 fix (3f981138109f, Linux 6.15) but not the CVE-2025-38350 fix (103406b38c600, Linux 6.16-rc5)","First fix: Cong Wang (author), reported by Mingi Cho (Theori). Final fix: Lion Ackermann (author), Reviewed-by: Jamal Hadi Salim, Acked-by: Cong Wang (the original fix's own author) and Jamal Hadi Salim, merged by Jakub Kicinski.","Final-fix commit message, verbatim: ""The referenced fix commit attempted to fix this behavior for the HFSC case by moving the backlog accounting around, though this turned out to be incomplete since the parent's parent may run into the issue too.""","INCOMPLETE FIX (per user definition) -- carries an explicit kernel Fixes: 3f981138109f tag, the strongest first-party evidence of an acknowledged incomplete-fix relationship; acked by the original fix's own author.","https://git.kernel.org/linus/3f981138109f63232a5fb7165938d4c945cc1b9d ; https://git.kernel.org/linus/103406b38c600fec1fe375a77b27d87e314aea09 ; https://github.com/torvalds/linux/commit/3f981138109f63232a5fb7165938d4c945cc1b9d ; https://github.com/torvalds/linux/commit/103406b38c600fec1fe375a77b27d87e314aea09 ; Red Hat Bugzilla 2370786 (CVE-2025-38000) ; Red Hat errata RHSA-2025:15011 (BZ 2382054) ; SUSE/Ubuntu/Debian CVE trackers for CVE-2025-38350","The final fix is a simplification, not merely an addition: it deletes two fragile heuristics and replaces them with a strictly simpler, unconditional check, relying on an idempotency guarantee established by a separate, prior patch series (CVE-2025-38177) across all classful qdiscs.","2","","","","","","","","","","12d0ad3be9c3 -- ""net/sched/sch_hfsc.c: handle corner cases where head may change invalidating calculated deadline"" -- the original commit that introduced the peek()-before-increment ordering in hfsc_enqueue(), named in the first fix's own Fixes: tag as the origin of the accounting-order bug.","The generic qdisc_tree_reduce_backlog() heuristic (n==0&&len==0 early-return; qlen==0-at-this-level notify test) is the enabling/exposure context -- a pre-existing, structurally fragile mechanism that the HFSC-specific first fix left completely untouched, and which the final fix's commit message explicitly calls 'a recurring pattern at this point' across the qdisc subsystem.","CVE-2025-38177 -- ""sch_hfsc: make hfsc_qlen_notify() idempotent"", part of a broader patch series making qlen_notify() handlers idempotent across sch_hfsc, sch_htb, sch_drr, sch_qfq, sch_ets, and codel. The final fix (CVE-2025-38350) explicitly depends on this prior series for correctness, per its own commit message: ""This is not a problem after the recent patch series that made all the classful qdiscs qlen_notify() handlers idempotent.""","","CVE-2025-38177 (idempotency series, direct dependency -- see prior-analogous-fix column). CVE-2025-38001 -- ""net_sched: hfsc: Address reentrant enqueue adding class to eltree twice"" (distinct HFSC reentrancy defect, commit ac9fe7dd8e730a103ae4481147395cc73492d786). CVE-2025-37890 -- ""net_sched: hfsc: Fix a UAF vulnerability in class with netem as child qdisc"" (earlier, separately-reported UAF in the same general area). Source report explicitly states none of these are intermediate steps in this two-CVE lineage.","The final fix's Acked-by list includes Cong Wang, the author of the very fix it supersedes/extends -- a direct first-party acknowledgment that the original fix, while correct for its scope, was incomplete.","Full tc/socat command-sequence reproducer shipped verbatim in the final-fix commit message (3-level DRR/HFSC/netem/blackhole topology).","Not individually specified beyond standard Linux kernel CVE process in source report","Not given in source report","CWE-416 (both stages)","incomplete_fixes_all2.odt"
"CASE-16","Linux kernel — netfilter/nftables, PIPAPO (""Pile Packet Policies"") multi-field set-matching backend","C","net/netfilter/nft_set_pipapo.c ; net/netfilter/nft_set_pipapo.h (first fix); net/netfilter/nft_set_pipapo_avx2.c (final fix)","nft_pipapo_lookup(); pipapo_get(); pipapo_resmap_init() (first fix, generic C path + AVX2 slow fallback); nft_pipapo_avx2_lookup() (final fix, primary AVX2 SIMD fast path)","CVE-2024-57947","Stale/uninitialised bitmap-bit leak across matching rounds causing incorrect match results (NVD assigns no explicit CWE per source report; scored via CVSSv3 as integrity/availability)","5.5 MEDIUM -- CVSS:3.1/AV:L/AC:L/PR:L/UI:N/S:U/C:N/I:N/A:H (NVD/Amazon, shared rating for both CVEs per source report)","The generic-path nft_pipapo_lookup() initialised its result bitmap with a single memset(res_map, 0xff, m->bsize_max * sizeof(*res_map)) sized to the WIDEST field, regardless of the actual width of the FIRST field being matched. When a set's first field is narrower than its widest field, the blanket all-ones fill leaves stray one-bits beyond the first field's own width; after the result/fill map swap, those bits leak forward into the second round's result map, causing pipapo to report incorrect (over-permissive) matches for sets where the first field is not the widest one.","res_map = scratch->map + (map_index ? m->bsize_max : 0);
fill_map = scratch->map + (map_index ? 0 : m->bsize_max);
memset(res_map, 0xff, m->bsize_max * sizeof(*res_map)); /* always fills the WHOLE bsize_max width, not just the first field's width */
nft_pipapo_for_each_field(f, i, m) { ... }","791a615b7ad2258c560f91852be54b0480837c93","https://github.com/torvalds/linux/commit/791a615b7ad2258c560f91852be54b0480837c93","""netfilter: nf_set_pipapo: fix initial map fill""; Fixes: 3c4287f62044","Mon, 15 Jul 2024","Mainline Linux (post 2024-07-15)","Florian Westphal <fw@strlen.de> (author); reported by Yi Chen (Red Hat); Reviewed-by: Stefano Brivio; Signed-off-by/merged: Pablo Neira Ayuso (netfilter maintainer)","- memset(res_map, 0xff, m->bsize_max * sizeof(*res_map));
+ pipapo_resmap_init(m, res_map);   /* nft_pipapo_lookup() AND pipapo_get(), both call sites */
+static inline void pipapo_resmap_init(const struct nft_pipapo_match *m, unsigned long *res_map) {
+  const struct nft_pipapo_field *f = m->f;
+  int i;
+  for (i = 0; i < f->bsize; i++) res_map[i] = ULONG_MAX;
+  for (i = f->bsize; i < m->bsize_max; i++) res_map[i] = 0ul;
+}
/* Also updates nft_pipapo_avx2_lookup_slow() (the AVX2 SCALAR FALLBACK, uncommon field sizes) to call the same helper */
-static int nft_pipapo_avx2_lookup_slow(unsigned long *map, ...)
+static int nft_pipapo_avx2_lookup_slow(const struct nft_pipapo_match *mdata, unsigned long *map, ...)
   if (first)
-    memset(map, 0xff, bsize * sizeof(*map));
+    pipapo_resmap_init(mdata, map);","net/netfilter/nft_set_pipapo.c (2 call sites, nft_pipapo_lookup() + pipapo_get()); nft_set_pipapo.h (new pipapo_resmap_init() helper, +21 lines); nft_set_pipapo_avx2.c (nft_pipapo_avx2_lookup_slow() fallback only) -- 3 files, +29/-6","""The initial buffer has to be inited to all-ones, but it must restrict it to the size of the first field, not the total field size ... Thanks to Stefano Brivio for pointing out that we need to zero out the remainder explicitly, only correcting memset() argument isn't enough."" Replaces the blanket memset() with pipapo_resmap_init(), which fills only the first field's own width with ones and explicitly zeroes the remainder; also updates the AVX2 scalar fallback (uncommon field sizes) to use the same helper.","CVE-2025-38120","Same stale-bit-leak class as CVE-2024-57947, confined to the AVX2 SIMD fast path","5.5 MEDIUM -- CVSS:3.1/AV:L/AC:L/PR:L/UI:N/S:U/C:N/I:N/A:H (NVD/Amazon, identical rating to the originating CVE)","The first fix updated the generic C lookup path (nft_pipapo_lookup(), pipapo_get()) and the AVX2 SCALAR FALLBACK (nft_pipapo_avx2_lookup_slow(), used only for uncommon field bit-group sizes) to use the new pipapo_resmap_init() helper -- but did NOT touch nft_pipapo_avx2_lookup(), the PRIMARY hand-optimised AVX2 SIMD entry point used for the common case on any CPU with AVX2 support. That function carried a stale design comment asserting the starting map did not need initialisation at all, predating the discovery of CVE-2024-57947 and never revisited when the sibling paths were fixed.","nft_set_pipapo_avx2.c contains two distinct lookup code paths: nft_pipapo_avx2_lookup_slow() (scalar fallback, correctly updated by the first fix) and nft_pipapo_avx2_lookup() (the primary AVX2 SIMD entry point, selected automatically on AVX2-capable CPUs, NOT touched by the first fix). The primary AVX2 kernel's original design predates CVE-2024-57947 and carried an explicit (now-stale) assumption that the starting result map required no initialisation for this SIMD implementation -- an architectural assumption that was never revisited when the bug was found and fixed in the sibling generic/scalar-fallback paths, leaving the identical stale-bit leak reachable on any AVX2-capable machine (the common case) via the untouched hand-optimised kernel.","bool nft_pipapo_avx2_lookup(const struct net *net, const struct nft_set *set,
  const u32 *key, const struct nft_set_ext **ext)
{
  /* primary AVX2 SIMD entry point -- NOT touched by 791a615b; retains stale
     'starting map needs no init' design assumption predating CVE-2024-57947 */
  ...
}","Florian Westphal <fw@strlen.de> (same author as the first fix)","Final fix authored 2025-05-23","≈10 months (first fix authored 2024-07-15; final fix authored 2025-05-23)","ea77c397bff8b6d59f6d83dae1425b08f465e8b5","https://github.com/torvalds/linux/commit/ea77c397bff8b6d59f6d83dae1425b08f465e8b5","""netfilter: nf_set_pipapo_avx2: fix initial map fill""","Authored 2025-05-23","Mainline Linux (post 2025-05-23)","/* Routes the primary AVX2 SIMD entry point through the same pipapo_resmap_init() helper
   introduced by the first fix, removing the stale 'no init needed' assumption. Exact
   line-level diff not reproduced verbatim in source report beyond the function-level
   description; mirrors the pipapo_resmap_init() pattern already applied to the two
   sibling paths by commit 791a615b. */","net/netfilter/nft_set_pipapo_avx2.c, nft_pipapo_avx2_lookup() (primary AVX2 SIMD entry point)","""netfilter: nf_set_pipapo_avx2: fix initial map fill"" -- extends the pipapo_resmap_init() fix from the generic/scalar-fallback paths to the primary AVX2 SIMD lookup kernel, the third and last of the three lookup implementations sharing the same result-map-initialisation invariant, eliminating the stale-bit leak on AVX2-capable CPUs (the common case).","Multi-implementation duplication (3 separate lookup code paths sharing one correctness invariant); fix correctly updated 2 of 3, leaving the most commonly-executed path (AVX2 SIMD fast path on AVX2-capable CPUs) unaudited due to a stale architectural assumption","Not detailed as a standalone exploit script in source report; mechanism (crafted concatenated-range set where the first field is narrower than the widest field, on an AVX2-capable host) is fully described","Configure an nftables PIPAPO set concatenating a narrow field first and a wider field second (a legitimate, common configuration) on a host with AVX2 support (selecting the untouched primary SIMD lookup path); stray one-bits from the uninitialised/incorrectly-initialised starting map leak forward across matching rounds, causing the set to report incorrect (over-permissive) matches.","An administrator or attacker able to influence nftables ruleset matching behaviour (e.g. via a firewall bypass) on an AVX2-capable host running a PIPAPO set with a narrow-then-wide field concatenation can cause packets that should be rejected to incorrectly match and be accepted (or vice versa), undermining firewall/ACL correctness -- an integrity/availability issue in packet-set matching rather than memory corruption.","Linux kernels carrying the CVE-2024-57947 fix (791a615b, Jul 2024) but not the CVE-2025-38120 fix (ea77c397, May 2025), on AVX2-capable hardware (the common case for the primary SIMD path)","Both fixes: Florian Westphal (same author for both the first and final fix); first fix reported by Yi Chen (Red Hat), reviewed by Stefano Brivio; both fixes reviewed by Stefano Brivio and merged by Pablo Neira Ayuso (netfilter maintainer)","Source report frames this as CVE-2025-38120 being an 'Incomplete Fix of CVE-2024-57947' in its own case title, consistent with the pattern of the fix correctly updating 2 of 3 structurally parallel lookup implementations","INCOMPLETE FIX (per user definition) -- unusual in that the SAME author fixed both the original bug and its incomplete-fix follow-up 10 months later, having simply not revisited the primary AVX2 kernel's stale 'no init needed' design comment when auditing the sibling paths.","https://github.com/torvalds/linux/commit/791a615b7ad2258c560f91852be54b0480837c93 ; https://github.com/torvalds/linux/commit/ea77c397bff8b6d59f6d83dae1425b08f465e8b5 ; raw.githubusercontent.com/torvalds/linux (pre-fix source retrieval for both commits' parents)","This is the only case in the new batch where the SAME author (Florian Westphal) both introduced the original fix and, ~10 months later, discovered and fixed its own incomplete-fix follow-up -- illustrating that incomplete fixes are not solely a 'different developer missed the sibling' phenomenon; even the original author can miss a third structurally-parallel implementation of the same invariant.","2","","","","","","","","","","3c4287f62044 -- ""nf_tables: Add set type for arbitrary concatenation of ranges"" -- the commit that originally introduced the PIPAPO set type and its three parallel lookup implementations (generic C, AVX2 scalar fallback, AVX2 SIMD fast path), named in the first fix's own Fixes: tag.","The primary AVX2 SIMD kernel's own original implementation carried an explicit design comment asserting the starting map needed no initialisation for that implementation specifically -- an architectural assumption made at PIPAPO's introduction that predates CVE-2024-57947 and was the direct enabling condition for this function being skipped by the first fix's audit.","The first fix (791a615b) itself already correctly applied the identical pipapo_resmap_init() pattern to TWO sibling implementations in the same commit -- the generic C path (nft_pipapo_lookup(), pipapo_get()) and the AVX2 scalar fallback (nft_pipapo_avx2_lookup_slow()) -- making the primary AVX2 SIMD path's omission a within-commit, same-author miss of a third, structurally-parallel sibling rather than a separately-discovered gap.","","","Both the first and final fix were reviewed by Stefano Brivio and merged by Pablo Neira Ayuso (netfilter maintainer) -- the same review/merge pathway for both commits, suggesting the omission was not caught in review either time.","First-fix commit message references a followup patch adding a test case to the nft_concat_range.sh selftest script; source report does not describe an equivalent named regression test accompanying the final (AVX2) fix specifically.","Not individually specified in source report","Not given in source report","Not formally CWE-tagged by NVD per source report (stale-state/incorrect-match-result class, both stages)","incomplete_fixes_all2.odt"
"CASE-17","Eclipse ThreadX NetX Duo — ""Component"" (non-Web) HTTP server addon; embedded/IoT dual-stack TCP/IP library (former Azure RTOS)","C","addons/http/nxd_http_server.c ; addons/web/nx_web_http_server.c (sibling implementation)","_nx_http_server_put_process() (Component server, vulnerable); _nx_web_http_server_put_process() (Web server, fixed first); fx_file_open(); fx_file_close()","CVE-2025-0726","CWE-459 (Incomplete Cleanup)","7.5 HIGH -- CVSS:3.1/AV:N/AC:L/PR:N/UI:N/S:U/C:N/I:N/A:H (NVD, for the follow-up CVE-2025-2260; original CVE-2025-0726 rating not separately restated in source report)","While processing an HTTP PUT request, _nx_web_http_server_put_process() opens the destination file then enters a receive loop awaiting the remaining body. If the client declares a Content-Length larger than the data actually sent and then never sends the rest, the packet-get call eventually times out; the error branch sends an HTTP 500 and executes a bare 'return' WITHOUT calling fx_file_close(). Because both HTTP server implementations reuse a single server-instance-scoped file handle across every request, and FileX's fx_file_open() refuses to reopen an already-open handle, this permanently leaks the handle -- every subsequent file-touching request (of any kind) then fails.","status = fx_file_open(server_ptr->nx_web_http_server_media_ptr, &(server_ptr->nx_web_http_server_file), ..., FX_OPEN_FOR_WRITE); /* [1] file opened */
...
while (length || server_ptr->nx_web_http_server_request_chunked) { /* [2] */
  status = _nx_web_http_server_packet_get(server_ptr, &data_packet_ptr); /* [3] blocks/times out */
  if (status != NX_SUCCESS) {
    _nx_web_http_server_response_send(server_ptr, NX_WEB_HTTP_STATUS_INTERNAL_ERROR, ..., ""NetX HTTP Receive Timeout"", ...);
    return; /* [4] LEAK -- no fx_file_close() */
  }
}","c78d650be7377aae1a8704bc0ce5cc6f9f189014","https://github.com/eclipse-threadx/netxduo/commit/c78d650be7377aae1a8704bc0ce5cc6f9f189014","""Merge commit from fork"" / ""Fixes for NextX Duo HTTP Server Advisories"" (two parent commits 1f75e3d + 55829c7); GHSA-pwf8-5q9w-m763","2025-03-04 (merged)","Web-module fix only; full release NetX Duo 6.4.3 shipped alongside the Component-module fix","fdesbiens (author)","/* every prior early-error branch: */
- return;
+ goto put_process_end;
...
/* success path, previously closed the file inline: */
- fx_file_close(&(server_ptr->nx_web_http_server_file));
+ /* Build a response header. No need to check for success ... */
...
+put_process_end:
+ /* Always attempt cleanup by closing the file. */
+ fx_file_close(&(server_ptr->nx_web_http_server_file));
+ return;","addons/web/nx_web_http_server.c, _nx_web_http_server_put_process() (+72/-26 in this file; also touches one unrelated TLS empty-packet check in nx_secure)","Refactors _nx_web_http_server_put_process() so every error branch (file-create, file-open, write, receive-timeout, chunked-receive failure) jumps via goto to a single put_process_end: label, where fx_file_close() always executes regardless of which path was taken. Structurally sound and idiomatic, but scoped to exactly one file: addons/web/nx_web_http_server.c.","CVE-2025-2260","CWE-459 (Incomplete Cleanup) -- identical class, sibling file","7.5 HIGH (NVD) / 7.1 HIGH CVSS v4.0 (Eclipse Foundation CNA) / 6.5 (GHSA, component-specific)","GHSA-f42f-6fvv-xqx3, verbatim: ""This is the same issue as reported in GHSA-pwf8-5q9w-m763. The fix in c78d650 was incomplete and did not include the Component HTTP server. The complete fix is in fb3195b."" The Component server's byte-for-byte-equivalent function, _nx_http_server_put_process() in addons/http/nxd_http_server.c, was left completely untouched by c78d650 despite Talos's ORIGINAL advisory already documenting that the defect existed there too.","NetX Duo ships two independently-implemented HTTP server addons (Web and Component) with near-verbatim-duplicate PUT-processing logic differing only in struct/field/constant naming (NX_WEB_HTTP_SERVER vs NX_HTTP_SERVER, etc.). The vendor patch fixed only the file named in the disclosure's primary code excerpts (the Web module); the Component module's identical code path, in a different file, was not touched -- even though Cisco Talos's ORIGINAL report had explicitly stated 'This vulnerability affects both HTTP server implementations within NetX Duo' and filed two coordinated advisories/CVEs from the outset.","/* addons/http/nxd_http_server.c, _nx_http_server_put_process() -- UNTOUCHED by c78d650 */
/* identical bare 'return;' on receive-timeout error branch, no fx_file_close() call, byte-for-byte
   equivalent to the pre-fix Web-server code shown above, just in a different file/naming convention */","Kelly Patterson, Cisco Talos (original TALOS-2024-2098 report already flagged the dual-implementation exposure); GHSA-f42f-6fvv-xqx3 published by mrybczyn with finder credit to technikelly","GHSA-f42f-6fvv-xqx3 published 2025-04-06","~1 month (vendor patch 2025-03-04 to follow-up advisory 2025-04-06); original Talos disclosure 2024-10-31 vendor contact, 2025-04-14 public release","fb3195bbb6d0d6fe71a7a19585c008623c217f9e","https://github.com/eclipse-threadx/netxduo/commit/fb3195bbb6d0d6fe71a7a19585c008623c217f9e","""Port HTTP server fixes from web module to internal module"" (parent bd5d12e)","~2025-03-05 (commit metadata timestamp 1741124723)","NetX Duo 6.4.3","/* File-create/open/write/receive-timeout/chunked-receive failure branches: */
- return;
+ goto put_process_end;
...
- fx_file_close(&(server_ptr->nx_http_server_file));
+ /* Now build a response header. There is no need to check for success ... */
...
+put_process_end:
+ /* Always attempt to clean up by closing the file. */
+ fx_file_close(&(server_ptr->nx_http_server_file));","addons/http/nxd_http_server.c, _nx_http_server_put_process() (+67/-17)","Applies the identical goto put_process_end restructuring pattern used in c78d650, adapted to the Component server's naming conventions (NX_HTTP_SERVER, nx_http_server_file, NX_HTTP_STATUS_* constants). Fixed in NetX Duo 6.4.3, alongside the CVE-2025-2259 fix (both bugs repaired by the same commit, since they occupy the same function).","Code-duplication-driven incomplete fix -- two near-verbatim-duplicate implementations of the same protocol handler in separate files; fix applied to only the file the disclosure's code excerpts happened to reference","Yes -- Talos's original report (TALOS-2024-2098) documents exact vulnerable line numbers and traces the downstream consequence through FileX's duplicate-open guard","Send an HTTP PUT to the NetX Duo Component HTTP server with a Content-Length larger than the data sent in the first packet, then withhold the remainder; the receive-timeout error branch returns without calling fx_file_close(), permanently leaking the server's single file handle so every subsequent file-touching request (of any kind) fails with a 404/error.","A remote, unauthenticated network attacker sends a single crafted HTTP PUT request to a device running NetX Duo's Component HTTP server addon (used by devices that don't pull in the Web/TLS addon), permanently disabling all further HTTP file access on that server instance -- a persistent, one-shot denial of service against embedded/IoT devices.","NetX Duo versions carrying the Web-module fix (c78d650, post 2025-03-04) but not yet 6.4.3 (which also carries the Component-module fix, fb3195b)","Kelly Patterson, Cisco Talos (TALOS-2024-2098, both implementations flagged at initial disclosure); follow-up advisory published by mrybczyn, finder credit technikelly (Kelly Patterson)","GHSA-f42f-6fvv-xqx3, verbatim: ""The fix in c78d650 was incomplete and did not include the Component HTTP server. The complete fix is in fb3195b.""","INCOMPLETE FIX (per user definition) -- vendor's OWN original advisory (GHSA-pwf8-5q9w-m763) explicitly recommended applying the companion fix too, meaning Eclipse flagged the gap at initial-disclosure time and shipped the sibling fix as a fast follow-up in the same 6.4.3 release rather than as an independently-discovered rediscovery months/years later.","https://nvd.nist.gov/vuln/detail/CVE-2025-2260 ; https://www.talosintelligence.com/vulnerability_reports/TALOS-2024-2098 ; https://github.com/eclipse-threadx/netxduo/security/advisories/GHSA-pwf8-5q9w-m763 ; https://github.com/eclipse-threadx/netxduo/security/advisories/GHSA-f42f-6fvv-xqx3 ; https://github.com/eclipse-threadx/netxduo/commit/c78d650be7377aae1a8704bc0ce5cc6f9f189014 ; https://github.com/eclipse-threadx/netxduo/commit/fb3195bbb6d0d6fe71a7a19585c008623c217f9e","Shares its exact fix-commit pair (c78d650 / fb3195b), discoverer, and disclosure timeline with CASE-18 (CVE-2025-2259) -- both are independent bug classes (resource-cleanup failure here vs. integer underflow in CASE-18) found by the same researcher in the same PUT-handling code, fixed together in the same two commits because they occupy the same function in each file.","2","","","","","","","","","","","","c78d650 itself IS the prior analogous fix in the sibling (Web) component, applied ~1 month before fb3195b ported the identical goto-based single-exit-cleanup pattern to the Component module -- the clearest, most direct example of a 'sibling component' fix pattern in this dataset (same author-verified pattern, same release cycle).","CASE-18","CVE-2025-0727 / CVE-2025-0728 -- closely related integer-underflow defects in the same Web-server function, fixed by the same original commit c78d650; see CASE-18 for the Component-server incomplete-fix lineage of the underflow bug specifically.","Both commits' diffs are near-verbatim, line-for-line mappable across the two files (same five-branch goto refactor pattern), described in source report as 'the clearest possible signature of a code-duplication-driven incomplete fix.'","Not specified as an automated regression test in source report; Talos's own report provides exact vulnerable line numbers for both the leak site and the downstream FileX duplicate-open-guard consequence.","Eclipse Foundation (CNA, per CVSS v4.0 rating attribution)","Not given in source report","CWE-459 (both stages)","incomplete_fixes_all2.odt"
"CASE-18","Eclipse ThreadX NetX Duo — ""Component"" (non-Web) HTTP server addon; embedded/IoT dual-stack TCP/IP library (former Azure RTOS)","C","addons/http/nxd_http_server.c ; addons/web/nx_web_http_server.c (sibling implementation)","_nx_http_server_put_process() (Component server, vulnerable); _nx_web_http_server_put_process() (Web server, fixed first)","CVE-2025-0727 (closely related sibling CVE-2025-0728 fixed by the same original commit)","CWE-191 (Integer Underflow / Wrap or Wraparound)","7.5 HIGH -- CVSS:3.1/AV:N/AC:L/PR:N/UI:N/S:U/C:N/I:N/A:H (NVD, for follow-up CVE-2025-2259; original rating not separately restated in source report)","An unsigned ULONG state variable 'length' tracks remaining PUT-request content bytes, initialised from the HTTP Content-Length header and decremented per received packet with NO bounds check. A client can send Content-Length: 32 with no body in the first packet, then a follow-up packet containing 33 bytes; length - 33 underflows an unsigned 32 (32-33 wraps to 0xFFFFFFFF), and the receive loop's while(length || ...) condition re-evaluates true, causing the server to accept and write an effectively unbounded amount of attacker-supplied data to the filesystem -- exhausting all available filesystem resources (DoS).","status = _nx_web_http_server_content_length_get(packet_ptr, &length); /* [1] length = 32 */
...
while (length || server_ptr->nx_web_http_server_request_chunked) { /* [2] */
  status = _nx_web_http_server_packet_get(server_ptr, &data_packet_ptr); /* [3] receives 2nd pkt, 33 bytes */
  status = fx_file_write(..., next_packet_ptr->nx_packet_prepend_ptr, (ULONG)(next_packet_ptr->nx_packet_append_ptr - next_packet_ptr->nx_packet_prepend_ptr)); /* [4] writes 33 bytes */
  length = length - (UINT)(next_packet_ptr->nx_packet_append_ptr - next_packet_ptr->nx_packet_prepend_ptr); /* [5] 32-33 = UNDERFLOW */
}","c78d650be7377aae1a8704bc0ce5cc6f9f189014 (shared with CASE-17)","https://github.com/eclipse-threadx/netxduo/commit/c78d650be7377aae1a8704bc0ce5cc6f9f189014","Same merge commit as CASE-17; GHSA-jf6x-9mgc-p72w","2025-03-04 (merged)","Web-module fix only; full release NetX Duo 6.4.3 shipped alongside the Component-module fix","fdesbiens (author, same commit as CASE-17)","+ ULONG consumed_length = 0;
...
- length = length - (ULONG)(next_packet_ptr->nx_packet_append_ptr - next_packet_ptr->nx_packet_prepend_ptr);
+ consumed_length = (ULONG)(next_packet_ptr->nx_packet_append_ptr - next_packet_ptr->nx_packet_prepend_ptr);
+ if ((length - consumed_length) > length) {
+   /* Underflow error has occurred. */
+   _nx_web_http_server_response_send(server_ptr, NX_WEB_HTTP_STATUS_BAD_REQUEST, ..., ""NetX HTTP Content Length"", ...);
+   nx_packet_release(data_packet_ptr);
+   status = NX_UNDERFLOW;
+   goto put_process_end;
+ }
+ length -= consumed_length;","addons/web/nx_web_http_server.c, _nx_web_http_server_put_process() -- 3 call sites (first-packet-inline-content, subsequent-unchunked, subsequent-chunked cases), same commit as CASE-17","Installs a standard unsigned-wraparound guard -- if ((length - consumed_length) > length) -- at each of 3 call sites where the function computes a new 'length' after consuming a packet; correctly detects and rejects the underflow case before length is ever corrupted. Scoped entirely to addons/web/nx_web_http_server.c; the Component server's identical arithmetic at the identical 3 call sites is untouched.","CVE-2025-2259","CWE-191 (Integer Underflow) -- identical class, sibling file","7.5 HIGH (NVD) / 5.3 MEDIUM CVSS v4.0 (Eclipse Foundation CNA) / 4.3 (GHSA, component-specific)","GHSA-chhp-gmxc-46rq, character-for-character identical wording to CASE-17's advisory: ""This is the same issue as reported in GHSA-jf6x-9mgc-p72w. The fix in c78d650 was incomplete and did not include the Component HTTP server. The complete fix is in fb3195b."" The Component server's _nx_http_server_put_process() performs the identical length -= consumed_bytes arithmetic against the identical unsigned type at the identical three call sites, untouched by c78d650.","Identical root cause to CASE-17 (same product, same duplicated-implementation architecture, same fix-commit pair, same discoverer and disclosure timeline) but a second, independent bug class (integer underflow rather than resource-cleanup failure) in the same PUT-request handling function. The vendor patch (c78d650) installed the underflow guard only in the Web module's file; the Component module's byte-for-byte-equivalent arithmetic, in a different file, was left unguarded.","/* addons/http/nxd_http_server.c, _nx_http_server_put_process() -- UNTOUCHED by c78d650 */
/* identical unguarded 'length = length - consumed_bytes;' at 3 call sites, no underflow check,
   byte-for-byte equivalent to the pre-fix Web-server arithmetic shown above */","Kelly Patterson, Cisco Talos (TALOS-2024-2104); GHSA-chhp-gmxc-46rq published by mrybczyn, same finder credit","GHSA-chhp-gmxc-46rq published 2025-04-06 (same day as CASE-17's follow-up advisory)","~1 month (vendor patch 2025-03-04 to follow-up advisory 2025-04-06); same disclosure timeline as CASE-17 (2024-10-31 vendor contact, 2025-04-14 public release)","fb3195bbb6d0d6fe71a7a19585c008623c217f9e (shared with CASE-17)","https://github.com/eclipse-threadx/netxduo/commit/fb3195bbb6d0d6fe71a7a19585c008623c217f9e","Same commit as CASE-17 -- ""Port HTTP server fixes from web module to internal module""","~2025-03-05 (commit metadata timestamp 1741124723)","NetX Duo 6.4.3","+ ULONG consumed_length = 0;
...
- length = length - ((ULONG)(packet_ptr->nx_packet_append_ptr - packet_ptr->nx_packet_prepend_ptr) - offset);
+ consumed_length = ((ULONG)(packet_ptr->nx_packet_append_ptr - packet_ptr->nx_packet_prepend_ptr) - offset);
+ if ((length - consumed_length) > length) {
+   _nx_http_server_response_send(server_ptr, NX_HTTP_STATUS_BAD_REQUEST, ..., ""NetX HTTP Content Length"", ...);
+   status = NX_UNDERFLOW;
+   goto put_process_end;
+ }
+ length -= consumed_length;
/* identical pattern repeated at 2 more call sites; chunked-case site adds an nx_packet_release() before the goto */","addons/http/nxd_http_server.c, _nx_http_server_put_process() -- 3 call sites, same commit/function as CASE-17's fix","Installs the identical three-site underflow guard into _nx_http_server_put_process(), using Component-server naming conventions (NX_HTTP_STATUS_BAD_REQUEST etc.). Because fb3195b addresses both the file-handle leak (CASE-17) and this underflow in a single commit against a single function, the fix for CVE-2025-2259 and CVE-2025-2260 in the Component server is literally the same set of git-diff hunks.","Code-duplication-driven incomplete fix -- identical to CASE-17's root cause; two near-verbatim-duplicate implementations, fix applied only to the file named in the original disclosure","Yes -- Talos's original report (TALOS-2024-2104) walks the exact underflow arithmetic step by step","Send an HTTP PUT to the Component HTTP server with Content-Length: 32 but no body in the first packet, then a second packet containing 33 bytes of data; length (32) minus 33 underflows to 0xFFFFFFFF, and the receive loop's while(length || ...) condition stays true indefinitely, causing the server to accept and write unbounded attacker-supplied data to the filesystem.","A remote, unauthenticated network attacker sends a small number of crafted HTTP PUT packets (declared Content-Length smaller than the actual body sent) to a device running NetX Duo's Component HTTP server addon, driving an integer underflow that removes the effective upper bound on accepted PUT-body size -- exhausting all available filesystem resources on the embedded/IoT device (denial of service).","NetX Duo versions carrying the Web-module underflow fix (c78d650, post 2025-03-04) but not yet 6.4.3 (which also carries the Component-module fix, fb3195b)","Kelly Patterson, Cisco Talos (TALOS-2024-2104); follow-up advisory published by mrybczyn, same-day companion to CASE-17's advisory","GHSA-chhp-gmxc-46rq, verbatim, character-for-character identical wording to GHSA-f42f-6fvv-xqx3 (CASE-17) apart from the referenced original-CVE advisory: ""The fix in c78d650 was incomplete and did not include the Component HTTP server. The complete fix is in fb3195b.""","INCOMPLETE FIX (per user definition) -- same coordinated-disclosure pattern as CASE-17; the near-identical advisory wording for both CVE-2025-2259 and CVE-2025-2260 is treated by the source report as strong independent confirmation that both gaps share one root cause and were discovered/fixed as a single coordinated review of the ported commit.","https://nvd.nist.gov/vuln/detail/CVE-2025-2259 ; https://www.talosintelligence.com/vulnerability_reports/TALOS-2024-2104 ; https://github.com/eclipse-threadx/netxduo/security/advisories/GHSA-chhp-gmxc-46rq ; https://osv.dev/vulnerability/CVE-2025-0727 ; https://osv.dev/vulnerability/CVE-2025-0728 ; https://github.com/eclipse-threadx/netxduo/commit/c78d650be7377aae1a8704bc0ce5cc6f9f189014 ; https://github.com/eclipse-threadx/netxduo/commit/fb3195bbb6d0d6fe71a7a19585c008623c217f9e","Shares its exact fix-commit pair (c78d650 / fb3195b), discoverer, and disclosure timeline with CASE-17 (CVE-2025-2260) -- a second, independent bug class (integer underflow) found by the same researcher in the same PUT-handling code. CVE-2025-0728 is cited in source report as 'a closely related sibling' of the original CVE-2025-0727, fixed by the same original c78d650 commit, but not elaborated further.","2","","","","","","","","","","","","c78d650 itself is the prior analogous fix in the sibling (Web) component, ~1 month before fb3195b ported the identical unsigned-wraparound guard idiom to the Component module -- same pattern as CASE-17, for a different bug class in the same function.","CASE-17","CVE-2025-0728 -- closely related sibling of the originating CVE-2025-0727, fixed by the same original commit c78d650, not elaborated further in source report. See CASE-17 for the file-handle-leak incomplete-fix lineage sharing the same commit pair.","GHSA-chhp-gmxc-46rq's wording is described in source report as 'character-for-character identical' to CASE-17's GHSA (apart from the referenced original-CVE advisory ID) -- strong evidence both follow-up advisories were drafted from a single coordinated review rather than as two unrelated discoveries.","Not specified as an automated regression test in source report; Talos's own report walks the exact underflow arithmetic (32 - 33 = 0xFFFFFFFF) step by step with annotated source line numbers.","Eclipse Foundation (CNA, per CVSS v4.0 rating attribution)","Not given in source report","CWE-191 (both stages)","incomplete_fixes_all2.odt"
"CASE-19","OpenSSH — ssh-agent(1) / ssh-pkcs11-helper PKCS#11 provider loading","C","usr.bin/ssh/ssh-agent.c ; usr.bin/ssh/ssh-pkcs11.c","process_add_smartcard_key(); pkcs11_register_provider()","CVE-2016-10009","CWE-706 (Use of Incorrectly-Resolved Name/Reference) / path-based trust bypass","Not individually restated in source report","ssh-agent applied no restriction on the filesystem path of a PKCS#11 provider a client (including a remote peer via forwarded agent) could ask it to load, allowing an attacker who could plant a file anywhere on the client's filesystem to have it dlopen()ed by ssh-pkcs11-helper -- reported by Jann Horn, Google Project Zero.","count = pkcs11_add_provider(provider, pin, &keys); /* provider passed straight through, no canonicalization, no allow-list */","786d5994da79151180cb14a6cf157ebbba61c0cc","https://github.com/openssh/openssh-portable/commit/786d5994da79151180cb14a6cf157ebbba61c0cc","OpenBSD/OpenSSH-portable commit, ""add a whitelist of paths from which ssh-agent will load a PKCS#11 module; ok markus@""","2016-11-30","OpenSSH (pre-7.4 era mainline)","Damien Miller (djmdjm)","+ if (realpath(provider, canonical_provider) == NULL) { ...; goto send; }
+ if (match_pattern_list(canonical_provider, pkcs11_whitelist, 0) != 1) { ...; goto send; }
count = pkcs11_add_provider(canonical_provider, pin, &keys);
/* + new -P flag lets operator override DEFAULT_PKCS11_WHITELIST (""/usr/lib/*,/usr/local/lib/*"") */","ssh-agent.c, process_add_smartcard_key() (+35/-8); ssh-agent.1 (+15/-2)","Canonicalizes the requested path with realpath() and requires the canonical path to match a glob allow-list (default /usr/lib/*, /usr/local/lib/*), on the theory that libraries in standard system directories come from vetted packages and are safe to dlopen()/dlclose().","CVE-2023-38408","CWE-829 (Inclusion of Functionality from Untrusted Control Sphere) -- trusted-library side-effect chaining","Not individually restated in source report (widely rated CRITICAL by downstream trackers)","Qualys TRU (July 2023) showed the 2016 allow-list's trust assumption was false: many ordinary, allow-listed system shared libraries have constructor/destructor side effects (executable-stack marking, NODELETE persistence, dangling signal handlers, self-crashing, callback UAF, thread-resume-into-unmapped-code) that, chained across several dlopen()/dlclose() calls via the same 'add a PKCS#11 provider' request the 2016 fix explicitly permits, build a reliable one-shot remote code execution primitive -- never touching a private key.","The 2016 fix answered 'which paths' may be loaded but never asked 'what happens when this trusted file's constructors/destructors actually run' or 'who is allowed to trigger a load at all.' The RCE primitive (dlopen/dlclose side effects of already-installed, legitimately allow-listed libraries) existed independently of and was not caused by the allow-list; it was simply outside the 2016 threat model.","/* allow-list check passes for ordinary system libraries; Qualys chains: (1) dlopen() execstack lib -> executable stack; (2) stash shellcode via oversized wire message into helper's stack buffer; (3) dlopen()+dlclose() a lib with a dangling signal handler; (4) dlopen() a NODELETE lib whose code lands at the freed handler's address; (5) raise the signal -> jumps to shellcode */","Qualys Threat Research Unit (Bharat Jogi's team, credited Saeed Abbasi)","Published 2023-07-19 (coordinated disclosure 2023-07-06 to 2023-07-19)","~6.5 years (Nov 2016 fix -> Jul 2023 disclosure)","f03a4faa55c4ce0818324701dadbf91988d7351d ; 7bc29a9d5cd697290aa056e94ecee6253d3425f8 ; f8f5a6b003981bb824329dc987d101977beda7c","https://github.com/openssh/openssh-portable/commit/f03a4faa55c4ce0818324701dadbf91988d7351d ; https://github.com/openssh/openssh-portable/commit/7bc29a9d5cd697290aa056e94ecee6253d3425f8","Three related OpenBSD/src commits, all by Damien Miller, released together in OpenSSH 9.3p2","2023-07-19","OpenSSH 9.3p2","Commit 1 (f03a4faa): dlsym() failure now fatal() instead of error()+goto fail, denying probing of multiple libraries per helper lifetime.
Commit 2 (7bc29a9d): remote (forwarded-agent) callers can no longer add PKCS11/FIDO providers by default; restorable via 'ssh-agent -O allow-remote-pkcs11'.
Commit 3 (f8f5a6b0): validates the shared object exports expected FIDO/PKCS11 entry points before use (diff not independently retrievable per source report; described via official 9.3p2 release notes).","ssh-pkcs11.c, pkcs11_register_provider() (+3/-5); ssh-agent.c (+21/-2); ssh-agent.1 (+22/-4)","Three-pronged defense-in-depth: terminate on invalid provider (removing the dlclose() step several Qualys techniques depend on), disable remote provider-adding by default, and validate provider entry points before use.","Upstream/downstream caller miss + scope gap -- fix restricted WHICH paths, never restricted WHO could trigger a load or WHAT loading itself could do as a side effect","Yes -- Qualys TRU published full working exploit chain and gdb-verified control-flow hijack","Attacker with forwarded-agent access sends 5 ordinary 'ssh-add -s <path>' requests to allow-listed system libraries plus one oversized raw protocol message to stash shellcode on ssh-pkcs11-helper's stack; chained dlopen/dlclose side effects hijack a signal handler to jump into the executable stack, yielding a bind shell as the victim.","A remote SSH server the victim connects to with agent forwarding enabled (ssh -A) achieves full RCE on the victim's local workstation, without ever touching a private key, using only allow-listed system libraries already present.","OpenSSH versions carrying commit 786d5994 (post-Nov 2016) but prior to 9.3p2 (Jul 2023)","Original (CVE-2016-10009): Jann Horn, Google Project Zero. Incomplete-fix bypass (CVE-2023-38408): Qualys Threat Research Unit, Bharat Jogi's team, credited Saeed Abbasi.","Qualys advisory, per source report: because every shared library in /usr/lib* comes from an official package and no operation besides dlopen()/dlclose() is generally performed, developers believed this was safe -- Qualys showed the loader performs many side effects the allow-list never considered.","INCOMPLETE FIX (per user definition) -- 2016 check remains entirely intact and unmodified in 9.3p2; source report explicitly verifies no reintroduction and no regression, calling this 'the structural signature of a pure incomplete-fix lineage.'","Qualys TRU advisory (2023-07-19) ; OpenSSH 9.3p2 release notes ; github.com/openssh/openssh-portable commits 786d5994, f03a4faa, 7bc29a9d","Source report could not independently retrieve a diff for complete-fix commit f8f5a6b0 (GitHub API/mirroring gaps); its description is sourced from OpenSSH's own official 9.3p2 release announcement rather than a verified diff, and is flagged as such rather than fabricated.","2","","","","","","","","","","","","","","","All three complete-fix commits authored by Damien Miller (djm@openbsd.org), same author as the original 2016 fix -- a case of the original author closing the gap on their own earlier design.","Qualys's published PoC transcript includes exact commands and gdb-verified hijacked control flow (SIGSEGV handler replaced with attacker gadget, confirmed via /proc/<pid>/maps rwxp region).","Not individually specified in source report","Not given in source report","CWE-706 (original); CWE-829 (incomplete-fix stage)","incomplete_fixes_all_3.odt"
"CASE-20","OpenSSH scp client (Amazon Linux packaging of OpenSSH 7.4) -- scp.c sink()","C","scp.c","sink()","CVE-2019-6111","CWE-22 (Improper Limitation of a Pathname to a Restricted Directory)","Not individually restated for the 2019 upstream CVE in source report","scp's wire protocol trusted the server to supply the filename for each transferred file with only minimal checks (absolute path / '..' rejection); a malicious or on-path server could substitute an arbitrary filename, silently overwriting files the client never requested. Disclosed by Harry Sintonen alongside sibling CVE-2018-20685 and CVE-2019-6109.","void sink(int, char *[]); /* pre-fix: no requested-source-spec parameter, no filename-match check against server-supplied names */","391ffc4b9d31fa1f4ad566499fef9176ff8a07dc (+ companion 3d896c157c722bc47adca51a58dca859225b5874 for brace-expansion)","https://github.com/openssh/openssh-portable/commit/391ffc4b9d31fa1f4ad566499fef9176ff8a07dc","""upstream: check in scp client that filenames sent during remote->local directory copies satisfy the wildcard specified by the user""","2019-01-26 (released OpenSSH 8.0, 2019-04-17); companion brace-expansion commit 2019-02-10","OpenSSH 8.0","djm@openbsd.org, approach suggested by markus@","sink(int argc, char **argv, const char *src) /* new src param */
+ if (src != NULL && !iamrecursive && !Tflag) {
+   src_copy = strdup(src); restrict_pattern = strrchr(src_copy, '/'); if found, split it off
+ }
...
+ if (restrict_pattern != NULL && fnmatch(restrict_pattern, cp, 0) != 0)
+   SCREWUP(""filename does not match request"");","scp.c (+30/-9), scp.1 (+13/-3)","Derives a glob pattern from everything after the last '/' in the user's original source spec and requires every server-supplied filename to fnmatch() it. If the source spec has no '/' at all, restrict_pattern stays NULL and the check is skipped by design for that one edge case.","CVE-2023-35812","CWE-22 (Improper Limitation of a Pathname to a Restricted Directory) -- same class, narrower scope","5.3 MEDIUM -- CVSS:3.1/AV:N/AC:H/PR:N/UI:R/S:U/C:N/I:H/A:N","Amazon Linux 1/2's hand-maintained backport of the CVE-2019-6111 logic onto their OpenSSH 7.4 base package conditioned filename verification on the source path being ABSOLUTE, rather than reusing the upstream 'any slash present' (strrchr) test -- so any relative-path transfer with a directory component (e.g. scp host:subdir/*.conf ./) fell through unchecked, exactly like the narrow bare-filename edge case upstream intentionally accepted.","The backport approximated 'does this request have a directory component to check against' with 'is this path absolute' instead of correctly re-deriving strrchr(src,'/') != NULL from the genuine upstream patch -- a materially broader gap than upstream's own accepted edge case, introduced purely by how the fix was manually re-implemented on the old 7.4 codebase rather than backported verbatim.","# scp attacker-server:subdir/wanted.txt ./
# src has a directory component, is NOT absolute (no leading '/')
# Amazon Linux 7.4 backport: only the *absolute*-path case is verified -> filename check skipped
# -> server may reply with any filename, subject only to the pre-1983 traversal screen","Amazon Web Services Security (self-disclosed via ALAS advisory)","2023-08-03","~4.5 years (Apr 2019 upstream fix -> Aug 2023 Amazon disclosure), though Amazon Linux 7.4 never carried the 2019 fix at all until this backport","Not published as a standalone patch; Amazon Linux SRPM-internal (openssh-7.4p1-22.78.amzn1, openssh-7.4p1-22.amzn2.0.2)","Not independently mirrored on GitHub per source report -- documented at the level Amazon's own advisory specifies","ALAS-2023-1794 (Amazon Linux 1) / ALAS2-2023-2202 (Amazon Linux 2)","2023-08-07/08","openssh-7.4p1-22.78.amzn1 ; openssh-7.4p1-22.amzn2.0.2","Not independently retrievable (AWS does not publish the SRPM patch series as a standalone file); mechanism inferred to extend the check to the relative-path case per ALAS advisory wording.","scp.c, sink() (Amazon Linux 7.4 SRPM patch series)","ALAS advisory: extends filename verification to relative-path transfers with a directory component, closing the gap the absolute-path-only condition left open.","Field/parameter-family miss (distro backport re-derivation error) -- backport approximated the upstream condition with a narrower, differently-scoped condition","Illustrative request pattern given in source report (not a full weaponized PoC)","scp attacker-server:subdir/wanted.txt ./ against Amazon Linux 7.4 pre-fix scp: relative path with directory component bypasses the absolute-path-only check; server can substitute any filename.","A malicious or on-path (MITM) scp server presented to an Amazon Linux 1/2 client performing a relative-path directory transfer can silently substitute filenames, overwriting or creating unintended local files (e.g. dotfiles, potentially reaching sensitive locations subject to the pre-existing absolute/'..' traversal screen).","Amazon Linux 1 and Amazon Linux 2 openssh packages prior to the Aug 2023 ALAS fix","Original CVE-2019-6111: Harry Sintonen. Incomplete backport gap (CVE-2023-35812): identified/disclosed by Amazon Web Services Security.","ALAS advisory, verbatim: ""The fix for CVE-2019-6111 only covered cases where an absolute path is passed to scp. When a relative path is used there is no verification that the name of a file received by the client matches the file requested.""","INCOMPLETE FIX (per user definition) -- a distro-layer hand-backport re-derivation error, not a pure upstream incomplete fix; source report explicitly verifies no reintroduction (absolute-path branch remained intact) and no regression.","alas.aws.amazon.com ALAS-2023-1794 / ALAS2-2023-2202 ; github.com/openssh/openssh-portable commits 391ffc4b, 3d896c157 ; Debian security tracker (CVE-2019-6111 'partially fixed... applied complete fix' history)","Debian's own security tracker independently records a two-stage 'partially fixed... applied complete fix' history for CVE-2019-6111 itself in unstable, underscoring that this exact fix is easy to under-scope even by upstream-adjacent packagers, not just Amazon.","2","","","","","","","","","","","","","","CVE-2018-20685 (scp empty/'.' filename permissions issue) and CVE-2019-6109 (missing ANSI control-char sanitization) -- sibling 2019 Sintonen CVEs against the same scp client, fixed together upstream in OpenSSH 8.0 but NOT implicated by CVE-2023-35812.","","Not a formal automated regression test; source report constructs an illustrative before/after request pattern directly from the ALAS advisory wording.","Not individually specified in source report","Not given in source report","CWE-22 (both stages)","incomplete_fixes_all_3.odt"
"CASE-21","sysstat performance-monitoring suite (sar/sadc/sadf/mpstat/pidstat/iostat) -- common.c / sa_common.c","C","common.c ; common.h ; sa_common.c","check_overflow() (renamed mul_check_overflow3()/mul_check_overflow4() in v12.7.7); allocate_structures()","CVE-2022-39377","CWE-190 (Integer Overflow) / CWE-681 (Incorrect Conversion between Numeric Types)","Not individually restated for CVE-2022-39377 in source report","allocate_structures() multiplied three attacker-influenceable factors (msize * nr_ini * nr2) with no bounds check before passing the result to SREALLOC, allowing the product to overflow the allocation-size type (especially on 32-bit systems), yielding an undersized buffer subsequently written past its true size -- disclosed as GHSL-2022-074.","SREALLOC(act[i]->buf[j], void, (size_t) act[i]->msize * (size_t) act[i]->nr_ini * (size_t) act[i]->nr2); /* no bounds check anywhere */","9c4eaf150662ad40607923389d4519bc83b93540","https://github.com/sysstat/sysstat/commit/9c4eaf150662ad40607923389d4519bc83b93540","""Fix size_t overflow in sa_common.c (GHSL-2022-074)""","2022-10 (v12.7.1)","sysstat v12.7.1","Sebastien Godard (sysstat maintainer)","void check_overflow(size_t val1, size_t val2, size_t val3) {
  if ((unsigned long long)val1 * (unsigned long long)val2 * (unsigned long long)val3 > UINT_MAX) exit(4);
}
/* called immediately before every SREALLOC in allocate_structures() */","common.c (+25), common.h (+2), sa_common.c (+6)","Adds a new check_overflow() guard, called before every SREALLOC, that multiplies the three size-contributing factors as unsigned long long and rejects (exit(4)) if the product exceeds UINT_MAX.","CVE-2023-33204","CWE-190 (Integer Overflow) / CWE-681 -- the guard itself overflows","7.0 Important (Red Hat/ALAS rating; no CVSS vector individually given)","check_overflow()'s own defensive multiplication (three ~32-bit factors cast to unsigned long long) can itself overflow 64 bits: since each factor can be up to ~2^32-1, the true product can reach ~2^96, wrapping modulo 2^64 before the > UINT_MAX comparison runs, so specific large-value combinations wrap to a small number that passes the very check meant to reject them. Reported by pkopylov, GitHub issue #359, with concrete PoC values.","The guard added to fix CVE-2022-39377 used the same category of unguarded fixed-width multiplication as the original bug it was built to close -- e.g. check_overflow(UINT_MAX, UINT_MAX, 2147483648): exact product 39614081238685424725209907200 (~95 bits) wraps mod 2^64 to 2147483648, which is NOT > UINT_MAX, so exit(4) never fires and the undersized allocation proceeds.","check_overflow(UINT_MAX, UINT_MAX, 2147483648):
  64-bit wrapped product = 2147483648; 2147483648 > UINT_MAX(4294967295)? FALSE -- guard passes, bug reproduces.
check_overflow(UINT_MAX-100, UINT_MAX-5, 2849931574): wrapped product = 481680852; also FALSE -- guard passes.","pkopylov (GitHub issue #359)","2023-05-15","~7 months (Oct 2022 v12.7.1 -> May 2023 issue #359)","954ff2e2673cef48f0ed44668c466eab041db387 (v12.7.3); further hardening f (renamed mul_check_overflow3/4) in v12.7.7, 2025-02-02, no CVE assigned","https://github.com/sysstat/sysstat/commit/954ff2e2673cef48f0ed44668c466eab041db387","PR #360, ""Fix an overflow which is still possible for some values.""","2023-05 (v12.7.3); CVE-2023-33204 published 2023-05-18","sysstat v12.7.3","if ((val1!=0)&&(val2!=0)&&(val3!=0) &&
   ((UINT_MAX/val1 < val2) || (UINT_MAX/(val1*val2) < val3))) exit(4);
/* division-based test: exact per-step, never forms the full 3-factor product */","common.c, check_overflow() (+5/-2)","Replaces multiply-then-compare with a divide-based test (UINT_MAX/val1 < val2, then UINT_MAX/(val1*val2) < val3) that never forms the full three-factor product and therefore cannot itself wrap; zero-guards added to avoid divide-by-zero.","Wrong invariant / off-by-construction -- the guard's own arithmetic used the identical unguarded-multiplication pattern as the bug it was fixing","Yes -- exact PoC input values from issue #359, independently re-verified with 128-bit-safe arithmetic in source report","check_overflow(UINT_MAX, UINT_MAX, 2147483648) and check_overflow(UINT_MAX-100, UINT_MAX-5, 2849931574) both wrap to values at or below UINT_MAX under the 9c4eaf15 guard despite true products ~2^31x and ~2^37x larger than UINT_MAX.","An attacker able to supply a crafted sysstat activity/log file (or otherwise influence msize/nr_ini/nr2) drives an undersized SREALLOC allocation that is then written past its true size -- a heap buffer overflow with plausible RCE potential, per the GHSA advisory rating.","sysstat v12.7.1 through v12.7.2 (carrying 9c4eaf15 but not 954ff2e2)","CVE-2022-39377: Google OSS-Fuzz-adjacent security review (GHSL-2022-074). CVE-2023-33204: pkopylov (also authored the fix, PR #360).","Ubuntu CVE tracker for CVE-2022-39377, per source report: notes 'incomplete fix... caused CVE-2023-33204'","INCOMPLETE FIX (per user definition) -- source report explicitly verifies no regression (no prior check existed to degrade) and no reintroduction (check_overflow() persisted, actively used, throughout); rare THREE-STAGE lineage: original guard -> division-based fix -> a further 2025 rework (v12.7.7) that closed a residual, no-CVE-assigned 64-bit edge case AND an entirely separate, previously-unguarded 4-factor allocation site.","github.com/sysstat/sysstat commits 9c4eaf15, 954ff2e2 ; GHSA-q8r6-g56f-9w7x ; sysstat issues #359, #403 ; sysstat 12.7.7 release notes (sysstat.github.io) ; Debian DLA-3434-1 ; Ubuntu USN-6145-1 ; alas.aws.amazon.com","Distribution trackers disagreed on severity/scope: Debian flagged CVE-2023-33204 <ignored> for bookworm as 'Minor issue, limited to 32 bit archs' while citing the same fix commit Red Hat rated 7.0 Important without a 32-bit qualifier -- issue #403 (Jan 2025) challenged the '32-bit only' framing directly, precipitating the v12.7.7 rework.","2","None assigned -- described by sysstat's own release notes as further hardening of the same lineage, not a fourth CVE-numbered incident","sysstat v12.7.7 tag (github.com/sysstat/sysstat, common.c/sa_common.c); introduces mul_check_overflow3()/mul_check_overflow4(), replacing check_overflow()","2025-02-02, sysstat v12.7.7","Complete rework: re-types parameters unsigned int -> size_t (enabling a genuinely 64-bit-safe check), adds a leading (UINT_MAX < val1) disjunct that the 954ff2e2 unsigned-int signature made structurally impossible but the size_t re-type reopened; adds a new mul_check_overflow4() guarding a FOURTH allocation site (spmin/spmax, nr_alloc*nr2*xnr*sizeof(double)) that had NO overflow guard of any kind in either 9c4eaf15 or 954ff2e2 -- an independently-verified additional gap neither CVE record describes. Also restructures both guards to return the validated product for direct use in SREALLOC, eliminating any drift between the checked and the actually-allocated size.","","","","","Chronology confirmed straightforward: original_fix (2022) -> complete_fix (2023) -> third_fix_attempt (v12.7.7, 2025) are in correct forward chronological order matching their column positions.","","","","","","pkopylov both reported the incomplete-fix gap (issue #359) and authored its fix (PR #360) -- a reporter-as-fixer pattern.","Source report provides a minimal functional test: calling check_overflow(UINT_MAX, UINT_MAX, 2147483648U) should exit(4) on a patched build but return normally pre-fix -- independently re-verified arithmetically with 128-bit-safe computation.","Not individually specified in source report","Not given in source report","CWE-190 / CWE-681 (both stages)","incomplete_fixes_all_3.odt"
"CASE-22","Linux kernel -- Xen PV network backend (xen-netback), plus arch p2m layer","C","drivers/net/xen-netback/netback.c ; arch/x86/xen/p2m.c ; arch/arm/xen/p2m.c","xenvif_tx_action(); set_foreign_p2m_mapping() (x86 and arm implementations)","CVE-2021-26931 (XSA-362)","CWE-248 / improper error handling (deliberate crash treated as the only response to a recoverable condition)","Not individually restated for XSA-362 in source report","xen-netback's TX path treated any gnttab_map_refs() failure (including guest-influenced, memory-pressure-driven -ENOMEM) as an unrecoverable bug via BUG_ON(ret), causing a host-wide kernel panic triggerable by ordinary memory pressure coinciding with guest network traffic.","if (nr_mops != 0) {
  ret = gnttab_map_refs(queue->tx_map_ops, NULL, queue->pages_to_map, nr_mops);
  BUG_ON(ret);
}","3194a1746e8aabe86075fd3c5e7cf1f4632d7f16","https://github.com/torvalds/linux/commit/3194a1746e8aabe86075fd3c5e7cf1f4632d7f16","""xen-netback: don't 'handle' error by BUG()""; part of XSA-362","2021-02-15/16","Linux mainline + stable branches, Feb 2021","Jan Beulich (SUSE)","- if (nr_mops != 0) {
+ if (nr_mops != 0)
   ret = gnttab_map_refs(...);
-   BUG_ON(ret);
- }","netback.c, xenvif_tx_action() (1 insertion, 3 deletions)","Removes the BUG_ON(ret) panic entirely -- but does not replace it with any other consumer of ret; the return value is now computed and silently discarded.","CVE-2021-28038 (XSA-367)","CWE-252 (Unchecked Return Value) / CWE-770 (Allocation of Resources Without Limits)","6.5 MEDIUM (Ubuntu)","XSA-367, verbatim: 'XSA-362 tried to address issues here, but in the case of the netback driver the changes were insufficient: It left the relevant function invocation with, effectively, no error handling at all.' A whole-batch gnttab_map_refs() failure is now silently discarded, so xenvif_tx_submit() proceeds to operate on partially-mapped or unmapped buffers as though mapping had fully succeeded -- still leading to frontend-induced backend crashes, just via undefined behavior instead of a deliberate panic.","The BUG_ON()-removal fix's own commit message argued that downstream code 'already looks at each map operation's individual status field' -- true, but that per-slot invariant depends on gnttab_set_map_op() having pre-populated every status field before the hypercall runs, and nothing at the netback call site verified or logged when the WHOLE BATCH hypercall itself had failed. Discovered mechanically by Intel's kernel test robot flagging the now-unused 'ret' variable during routine CI analysis.","ret = gnttab_map_refs(queue->tx_map_ops, NULL, queue->pages_to_map, nr_mops);
/* ret computed, then discarded entirely -- no log, no check, no recovery */
work_done = xenvif_tx_submit(queue); /* processes every slot as if fully mapped */","Intel kernel test robot (lkp@intel.com), automated CI flagging the unused 'ret' variable","~2021-02-2x (shortly after the 2021-02-15 fix, per source report timeline)","~10 days (2021-02-15 fix -> 2021-02-25 follow-up commits authored)","2991397d23ec597405b116d96de3813420bdcbc3 ; 8310b77b48c5558c140e7a57a702e7819e62f04e","https://github.com/torvalds/linux/commit/2991397d23ec597405b116d96de3813420bdcbc3 ; https://github.com/torvalds/linux/commit/8310b77b48c5558c140e7a57a702e7819e62f04e","""xen-netback: respect gnttab_map_refs()'s return value"" (Reported-by: kernel test robot); ""Xen/gnttab: handle p2m update errors on a per-slot basis""; both part of XSA-367","2021-02-25 (authored); XSA-367 v2 with CVE published 2021-03-05","Linux 5.11.1, 5.10.21, 5.4.103, and 4.19.x/4.14.x stable branches","Commit 1 (2991397d23ec): if (ret) { netdev_err(...); for (i...) WARN_ON_ONCE(queue->tx_map_ops[i].status == GNTST_okay); }
Commit 2 (8310b77b48c5): set_foreign_p2m_mapping() (arch/x86 + arch/arm) now flags failing slots individually and unmaps what was mapped right away, instead of bailing out immediately and leaving the batch's p2m state ambiguous.","netback.c (+11/-1); arch/arm/xen/p2m.c + arch/x86/xen/p2m.c (parallel per-architecture fix, same commit)","Restores a real consumer for gnttab_map_refs()'s return value (logs + WARN_ON_ONCE cross-check), AND fixes the deeper per-slot p2m error handling in both x86 and arm implementations of set_foreign_p2m_mapping() so a partial batch failure leaves no slot in an ambiguous state.","Upstream/downstream caller miss -- error value computed but never consumed at the call site; deeper p2m layer's per-slot error handling also missing beneath it","Concrete trigger scenario described narratively in source report (guest TX burst + host memory pressure); no scripted exploit","PV guest floods outgoing traffic while dom0 is under memory pressure; gnttab_map_refs() partially fails with -ENOMEM; xenvif_tx_submit() proceeds to process every slot as fully mapped, reading/forwarding garbage packet data or oopsing the backend kernel.","A hostile or simply resource-hungry co-resident PV guest on a multi-tenant host induces host memory pressure during its own network activity, causing a frontend-induced crash (or garbage-data processing) in the shared backend kernel -- a host-wide denial of service reachable without any privileged access.","Linux kernels carrying commit 3194a1746e8a (Feb 15 2021) but not 2991397d23ec/8310b77b48c5 (Feb 25 2021) -- an approximately 10-day window","XSA-362 original: reported generically (block/net/SCSI backends BUG() pattern); fix by Jan Beulich (SUSE). XSA-367 gap: discovered by Intel's automated kernel test robot; fix also by Jan Beulich (same author as the original fix).","XSA-367, verbatim: 'XSA-362 tried to address issues here, but in the case of the netback driver the changes were insufficient: It left the relevant function invocation with, effectively, no error handling at all.'","INCOMPLETE FIX (per user definition) -- discovered via an unusually mechanical signal (CI flagging an unused variable) rather than security research; same author (Jan Beulich) authored both the original and follow-up fixes.","xenbits.xen.org/xsa/advisory-362.html ; xenbits.xen.org/xsa/advisory-367.html ; github.com/torvalds/linux commits 3194a1746e8a, 2991397d23ec, 8310b77b48c5 ; kernel.org ChangeLog-5.10.21 / ChangeLog-5.4.103","The companion p2m fix (8310b77b48c5) patches TWO independent, per-architecture implementations (arch/arm/xen/p2m.c and arch/x86/xen/p2m.c) of set_foreign_p2m_mapping() in the same commit -- itself a parallel-implementation pattern nested inside this upstream/downstream-caller-miss case.","2","","","","","","","","","","","","","","","Same author (Jan Beulich, SUSE) wrote both the original BUG_ON()-removal fix and the follow-up error-handling restoration 10 days later -- a same-author self-correction, credited explicitly to the kernel test robot's automated report rather than to Beulich's own re-review.","No formal regression test described; the WARN_ON_ONCE() added by the complete fix functions as an ongoing runtime assertion that the per-slot invariant holds.","Not individually specified in source report","Not given in source report","CWE-248 (original stage, informal); CWE-252 / CWE-770 (incomplete-fix stage)","incomplete_fixes_all_3.odt"
"CASE-23","Xen hypervisor -- VT-d IOMMU cache-sync core and EPT/HAP shared-page-table code (x86 Intel systems only)","C","xen/drivers/passthrough/vtd/iommu.c ; xen/arch/x86/mm/p2m-ept.c ; xen/include/asm-x86/iommu.h","atomic_write_ept_entry(); ept_split_super_page(); ept_next_level(); iommu_flush_iotlb()","CVE-2020-15565 (XSA-321)","CWE-1233 / CWE-668 (missing CPU-cache write-back before IOMMU page-table walk on shared HAP/EPT tables)","Not individually restated for XSA-321 in source report","When EPT/HAP page tables are shared between CPU and a non-cache-coherent VT-d IOMMU, CPU writes to those tables must be explicitly written back to memory before the IOMMU walks them; this write-back was missing, particularly when splitting large (2MB/1GB) page mappings into smaller granularity, letting a malicious guest retain DMA access to reassigned physical frames. Reported by Roger Pau Monne (Citrix), who authored the fix.","write_atomic(&entryptr->epte, new.epte);
return 0; /* no cache write-back before IOMMU may observe this entry */","9-patch series xsa321-1 through xsa321-9; key patches xsa321-3 (cache-sync hook) and xsa321-7 (3 EPT call sites)","https://xenbits.xen.org/xsa/advisory-321.html","XSA-321, 9-part patch series","2020-07-07","xen-unstable / Xen 4.12 and later (direct); backported to 4.9-4.13 stable branches","Roger Pau Monne (Citrix)","+#define iommu_sync_cache(addr, size) ({ ...; if (ops->sync_cache) iommu_vcall(ops, sync_cache, addr, size); })
@@ atomic_write_ept_entry(): + if (!new.recalc && iommu_use_hap_pt(...)) iommu_sync_cache(entryptr, sizeof(*entryptr));
@@ ept_split_super_page(): + if (iommu_use_hap_pt(...)) iommu_sync_cache(table, EPT_PAGETABLE_ENTRIES*sizeof(ept_entry_t));
@@ ept_next_level(): + if (iommu_use_hap_pt(...)) iommu_sync_cache(next, EPT_PAGETABLE_ENTRIES*sizeof(ept_entry_t));","xen/include/asm-x86/iommu.h (new hook); xen/arch/x86/mm/p2m-ept.c (+23/-1, three call sites)","Introduces a generic iommu_sync_cache() hook (via iommu_ops.sync_cache) usable outside the VT-d driver, and wires it into all three EPT/p2m call sites that modify IOMMU-visible page-table entries, including the large-page-split function XSA-321 calls out by name.","CVE-2021-27379 (XSA-366)","Same class as original -- missing cache write-back, confined to the 4.11.x stable-branch backport","7.8 HIGH -- CVSS:3.1/AV:L/AC:L/PR:L/UI:N/S:U/C:H/I:H/A:H (Debian)","XSA-366, verbatim: 'An oversight was made when backporting XSA-321, leading entries in the IOMMU not being properly updated under certain circumstances.' A backport onto the older, structurally different 4.11.x p2m-ept.c had three separate hunks (matching the three xsa321-7.patch call sites) to manually re-apply against non-matching code, and left one out.","The fix's DESIGN was never wrong -- Xen 4.12+, which received the patch series directly, was never vulnerable to CVE-2021-27379 at all. The gap is purely a mechanical backporting error: re-creating three non-matching hunks against a differently-refactored 4.11.x codebase left one of the three call sites (atomic_write_ept_entry / ept_split_super_page / ept_next_level) without its iommu_sync_cache() call.","/* on affected 4.11.x: one of the three EPT/p2m call sites is missing its
   iommu_sync_cache() call; IOMMU may walk stale cache-resident page-table
   data reflecting an old, already-reassigned large-page mapping */","M. Vefa Bicakci (reported as an apparent correctness bug, not initially flagged as security); security significance recognized by Roger Pau Monne (Citrix) -- the ORIGINAL XSA-321 fix's own author","2021-02-18 (XSA-366 v1); CVE assigned 2021-02-23 (v2)","~7 months (Jul 2020 XSA-321 -> Feb 2021 XSA-366), affecting only the 4.11.x-and-earlier stable branches","xsa366-4.11.patch (SHA-256 8c8c18ca8425e6167535c3cf774ffeb9dcb4572e81c8d2ff4a73fefede2d4d94)","https://xenbits.xen.org/xsa/xsa366-4.11.patch","XSA-366 v2, patch xsa366-4.11.patch","2021-02-23","Xen 4.11.x stable branch (4.12+ never affected)","Restores the missing iommu_sync_cache() call to the specific 4.11.x-branch EPT/p2m call path the earlier backport of xsa321-7.patch had failed to re-create; exact hunk not independently reproduced in source report (patch verified via published SHA-256, not diffed inline).","4.11.x-branch xen/arch/x86/mm/p2m-ept.c (one of the three call sites restored)","SUSE update notes, per source report: corrects 'an issue where entries in the IOMMU were not being updated under certain circumstances due to improper backport of XSA-321.'","Structural duplication (backport/maintenance-process failure, not a design defect) -- multi-hunk fix manually re-applied against a differently-structured branch; xen-unstable/4.12+ always had the correct, complete version","Concrete trigger scenario in source report (HVM guest with PCI passthrough + large-page split via ballooning/migration); no scripted exploit","HVM guest with PCI device passthrough on affected 4.11.x triggers an EPT large-page split (via ballooning or live migration); the IOMMU may continue walking stale cache-resident page-table data for a window after Xen reassigns the underlying physical frame, giving the passed-through device DMA access to the frame's new contents.","A malicious HVM guest with a passed-through PCI device retains read/write DMA access to a physical frame after Xen has reassigned it to a different guest or purpose, enabling data corruption, information disclosure, host DoS, or potentially privilege escalation -- on any Xen 4.11.x-or-earlier host with IOMMU/HAP page-table sharing enabled (the default when hardware supports it).","Xen up to and including 4.11.x; Xen 4.12+ never affected (received the correct fix directly, not via backport)","XSA-321 original: Roger Pau Monne (Citrix), also primary fix author. XSA-366 backport gap: reported by M. Vefa Bicakci; security significance recognized by Roger Pau Monne -- the same engineer who wrote the correct xen-unstable fix in the first place.","XSA-366 v1->v2 diff itself is informative: 'Fixed erroneous reference to XSA-320; should have read XSA-321' -- the Xen security team's own first draft initially cited the wrong predecessor advisory.","INCOMPLETE FIX (per user definition), explicitly framed by source report as a backporting/maintenance-process failure rather than a technical-design failure -- the clearest 'design was always correct, only the manual backport execution failed' case in this batch.","xenbits.xen.org/xsa/advisory-321.html ; xenbits.xen.org/xsa/advisory-366.html ; oss-security XSA-366 v2 mail (openwall.com) ; SUSE-SU-2021:1250-1 / 1268-1 ; Debian DSA-4888-1","Source report reproduces the complete, published SHA-256 checksums for every XSA-321/XSA-366 patch file, since Xen hypervisor patches (unlike GitHub commits) are not natively content-addressed -- an unusually strong verifiability mechanism specific to this case.","2","","","","","","","","","","","","The xen-unstable / Xen 4.12+ implementation of the same XSA-321 fix (all 9 patches, all 3 EPT call sites) is the direct, correct, prior-and-parallel implementation the 4.11.x backport should have matched -- it was never vulnerable to CVE-2021-27379 at all, making it a textbook sibling-implementation reference point.","","XSA-346 (related IOMMU/page-table-sharing context, iommu_hap_pt_share) cited as background only, not part of this lineage.","Roger Pau Monne both authored the original correct fix (on xen-unstable) and recognized the security significance of Bicakci's correctness-bug report for the 4.11.x backport -- direct first-party continuity across both fixes.","Verification guidance given as source inspection (confirm all 3 call sites call iommu_sync_cache() when iommu_use_hap_pt() is true) and command-line mitigations (iommu=no-sharept, hap_2mb=no hap_1gb=no) rather than an automated test.","Not individually specified in source report","Not given in source report","CWE-1233 / CWE-668 (both stages)","incomplete_fixes_all_3.odt"
"CASE-24","gnome-autoar (GLib/GIO + libarchive helper library) -- used by Nautilus, GNOME Shell, file-roller for archive extraction","C","gnome-autoar/autoar-extractor.c","autoar_extractor_do_sanitize_pathname(); is_valid_filename(); autoar_extractor_check_file_conflict() (final fix)","CVE-2020-36241","CWE-22 (Path Traversal) / CWE-59 (symlink following)","Not individually restated in source report","autoar_extractor_do_sanitize_pathname() validated a candidate extraction path using only purely-lexical/textual checks (g_file_equal / g_file_has_prefix), never consulting the filesystem for symlinks already present within the destination tree; a symlinked parent directory could make a textually-inside path actually resolve outside the destination.","valid_filename = g_file_equal(extracted_filename, self->destination_dir) ||
                  g_file_has_prefix(extracted_filename, self->destination_dir);
/* purely lexical: does not consult the filesystem at all */","adb067e645732fdbe7103516e506d09eb6a54429","https://gitlab.gnome.org/GNOME/gnome-autoar/-/commit/adb067e645732fdbe7103516e506d09eb6a54429","""AutoarExtractor: Do not extract files outside the destination dir""; Fixes: GNOME/gnome-autoar#7","Prior to gnome-autoar 0.2.5","gnome-autoar 0.2.5","Ondrej Holy","static gboolean is_valid_filename(GFile *file, GFile *destination) {
  if (g_file_equal(file, destination)) return TRUE;
  if (!g_file_has_prefix(file, destination)) return FALSE;
  /* query parent for symlink; if symlink, resolve relative target and recurse */
  ...
  return is_valid_filename(parent, destination);
}","gnome-autoar/autoar-extractor.c, new is_valid_filename() recursive function","Replaces the purely-lexical prefix check with a recursive function that walks up the parent chain and, whenever it finds a symlink, resolves its (relative) target and recurses -- genuinely consulting the filesystem's link structure.","CVE-2021-28650","CWE-22 / CWE-59 -- same class, four distinct residual bypasses","Low (SUSE) / Moderate (Red Hat, bundled GNOME update)","GNOME/gnome-autoar issue #12 (opened by the SAME developer who wrote the original fix, Ondrej Holy) documents four distinct bypasses of adb067e6's recursive symlink check: (1) chained-symlink target confusion the single-level recursion mishandles, (2) common-prefix stripping that runs AFTER the symlink check on a different, later-computed path, (3) GFile-vs-raw-string '..'-segment semantics diverging from POSIX path resolution, and (4) hardlink targets that can land outside the destination as a consequence of (1)-(3), with a further in-place-overwrite risk since G_FILE_CREATE_REPLACE_DESTINATION was not being used.","The recursive symlink-resolution design exists and runs on every extraction, but there are specific input shapes (chained symlinks, prefix-stripping timing, GFile '..' semantics) for which it produces the wrong (permissive) answer, or for which a later processing stage (prefix stripping) invalidates an answer the check got right for a different, earlier-computed path.","/* Combining bypasses (b)+(c): archive shares a top-level dir the common-prefix
   logic strips; entry 1 creates project-v1.0/inner as a symlink to '.'; entry 2
   is project-v1.0/inner/../../outside-file. is_valid_filename() validates a
   GFile computed BEFORE prefix-stripping; the actually-written path (after
   prefix-stripping + GIO's textual '..' resolution) diverges and lands outside
   the destination despite validation reporting no problem. */","Ondrej Holy (same author as the original fix), prompted by file-roller issue #108","Not individually dated beyond 'after further investigation' in source report","Not precisely dated in source report","8109c368c6cfdb593faaf698c2bf5da32bb1ace4","https://gitlab.gnome.org/GNOME/gnome-autoar/-/commit/8109c368c6cfdb593faaf698c2bf5da32bb1ace4","""extractor: Do not allow symlink in parents""; Fixes: GNOME/gnome-autoar#12","gnome-autoar 0.3.1","gnome-autoar 0.3.1","/* autoar_extractor_check_file_conflict() -- does NOT follow symlinks; any
   symlink found anywhere in a candidate path's parent chain is now an
   unconditional conflict, regardless of what it points to. Matches tar's
   own ENOTDIR-on-symlink-parent behavior. */","gnome-autoar/autoar-extractor.c, autoar_extractor_check_file_conflict() (policy rewrite)","Abandons the 'try to resolve and verify every possible symlink chain' design entirely (given its demonstrated history of edge cases) in favor of a categorical rule: any symlink anywhere in the parent chain is an unconditional conflict, full stop.","Wrong invariant / off-by-construction (recursive verify-then-trust design had irreducible edge cases) -- resolved by switching from a permissive resolve-and-check policy to a categorical deny-all-symlink-parents policy","Concrete 2-entry archive construction described narratively in source report combining bypasses (b) and (c)",".zip with a shared top-level directory (triggering prefix-stripping) containing a symlink-to-'.' entry followed by a '../../outside-file' entry; the path actually validated diverges from the path actually written once prefix-stripping and GIO's textual '..' resolution are both applied.","A user extracts a malicious downloaded/emailed archive via Nautilus, GNOME Shell, or file-roller ('Extract Here'); files are written outside the selected destination directory, potentially overwriting existing files via the hardlink-target bypass.","gnome-autoar 0.2.5 through 0.3.0 (carrying adb067e6 but not 8109c368)","Both CVE-2020-36241 and CVE-2021-28650: Ondrej Holy (GNOME) -- same developer authored the original fix, then discovered and fixed his own fix's residual bypasses after a related file-roller issue (#108) prompted further investigation.","Issue #12 title, verbatim (per source report): 'CVE-2021-28650: A malicious archive allows Directory Traversal during extraction in complex situations'","INCOMPLETE FIX (per user definition) -- source report explicitly separates this from a DISTINCT, already-resolved regression (commit cc4e8b7c, a Debian-tracked 'regression fix' for adb067e6 applied well before CVE-2021-28650) so the two episodes are not conflated.","gitlab.gnome.org/GNOME/gnome-autoar commits adb067e6, 8109c368 ; GNOME/gnome-autoar issues #7, #12 ; file-roller issue #108 ; file-roller commit 21dfcdbf ; RHSA-2021:4381 ; SUSE Bugzilla 1184169","file-roller maintains a SECOND, independent extraction backend (fr-archive-libarchive.c) that does not always route through gnome-autoar at all, and needed its own separately-authored fix (commit 21dfcdbf, Paolo Bacchielega) for the identical symlink-in-parents weakness class -- independent rediscovery in a sibling codebase built around the same libarchive extraction model, confirming this is a general weakness class rather than a gnome-autoar idiosyncrasy.","2","","","","","","","","","","","","file-roller's own independent libarchive extraction backend (fr-archive-libarchive.c) received a separately-authored fix (commit 21dfcdbf, 2020-04-12, Paolo Bacchielega) for the same symlink-in-parents weakness class, and file-roller issue #108 tracked the same residual-bypass class this report documents for gnome-autoar -- a genuine sibling-component analogous fix, independently discovered.","","","Ondrej Holy authored both the original fix and its own follow-up correction -- a same-author self-correction, similar in pattern to CASE-23's Roger Pau Monne and CASE-22's Jan Beulich.","Not specified as an automated regression test in source report; issue #12 documents the four bypasses narratively with GitLab issue commentary.","Not individually specified in source report","Not given in source report","CWE-22 / CWE-59 (both stages)","incomplete_fixes_all_3.odt"
"CASE-25","Pillow (Python Imaging Library fork) -- src/libImaging/TiffDecode.c","C","src/libImaging/TiffDecode.c","_decodeStripYCbCr() (introduced by the incomplete fix, replacing the old combined ReadStrip())","CVE-2020-35654","CWE-787 (Out-of-Bounds Write)","Rated equivalent to the follow-on (heap overflow, arbitrary write); not separately vectorized in source report","The pre-existing ReadStrip() function, when decoding YCbCr-photometric TIFF files, sized its libtiff RGBA output buffer from caller-declared strip dimensions with no overflow check and no realloc()-NULL check before writing -- an out-of-bounds write on corrupt/crafted files.","TIFFGetFieldDefaulted(tiff, TIFFTAG_ROWSPERSTRIP, &rows_per_strip);
/* no overflow check on rows_per_strip*img.width*4, no bounds check before caller's realloc() */
ok = TIFFRGBAImageGet(&img, buffer, img.width, rows_to_read);","eb8c120","https://github.com/python-pillow/Pillow/commit/eb8c120","Pillow 8.1.0 release, substantial TiffDecode.c refactor","January 2021","Pillow 8.1.0","wiredfool (Pillow core maintainer)","int _decodeStripYCbCr(...) {
  if (INT_MAX / 4 < img.width) { ...; return -1; } /* overflow check 1 */
  row_byte_size = img.width * 4;
  if (INT_MAX / row_byte_size < rows_per_strip) { ...; return -1; } /* overflow check 2 */
  state->bytes = rows_per_strip * row_byte_size;
  new_data = realloc(state->buffer, state->bytes);
  if (!new_data) { ...; return -1; } /* NULL check */
  ...
  if (TIFFRGBAImageGet(&img, (UINT32*)state->buffer, img.width, rows_to_read) == -1) { /* BUG: never -1 */ ...; return -1; }
}","src/libImaging/TiffDecode.c, new _decodeStripYCbCr() function (+181/-54 across the file)","Splits combined ReadStrip() into _decodeStrip()/_decodeStripYCbCr(), adds genuine overflow-safe buffer sizing (INT_MAX checks) and a realloc()-NULL check to both -- exactly the protections CVE-2020-35654 needed, and they remain correct and unmodified ever since. Within the same commit, the decode-error check was newly written incorrectly: TIFFRGBAImageGet() returns 0/1 (never -1), so `== -1` can never be true.","CVE-2021-25289","CWE-787 (Out-of-Bounds Write) -- same class, different mechanism (failure-detection bypass rather than sizing overflow)","GitHub Advisory: CRITICAL","GHSA-57h3-9rgr-c24m, per source report: exists because of an incomplete fix for CVE-2020-35654. A crafted YCbCr file causing a libtiff RGBA-mode 'interpretation conflict' makes TIFFRGBAImageGet() fail partway through populating the buffer; because the failure check (== -1) can never trigger, the failure is silently treated as success and stale/uninitialized heap memory is shuffled into the final image buffer.","The security property the 2020 fix was meant to establish (overflow-safe sizing + successful allocation) was fully and correctly established and remains intact. A DIFFERENT, narrower question -- did this specific libtiff call actually succeed -- was answered by a newly-written but semantically broken comparison (== -1 instead of matching libtiff's real 0/1 return convention) introduced within the SAME commit that fixed the sizing issue.","if (TIFFRGBAImageGet(&img, (UINT32 *)state->buffer, img.width, rows_to_read) == -1) {
  /* never true -- libtiff returns 0 (fail) or 1 (success), never -1 */
  ...
}
/* falls through to shuffle partially-uninitialized/stale buffer contents into the image */","Reported via Tidelift (same channel as the original)","~3 weeks after Pillow 8.1.0 shipped","~3 weeks (Jan 2021 8.1.0 -> 2 Mar 2021 8.1.1)","cbfdde7b1f2295059a20a539ee9960f0bec7b299","https://github.com/python-pillow/Pillow/commit/cbfdde7b1f2295059a20a539ee9960f0bec7b299","""Incorrect error code checking in TiffDecode.c""","2021-03-01","Pillow 8.1.1","- if (TIFFRGBAImageGet(&img, (UINT32 *)state->buffer, img.width, rows_to_read) == -1) {
+ if (!TIFFRGBAImageGet(&img, (UINT32 *)state->buffer, img.width, rows_to_read)) {","src/libImaging/TiffDecode.c, _decodeStripYCbCr() (+1/-1), plus 2 new regression-test TIFF fixtures","One-line correction: replaces the impossible == -1 test with a direct falsiness check matching libtiff's real 0/1 return convention (matching what the ORIGINAL pre-2020 ok == 0 check had gotten right). Adds two crash-reproducer TIFF files to the regression suite.","Wrong invariant / off-by-construction -- a newly-written comparison inside a large, otherwise-correct refactor used the wrong sentinel value for the callee's actual return convention","Referenced via crafted TIFF regression-test fixtures added in the fix commit (crash-0e16d3bf..., crash-1152ec2d...)","A crafted YCbCr TIFF engineered to cause a libtiff RGBA-mode 'interpretation conflict' partway through decoding; TIFFRGBAImageGet() returns 0 (failure) but the broken == -1 check never fires, so the partially-populated/stale buffer is shuffled into the final image.","An application using Pillow to open an untrusted, crafted YCbCr TIFF (e.g. a web upload handler, document thumbnailer) triggers a heap-based buffer overflow / disclosure of adjacent heap memory into the decoded image.","Pillow 8.1.0 (carrying eb8c120 but not cbfdde7)","Both CVE-2020-35654 and CVE-2021-25289: wiredfool (Pillow core maintainer), both reported via Tidelift and both fixed by the same author.","GHSA-57h3-9rgr-c24m states explicitly (official CNA classification, per source report): CVE-2021-25289 'exists because of an incomplete fix for CVE-2020-35654.'","INCOMPLETE FIX (per user definition) -- source report gives an unusually careful counterargument-and-rebuttal analysis (Section 2.7) explaining why this is NOT a regression despite the defective line being newly-authored code within the very refactor that fixed the original CVE, not old code the fix failed to reach.","GHSA-57h3-9rgr-c24m ; GHSA-vqcj-wrf2-7v73 ; github.com/python-pillow/Pillow commits eb8c120, cbfdde7 ; Pillow 8.1.0/8.1.1 release notes ; github.com/python-pillow/Pillow/compare/8.1.0...8.1.1","Pillow 8.1.1 fixed THREE sibling CVEs in the immediately-surrounding decoder code the same day, all authored by wiredfool: CVE-2021-25291 (OOB read, tile validity check, commit 8b8076b), CVE-2021-25290 (negative size read, commit e25be1e), CVE-2021-25293 (OOB read in SgiRleDecode.c, commit f891baa) -- direct corroborating evidence of a broader, then-ongoing hardening effort against the same libtiff-interaction defect class across multiple related code paths (strips vs tiles, YCbCr vs plain), not an isolated one-off.","2","","","","","","","","","","","","Sibling commit 8b8076b (CVE-2021-25291) touches the tile-based decode path immediately adjacent to this case's strip-based YCbCr path in the same file, same release, same author -- adding a TIFFCheckTile() sanity check for the same category of Pillow/libtiff size-view disagreement.","","CVE-2021-25291, CVE-2021-25290, CVE-2021-25293 -- three sibling CVEs fixed the same day (Pillow 8.1.1) in adjacent TiffDecode.c/SgiRleDecode.c code, not part of this specific lineage.","wiredfool authored both the original and complete fix; complete fix committed by radarhere.","Two new crash-reproducer TIFF files added to Tests/test_tiff_crashes.py in the complete-fix commit, permanently regression-testing the exact files that demonstrated the overflow.","Not individually specified in source report","Not given in source report","CWE-787 (both stages)","incomplete_fixes_all_3.odt"
"CASE-26","Zstandard (zstd) command-line utility -- programs/fileio.c, programs/util.c","C","programs/fileio.c ; programs/util.c","FIO_openDstFile(); UTIL_chmod(); UTIL_umask() (added by final fix)","CVE-2021-24031","CWE-362 (Race Condition) / CWE-276 (Incorrect Default Permissions)","Not individually restated for CVE-2021-24031 in source report","The zstd CLI created output files at ordinary default (umask-governed) permissions and only adjusted them to match the source file's actual mode at the very end of the operation -- for the entire compression/decompression duration, the output file carried broader permissions than intended (e.g. mode 600 source -> file.zst at mode 644 while compressing).","FILE* const f = fopen(dstFileName, ""wb""); /* created at default perms */
/* ... permissions only adjusted to match source at operation's true end ... */","3968160a916a759c3d3418da533e1b4f8b795343","https://github.com/facebook/zstd/commit/3968160a916a759c3d3418da533e1b4f8b795343","""[programs] set chmod 600 after opening destination file""; Fixes #1630","2019-06-08","zstd v1.4.1","Mike Swanson","FILE* const f = fopen(dstFileName, ""wb"");
if (f == NULL) { ...; }
+ chmod(dstFileName, 00600);
return f;","programs/fileio.c, FIO_openDstFile()","Restricts the output file to 0600 within microseconds of creation, immediately after fopen() returns, only widening it back to the source's actual permissions once compression genuinely completes -- closes the end-of-operation exposure window CVE-2021-24031 reported.","CVE-2021-24032","CWE-362 (Race Condition) -- same class, opposite end of the file's life","4.7 MEDIUM -- CVSS:3.1/AV:L/AC:H/PR:L/UI:N/S:U/C:H/I:N/A:N","GitHub issue #2491, verbatim per source report: 'The patches for #1630 still create the file with the default umask, before chmod'ing down to 0600, so an attacker could still open it in the meantime. inotify can for instance help automating such an attack.' The interval between fopen() (default perms) and the immediately-following chmod(00600) is a genuine, exploitable race, however short.","The 2019 fix closed the END-of-operation exposure window (final permission transfer) but the fix's own mechanism -- fopen() at default perms, THEN chmod() -- structurally created a new, much shorter but still real window at the OPPOSITE end (file creation itself). A local attacker using inotify to watch for file creation can race the immediately-following chmod() call.","FILE* const f = fopen(dstFileName, ""wb""); /* file exists at default perms for this instant */
chmod(dstFileName, 00600); /* attacker monitoring via inotify can open() between these two calls */","felixhandte (GitHub issue #2491), also the complete-fix author","Not individually dated beyond leading to the 2021-02-11 fix","~1 year 8 months (Jun 2019 -> Feb 2021)","a774c5797399040af62db21d8a9b9769e005430e","https://github.com/facebook/zstd/commit/a774c5797399040af62db21d8a9b9769e005430e","PR #2495, ""Use umask() to Constrain Created File Permissions""; addresses #2491","2021-02-11","zstd v1.4.9","- FILE* const f = fopen(dstFileName, ""wb"");
+ const int old_umask = UTIL_umask(0177); /* u-x,go-rwx */
+ FILE* const f = fopen(dstFileName, ""wb"");
+ UTIL_umask(old_umask);
if (f == NULL) { ... }
- else if (...) { UTIL_chmod(dstFileName, NULL, 00600); } /* removed: now redundant/racy */","programs/fileio.c, FIO_openDstFile(); programs/util.c, new UTIL_umask()","""Use umask() to Constrain Created File Permissions... a downside of this solution is that it is global: umask() affects all file creation calls in the process. I believe this is safe since fileio.c functions should only ever be used in the zstd binary."" Temporarily narrows the process umask immediately before fopen(), so the file is created already-safe from its first instant of existence, with no post-creation adjustment gap of any size.","Symmetric/dual-operation miss -- the 2019 fix hardened the end-of-life (final-permission) side of the file's lifecycle but left the creation-time side using the same vulnerable create-then-adjust pattern","Concrete race description with inotify-based automation given in the real GitHub issue text","Local attacker uses inotify (or equivalent) to watch the target directory; the instant the output file's creation is observed, the attacker races to open() it before the immediately-following chmod(00600) call executes.","A local, unprivileged attacker who can predict or watch the zstd output filename opens it during the microsecond-scale window between file creation and permission restriction, reading (or writing) data the source file's own permissions were meant to protect.","zstd v1.4.1 through v1.4.8 (carrying 3968160a but not a774c579)","CVE-2021-24031: reported via GitHub issue #1630 and independently via Debian Bug #982519. CVE-2021-24032: felixhandte (W. Felix Handte, Meta), who also authored both the complete fix and the further post-fix hardening commit.","GitHub issue #2491, verbatim: 'The patches for #1630 still create the file with the default umask, before chmod'ing down to 0600, so an attacker could still open it in the meantime.'","INCOMPLETE FIX (per user definition) -- source report explicitly verifies no regression and no reintroduction; THREE-STAGE lineage: chmod-after-create -> umask-before-create -> a further architectural hardening (direct open() with final mode) one month later, not itself tied to a separate CVE.","github.com/facebook/zstd issues #1630, #2491 ; Debian Bug #982519 ; PR #2495 ; github.com/facebook/zstd commits 3968160a, a774c579, b87f97b3 ; zstd v1.4.9 release notes","A purely mechanical intermediate refactor (commit 9a22140e, 'created UTIL_chmod()') wrapped the raw chmod() call in a shared helper WITHOUT altering the fundamental fopen()-then-chmod() sequence or its race window -- included in source report as a non-security-relevant restructuring between the two real fixes.","2","None assigned -- source report treats this as further architectural hardening, not a separately-numbered CVE","b87f97b3ea5a51eb884a62849cf752187bfb8004 (github.com/facebook/zstd)","2021-03-08 (exactly one month after the CVE-2021-24032 fix)","""Create Files with Desired Permissions; Avoid chmod(); Remove UTIL_chmod()"" -- eliminates the umask()-toggle pattern entirely. Computes the destination file's final desired permission bits (copied from the source file's mode, or a sensible default) BEFORE the file is ever created, and opens it directly with those exact permissions via a single open(O_WRONLY|O_CREAT|O_TRUNC, mode) syscall -- removing global process-state mutation (the umask toggle) and the two-step 'create restrictively, then transfer permissions' pattern both prior fixes shared. Deletes UTIL_chmod() as dead code.","","","","","Chronology confirmed straightforward: original_fix (2019) -> complete_fix (Feb 2021) -> third_fix_attempt (Mar 2021, one month later) are in correct forward chronological order matching their column positions.","","","","","","W. Felix Handte authored both the CVE-2021-24032 complete fix (umask-based) and the subsequent, more thorough architectural hardening (direct open()) one month later -- a same-author, deliberately staged hardening progression.","Not specified as a formal automated regression test in source report; race condition demonstrated via inotify-based attack description.","Not individually specified in source report","Not given in source report","CWE-362 / CWE-276 (both stages)","incomplete_fixes_all_3.odt"
"CASE-27","Linux kernel -- Intel i915 GPU driver, drivers/gpu/drm/i915/ (Gen8/Gen9 integrated graphics)","C","drivers/gpu/drm/i915/gt/intel_lrc.c ; drivers/gpu/drm/i915/i915_gem.c ; drivers/gpu/drm/i915/i915_gem_context.c","gen9_init_indirectctx_bb() (original fix); __intel_engines_record_defaults(), i915_gem_context_create_kernel() (missing-prerequisite commit)","CVE-2019-14615","CWE-200 (Exposure of Sensitive Information to an Unauthorized Actor)","6.0 MEDIUM -- CVSS:3.0/AV:L/AC:L/PR:L/UI:N/S:U/C:H/I:N/A:N (Red Hat)","Intel Gen8/Gen9 integrated GPUs did not clear execution-unit (EU) and shared-local-memory (SLM) state when switching between GPU contexts, letting a local unprivileged attacker read residual data left by a previous GPU workload -- Intel PSIRT-TA-201910-001. Reported by Gregory Herrero.","/* gen9_init_indirectctx_bb(): no EU/SLM-clearing PIPE_CONTROL command issued at Gen9 context switch (Gen8 already had one, via commit 0160f055393f) */","bc8a76a152c5f9ef3b48104154a65a68a8b76946","https://github.com/torvalds/linux/commit/bc8a76a152c5f9ef3b48104154a65a68a8b76946","""drm/i915/gen9: Clear residual context state on context switch""; Intel ID PSIRT-TA-201910-001","Landed for the 5.5 cycle; backported to stable kernels as a security fix Jan 2020","Linux mainline 5.5; widely backported","Akeem G. Abodunrin, with Mika Kuoppala (Intel)","+ /* WaClearSlmSpaceAtContextSwitch:skl,bxt,kbl,glk,cfl */
+ batch = gen8_emit_pipe_control(batch,
+   PIPE_CONTROL_FLUSH_L3 | PIPE_CONTROL_STORE_DATA_INDEX |
+   PIPE_CONTROL_CS_STALL | PIPE_CONTROL_QW_WRITE,
+   LRC_PPHWSP_SCRATCH_ADDR);","drivers/gpu/drm/i915/gt/intel_lrc.c, gen9_init_indirectctx_bb() (+8 lines)","""As this workaround is already in place for gen8, we can borrow the code verbatim for Gen9."" Extends Gen8's pre-existing WaClearSlmSpaceAtContextSwitch PIPE_CONTROL workaround (commit 0160f055393f, pre-dating both CVEs) to Gen9 hardware, forcing an L3-cache flush + command-streamer stall at every context switch.","CVE-2020-8832","CWE-200 (Exposure of Sensitive Information) -- same class, confined to Ubuntu's 4.15 LTS backport","Not individually re-vectorized in source report beyond the original's 6.0 MEDIUM","Gregory Herrero found the CVE-2019-14615 PoC still worked on Ubuntu 18.04's 4.15 kernel series after it received the backported bc8a76a152c5 fix. Canonical's own bisection (Launchpad #1862840) determined that bc8a76a152c5 alone is insufficient without a separate, unstated prerequisite: commit d2b4b97933f5 ('drm/i915: Record the default hw state after reset upon load', merged Nov 2017), which was already present on every actively-developed upstream tree but had never been backported onto the frozen 4.15 LTS branch.","The Gen9 PIPE_CONTROL workaround clears EU/SLM state at every context switch, but for that clearing to be MEANINGFUL, the driver must already know what a genuinely clean default hardware state looks like -- otherwise a context can still be initialized from stale/incorrect register values, particularly around driver load and reset. d2b4b97933f5 supplies exactly that missing baseline; every upstream tree already had it by ordinary version currency, so it was never flagged as a security-relevant prerequisite when bc8a76a152c5 was backported in isolation onto the older, frozen 4.15 LTS branch.","/* Ubuntu 4.15 series: bc8a76a152c5 applied (PIPE_CONTROL clearing present)
   but d2b4b97933f5 (default-hw-state-recording infrastructure) absent --
   context still initialized without a genuinely clean baseline */","Gregory Herrero (PoC re-testing); root cause bisected by Canonical/Ubuntu kernel team (Launchpad #1862840)","Not individually dated beyond the Launchpad bug tracking; fixed before Ubuntu 4.15.0-91.92","Not precisely dated in source report beyond preceding the 4.15.0-91.92 fix","d2b4b97933f5adacfba42dc3b9200d0e21fbe2c4 (the missing prerequisite, backported to the 4.15 LTS branch)","https://github.com/torvalds/linux/commit/d2b4b97933f5adacfba42dc3b9200d0e21fbe2c4","""drm/i915: Record the default hw state after reset upon load""","Authored 2017-11-10 (chronologically predates the original fix); backported to Ubuntu 4.15 before 4.15.0-91.92","Ubuntu 18.04 LTS kernel 4.15.0-91.92 and later","+static int __intel_engines_record_defaults(struct drm_i915_private *i915) {
+  ctx = i915_gem_context_create_kernel(i915, 0);
+  for_each_engine(engine, i915, id) {
+    rq = i915_gem_request_alloc(engine, ctx);
+    err = i915_switch_context(rq);
+    if (engine->init_context) err = engine->init_context(rq);
+    /* captures and stores the resulting default hw state */
+  }
+}
/* 11 files changed, 224 insertions, 73 deletions */","i915_gem.c (new __intel_engines_record_defaults()); i915_gem_context.c (i915_gem_context_create_kernel(), renamed from static create_kernel_context())","Captures a known-clean hardware register baseline once at driver load time (via a blank-context-to-kernel-context switch) and initializes every subsequent GPU context from that recorded baseline, rather than from whatever state happened to be left on the hardware -- the infrastructure the Gen9 residual-clearing workaround silently depends on.","Upstream/downstream caller miss (backport-composition gap) -- both commits individually correct; the LTS backport process omitted an unstated, non-security-flagged architectural prerequisite that every actively-developed upstream tree already had","Yes -- the public CVE-2019-14615 proof-of-concept, directly re-tested by Canonical against Ubuntu 4.15 (with bc8a76a152c5 alone: leak persists) and vanilla 4.16 (with bc8a76a152c5, which already has d2b4b97933f5: leak fixed)","Canonical's own documented bisection: apply bc8a76a152c5 alone to vanilla 4.15 -> PoC still leaks. Apply the same single commit to vanilla 4.16 (which already carries d2b4b97933f5) -> PoC fixed. Isolates the missing ingredient to one specific, named commit via direct comparative testing.","A local, unprivileged user on an affected Ubuntu 18.04 (4.15 kernel series, pre-4.15.0-91.92) system with Intel Gen8/Gen9 graphics reads residual GPU EU/SLM state left behind by another user's or process's prior GPU workload -- potentially including sensitive graphical or GPGPU-compute data.","Ubuntu 18.04 LTS (Bionic) 4.15 kernel series before 4.15.0-91.92 specifically; Xenial 4.4, Disco 5.0, Eoan 5.3, and Focal 5.4 were explicitly NOT affected by this incomplete-fix issue","CVE-2019-14615: Intel PSIRT / Gregory Herrero. CVE-2020-8832 backport gap: Gregory Herrero (re-testing), bisection and root-cause identification by Canonical's Ubuntu kernel team via Launchpad #1862840.","NVD CVE-2020-8832 description, per source report: the fix for CVE-2019-14615 'was discovered to be incomplete... in versions of the kernel before 4.15.0-91.92, an attacker could use this vulnerability to expose sensitive information' -- framing incompleteness as a property of a specific downstream kernel version range, not the upstream commit in isolation.","INCOMPLETE FIX (per user definition) -- source report calls this 'the most rigorous evidence available across all three cases in that volume': a security engineer's own documented bisection testing the identical single commit against two kernel versions and observing two different real-world security outcomes.","Launchpad bug #1862840 (""[Bionic] i915 incomplete fix for CVE-2019-14615"") ; NVD CVE-2020-8832, CVE-2019-14615 ; Red Hat Bugzilla #1817047 ; github.com/torvalds/linux commits bc8a76a152c5, d2b4b97933f5, 0160f055393f ; kernel.org ChangeLog-5.4.12 ; Ubuntu USN-4255-1 ; Debian security tracker","d2b4b97933f5 was authored and merged UPSTREAM in Nov 2017 -- chronologically BEFORE the CVE-2019-14615 fix itself (2019-2020) -- meaning the 'missing prerequisite' already existed and was already in every current upstream tree by the time the security fix was written; it was never flagged as security-relevant until the frozen-LTS-branch gap was bisected. Source report also verifies the Gen9 fix is a verbatim copy of the pre-existing, real Gen8 workaround (commit 0160f055393f), independently retrieved and diff-compared to confirm the 'borrow the code verbatim' claim in the commit message.","2","","","","","","","","","","","","Commit 0160f055393f (""drm/i915/gen8: Add WaClearSlmSpaceAtContextSwitch workaround"") is the real, pre-existing Gen8 template the Gen9 original fix explicitly copied 'verbatim' -- independently retrieved and diff-compared in source report, confirming near-identical PIPE_CONTROL command structure across the two hardware generations.","","","","Canonical's own bisection (Launchpad #1862840) IS the reproducer: identical commit applied to two kernel versions (4.15 vs 4.16) with directly observed, opposite PoC outcomes.","Not individually specified in source report","Not given in source report","CWE-200 (both stages)","incomplete_fixes_all_3.odt"
"CASE-28","TensorFlow -- tensorflow/core/kernels/maxpooling_op.cc, pooling_ops_common.cc","C++","tensorflow/core/kernels/maxpooling_op.cc ; tensorflow/core/kernels/pooling_ops_common.cc","SpatialMaxPoolWithArgMaxHelper(); MaxPoolingWithArgmaxOp::Compute(); PoolParameters::PoolParameters()","CVE-2021-29579","CWE-787 (Out-of-Bounds Read/Write) via CWE-20 (Improper Input Validation)","Not individually vectorized in source report; GHSA-rated heap buffer overflow","SpatialMaxPoolWithArgMaxHelper()'s backprop loop bounds-checked the DESTINATION index (input_backprop_index, via FastBoundsCheck) but never validated the SOURCE index ('index', used to read out_backprop_flat(index)) against the actual size of the out_backprop tensor -- an empty grad tensor combined with non-empty orig_input/orig_output let the loop read past the tensor's zero-length backing allocation. Reported by Ying Wang and Yakun Zhang, Baidu X-Team.","for (int index = out_start; index < out_end; ++index) {
  int input_backprop_index = out_arg_max_flat(index);
  FastBoundsCheck(input_backprop_index - in_start, in_end - in_start); /* only dest checked */
  input_backprop_flat(input_backprop_index) += out_backprop_flat(index); /* 'index' never checked */
}","a74768f8e4efbda4def9f16ee7e1","https://github.com/tensorflow/tensorflow/commit/a74768f8e4efbda4def9f16ee7e1","GHSA-79fv-9865-4qcv, tfsa-2021-068","Merged for TensorFlow 2.5.0, May 2021; cherry-picked to 2.4.2/2.3.3/2.2.3/2.1.4","TensorFlow 2.5.0","TensorFlow security team","- input_backprop_flat(input_backprop_index) += out_backprop_flat(index);
+ if (index < out_backprop.NumElements()) {
+   input_backprop_flat(input_backprop_index) += out_backprop_flat(index);
+ }","maxpooling_op.cc, SpatialMaxPoolWithArgMaxHelper() (+2/-0)","Adds one guard directly around the vulnerable read: checks 'index' against out_backprop.NumElements() before the access. Correct and minimal for the exact reported vector, but says nothing about the shape/emptiness of tensor_in, output, or depth_window used elsewhere in the same pooling machinery.","CVE-2021-37674","CWE-20 / CWE-369 (Improper Input Validation / Divide By Zero) -- shape/emptiness validation missing before the guarded loop is ever reached","Not individually vectorized in source report","NVD, verbatim per source report: 'The implementation misses some validation for the orig_input and orig_output tensors. The fixes for CVE-2021-29579 were incomplete.' A new reproducer using already-empty orig_input/orig_output/grad tensors (all shape [3,0,0,2]) with EXPLICIT padding crashes in shape/parameter computation BEFORE the a74768f8-guarded loop is ever reached.","a74768f8's fix scope was precisely one loop body -- one if-guard around one array access. It never touched MaxPoolingWithArgmaxOp::Compute() (never validated tensor_in was non-empty/4-D before constructing PoolParameters) nor PoolParameters::PoolParameters() (divides by depth_window without a non-zero check in its depthwise-pooling branch) -- two separate, unguarded paths to a crash via the identical tf.raw_ops.MaxPoolGrad surface, reachable with different malformed-input shapes than the first reproducer used.","tf.raw_ops.MaxPoolGrad(orig_input=[shape 3,0,0,2], orig_output=[shape 3,0,0,2], grad=[shape 3,0,0,2],
  ksize=[1,16,16,1], strides=[1,16,18,1], padding='EXPLICIT', explicit_paddings=[0,0,14,3,15,5,0,0])
/* every tensor already empty before the a74768f8-guarded loop is ever reached */","Yakun Zhang, Baidu Security (same reporter as one of the two original-CVE reporters)","Published 2021-08-12 (GHSA-7ghq-fvr3-pj2x)","~3 months (May 2021 -> Aug 2021)","136b51f10903e044308cf77117c0ed9871350475","https://github.com/tensorflow/tensorflow/commit/136b51f10903e044308cf77117c0ed9871350475","""Add missing validation to maxpooling_op.cc""","Merged for TensorFlow 2.6.0, Aug 2021; cherry-picked to 2.5.1/2.4.3/2.3.4","TensorFlow 2.6.0","+ if (tensor_in.NumElements() == 0 || output->NumElements() == 0) return; /* helper early-return */
+ OP_REQUIRES(context, tensor_in.dims() == 4, ...);           /* Compute(), before PoolParameters built */
+ OP_REQUIRES(context, tensor_in.NumElements() > 0, ...);
+ OP_REQUIRES(context, depth_window > 0, ...);                 /* PoolParameters ctor, divide-by-zero guard */","maxpooling_op.cc + pooling_ops_common.cc (+7/+2 across 2 files)","Three independent guards in three different functions: an early-return in the helper itself, explicit dimensionality/emptiness OP_REQUIRES checks in the op kernel's Compute() before any pooling parameters are derived, and a divide-by-zero guard on depth_window in the shared PoolParameters constructor used by multiple pooling ops.","Scope-of-audit miss -- the original fix's reproducer only exercised one unsafe read; the fix closed exactly that read without validating the tensors' own shape/emptiness upstream of it","Yes -- exact verbatim Python reproducers for both CVEs given in official TensorFlow security advisories","CVE-2021-29579 PoC: non-empty orig_input/orig_output (shape [1,1,1,1]) with empty grad (shape [0,0,0,0]) -> OOB read. CVE-2021-37674 PoC: all tensors already empty (shape [3,0,0,2]) with EXPLICIT padding -> segfault in shape/parameter computation before the guarded loop.","An attacker with the ability to call tf.raw_ops.MaxPoolGrad/MaxPoolGradWithArgmax with arbitrary shapes (e.g. a model-serving deployment accepting untrusted op arguments, which TensorFlow's own security model treats as a legitimate attack surface) triggers a segfault (DoS) or, in the original CVE, a heap buffer overflow.","TensorFlow 2.5.0 and cherry-picks (carrying a74768f8 but not 136b51f1)","CVE-2021-29579: Ying Wang and Yakun Zhang, Baidu X-Team. CVE-2021-37674: Yakun Zhang, Baidu Security.","NVD, verbatim per source report: ""The fixes for CVE-2021-29579 were incomplete.""","INCOMPLETE FIX (per user definition) -- source report verifies both fixes are purely additive, non-overlapping, and the two guarded conditions are logically independent, 'exactly why a single reproducer could not have caught both in one report.'","GHSA-79fv-9865-4qcv ; GHSA-7ghq-fvr3-pj2x ; tensorflow/tensorflow security advisory tfsa-2021-068.md ; github.com/tensorflow/tensorflow commits a74768f8, 136b51f1, ab1e644b","","2","","","","","","","","","","","","","","","Complete fix authored by mihaimaruseac, committed by tensorflower-gardener (TensorFlow's automated internal-to-external sync bot).","Both CVEs' exact PoC scripts are published verbatim in TensorFlow's own official security advisories (tfsa-2021-068.md and GHSA-7ghq-fvr3-pj2x).","Google (TensorFlow security team)","Not given in source report","CWE-787 (original); CWE-20/CWE-369 (incomplete-fix stage)","incomplete_fixes_all_3.odt"
"CASE-29","RPM Package Manager -- lib/fsm.c (file-system state-machine / package installer)","C","lib/fsm.c","fsmVerify() (2017 fix); ensureDir(), fsmOpenat(), fsmDoMkDir() (2021 fix, superseding architecture)","CVE-2017-7500 (directory-symlink following); companion CVE-2017-7501 (file-creation symlink following)","CWE-59 (Improper Link Resolution Before File Access)","Not individually restated for the 2017 CVEs in source report","rpm followed symlinks encountered during privileged package installation with no ownership validation: if an install path's immediate directory component was a symlink (e.g. a user-writable directory replaced with a symlink to /etc), rpm's fsmVerify() silently followed it, enabling arbitrary-location file writes as root.","if (S_ISDIR(mode)) {
  if (S_ISDIR(dsb.st_mode)) return 0;
  if (S_ISLNK(dsb.st_mode)) {
    rc = fsmStat(path, 0, &dsb);
    if (S_ISDIR(dsb.st_mode)) return 0; /* followed with NO ownership check at all */
  }
}","f2d3be2a8741234faaa96f5fd05fdfdc75779a79 (+ companion 404ef011c300207cdb1e531670384564aae04bdc for CVE-2017-7501)","https://github.com/rpm-software-management/rpm/commit/f2d3be2a8741234faaa96f5fd05fdfdc75779a79","""Restrict following symlinks to directories by ownership (CVE-2017-7500)""","2017","RPM (2017-era release)","rpm-software-management maintainers","- if (S_ISDIR(dsb.st_mode)) return 0;
+ uid_t luid = dsb.st_uid;
+ /* Only permit directory symlinks by target owner and root */
+ if (S_ISDIR(dsb.st_mode) && (luid == 0 || luid == fsb->st_uid)) return 0;","lib/fsm.c, fsmVerify() (signature changed to take struct stat *fsb)","""Only follow directory symlinks owned by target directory owner or root... if you can create symlinks owned by user X you are user X (or root), and if you also own directory Y you can do whatever with it already."" Checks ownership of exactly ONE resolved struct stat -- the file's IMMEDIATE parent directory.","CVE-2021-35939","CWE-59 (Improper Link Resolution Before File Access) -- same class, ancestor-directory scope gap","6.7 MEDIUM -- CVSS:3.1/AV:L/AC:L/PR:H/UI:N/S:U/C:H/I:H/A:H","NVD, verbatim: 'It was found that the fix for CVE-2017-7500 and CVE-2017-7501 was incomplete: the check was only implemented for the parent directory of the file to be created. A local unprivileged user who owns another ancestor directory could potentially use this flaw to gain root privileges.' Reviewed internally by Red Hat Product Security.","fsmVerify()'s entire symlink-ownership logic operated on a single resolved struct stat for the file's IMMEDIATE parent directory only, with no recursive/iterative ancestor-walking logic anywhere in its call chain. If an ancestor TWO OR MORE levels above the install path (not the immediate parent) was attacker-controlled or a malicious symlink, the 2017 check never inspected it at all.","/* install path /opt/foo/bar/baz.conf: fsmVerify() only checks /opt/foo/bar (immediate parent).
   If /opt/foo itself (2 levels up) is a symlink to a privileged location owned by an unprivileged
   attacker who legitimately owns /opt/foo in a multi-tenant layout, it is silently followed. */","Red Hat Product Security (internal review, Bugzilla #1964129)","Filed 2021-05-24; made public 2022-08-26","~4 years (2017 fix -> 2021 discovery)","96ec957e281220f8e137a2d5eb23b83a6377d556","https://github.com/rpm-software-management/rpm/commit/96ec957e281220f8e137a2d5eb23b83a6377d556","github.com/rpm-software-management/rpm PR #1919; Red Hat Bugzilla #1964129","2022 (RPM 4.17.0)","RPM 4.17.0","+static int fsmOpenat(int dirfd, const char *path, int flags) {
+  /* opens with O_NOFOLLOW; on ELOOP, opens target then verifies via fstatat that
+     the link's owner is root or matches the target's owner, order chosen so a
+     TOCTOU ownership change could only have been done by the link owner or root */
+}
+static int ensureDir(...) {
+  /* walks full path component-by-component from '/' using openat()/fstatat()/mkdirat()
+     relative to the previously-opened parent's fd, never re-resolving a full pathname */
+}","lib/fsm.c (+144 lines across fsm.c, INSTALL, configure.ac)","Complete architectural rework, not a loop extension of fsmVerify(): the new ensureDir() opens EVERY ancestor directory from root using the POSIX *at() family (openat/fstatat/mkdirat) relative to the previously-opened parent's file descriptor, applying the identical target-owner-or-root ownership rule at every level -- and is itself immune to a large class of TOCTOU races since each step uses an already-open fd rather than a re-resolved path string.","Scope-of-audit miss -- the 2017 ownership check's LOGIC was correct and is preserved verbatim in 2021; only its scope (one directory level vs. every ancestor) was insufficient","Attack scenario described narratively in source report and NVD description; no scripted exploit","An unprivileged user who legitimately owns some ancestor directory two-or-more levels above a package's install path (common in multi-tenant/group-writable layouts) replaces that ancestor with a symlink to a privileged location; rpm's install proceeds to create root-owned files inside the symlink's target.","Local privilege escalation to root during package installation/upgrade, via an ancestor-directory symlink several levels above the file's immediate parent, which the 2017 fix's single-level check could not detect.","RPM versions carrying f2d3be2a (2017) but not 96ec957e (RPM 4.17.0, 2022)","CVE-2017-7500/7501: not individually named beyond upstream RPM maintainers. CVE-2021-35939: Red Hat Product Security (internal review); fix authored by Panu Matilainen (pmatilai).","NVD, verbatim: 'the check was only implemented for the parent directory of the file to be created.'","INCOMPLETE FIX (per user definition) -- source report notes the 4-year gap (2017->2021) 'confirms this was a genuinely separate finding rather than a quickly-noticed follow-up,' and the final fix's own commit framing suggests deliberate, larger-scope hardening rather than a bug-for-bug correction.","NVD CVE-2021-35939, CVE-2017-7500, CVE-2017-7501 ; github.com/rpm-software-management/rpm commits f2d3be2a, 404ef011, 96ec957e ; PR #1919 ; Red Hat Bugzilla #1964129 ; explore.alas.aws.amazon.com/CVE-2021-35939.html","As of source report's preparation, Amazon Linux 1/2 explicitly DECLINED to backport this fix, citing a stability/impact tradeoff in their own advisory -- a rare, explicitly-documented case of a vendor choosing not to remediate an acknowledged incomplete-fix gap.","2","","","","","","","","","","","","","","CVE-2021-35937 -- a related TOCTOU race in the same general rpm installation-security area, cited by source report as sibling context, not part of this lineage.","","Not specified as an automated regression test in source report.","Red Hat","Not given in source report","CWE-59 (both stages)","incomplete_fixes_all_3.odt"
"CASE-30","Redis -- src/t_string.c, stralgoLCS() (STRALGO LCS command, renamed LCS in Redis 7)","C","src/t_string.c","stralgoLCS()","CVE-2021-29477","CWE-190 (Integer Overflow or Wraparound)","Not individually restated for CVE-2021-29477 in source report","stralgoLCS()'s DP-table allocation size, (alen+1)*(blen+1)*sizeof(uint32_t), was computed entirely in native int/uint32_t arithmetic before any widening, so two moderately large client-supplied strings (up to Redis's default 512MB proto-max-bulk-len) could wrap the multiplication to a small value, causing zmalloc() to under-allocate a buffer the DP loop then wrote far past the end of.","uint32_t *lcs = zmalloc((alen+1)*(blen+1)*sizeof(uint32_t));
/* entirely native int/uint32_t arithmetic; wraps for ~32K-character strings */","394614a5f91d88380f480c4610926a865b5b0f16 (6.0-branch cherry-pick of upstream f0c5f92)","https://github.com/redis/redis/commit/394614a5f91d88380f480c4610926a865b5b0f16","""Fix integer overflow in STRALGO LCS (CVE-2021-29477)""","2021 (fixed in 6.2.3 and 6.0.13)","Redis 6.2.3 / 6.0.13","Redis maintainers (cherry-picked from commit f0c5f92)","- uint32_t *lcs = zmalloc((alen+1)*(blen+1)*sizeof(uint32_t));
+ uint32_t *lcs = zmalloc((size_t)(alen+1)*(blen+1)*sizeof(uint32_t));","src/t_string.c, stralgoLCS() (+1/-1)","Casts the first operand (alen+1) to size_t, forcing the whole multiplication chain to be evaluated in size_t-width arithmetic via C's usual arithmetic conversions -- genuinely closes the overflow on 64-bit builds where size_t is 64 bits wide.","CVE-2021-32625","CWE-190 (Integer Overflow) -- same class, 32-bit-platform residual gap","8.8 HIGH -- CVSS:3.1/AV:N/AC:L/PR:L/UI:N/S:U/C:H/I:H/A:H","size_t's width is platform-defined, not fixed at 64 bits: on any 32-bit Redis build, size_t is itself only 32 bits, so the cast changes nothing about the overflow behavior there -- the multiplication still wraps, just now nominally typed as size_t. Even on 64-bit platforms, the fix never bounded alen/blen before the multiplication and performed no allocation-failure check. GHSA-46cp-x4x9-6pfq, verbatim: 'This is a result of an incomplete fix by CVE-2021-29477.'","The first fix's mechanism -- narrowing the fix to a type (size_t) whose width the C standard does not guarantee -- was itself the source of the residual gap. On 32-bit builds (a real, supported Redis configuration), casting to size_t is a no-op with respect to overflow behavior since size_t IS 32 bits there.","/* On a 32-bit Redis build: size_t is 32 bits wide.
   (size_t)(alen+1)*(blen+1)*sizeof(uint32_t) still wraps in 32-bit arithmetic
   -- the cast provides no protection on this real, supported platform. */","Nipun Gupta","Published 2021-06-02 (GHSA-46cp-x4x9-6pfq)","~1 month (fix in 6.2.3/6.0.13 -> 2 Jun 2021 disclosure)","1ddecf1958924b178b76a31d989ef1e05af81964","https://github.com/redis/redis/commit/1ddecf1958924b178b76a31d989ef1e05af81964","redis/redis PR #9011, ""LCS fix for 32 bit""","2021-06-01 (authored by Oran Agra, Redis project lead)","Redis 6.2.4 / 6.0.14","+ if (sdslen(a) >= UINT32_MAX-1 || sdslen(b) >= UINT32_MAX-1) { addReplyError(...); goto cleanup; }
...
+ unsigned long long lcssize = (unsigned long long)(alen+1)*(blen+1);
+ unsigned long long lcsalloc = lcssize * sizeof(uint32_t);
+ uint32_t *lcs = NULL;
+ if (lcsalloc < SIZE_MAX && lcsalloc / lcssize == sizeof(uint32_t))
+   lcs = ztrymalloc(lcsalloc);
+ if (!lcs) { addReplyError(c, ""Insufficient memory""); goto cleanup; }","src/t_string.c, stralgoLCS() (+16/-1)","Three layered defenses replacing the single cast: (1) explicit UINT32_MAX-1 ceiling on each input length before any arithmetic; (2) computation in unsigned long long, a type the C standard guarantees >=64 bits on every conforming platform, regardless of size_t's width; (3) a division-based overflow re-verification before calling ztrymalloc() (non-aborting) instead of zmalloc() (aborts on failure).","Wrong invariant / off-by-construction -- the fix changed only the ARITHMETIC WIDTH via a platform-dependent type (size_t) rather than a platform-guaranteed one, without addressing the underlying unbounded-input issue","Mechanism fully described via code walkthrough; exploitability demonstrated via the platform-dependent size_t analysis","On a 32-bit Redis build (real, supported configuration), issue STRALGO LCS with two client-supplied strings whose combined size still causes (alen+1)*(blen+1)*sizeof(uint32_t) to wrap even after the size_t cast, since size_t is only 32 bits there -- corrupting the heap.","Any client able to issue the STRALGO/LCS command to a 32-bit-built Redis instance (or, on 64-bit builds, one supplying sufficiently extreme lengths) can corrupt the heap and potentially achieve remote code execution -- per the companion PR's own description.","Redis 6.0.13-6.0.x and 6.2.3-6.2.x on 32-bit builds (carrying 394614a5 but not 1ddecf19)","CVE-2021-29477: reporter not separately named in source report. CVE-2021-32625: Nipun Gupta; fix authored directly by Redis project lead Oran Agra.","GHSA-46cp-x4x9-6pfq, verbatim: 'This is a result of an incomplete fix by CVE-2021-29477.' Companion PR #9011 titled ""LCS fix for 32 bit"" names the platform-scope gap directly.","INCOMPLETE FIX (per user definition) -- source report notes the final fix's unsigned long long arithmetic is numerically equivalent to the size_t cast on 64-bit platforms (where the two fixes agree) while additionally closing the 32-bit case the first fix's platform-dependent type could not -- a strict superset, not a reintroduction.","GHSA-vqxj-26vj-996g ; GHSA-46cp-x4x9-6pfq ; github.com/redis/redis commits 394614a5, 1ddecf19 ; redis/redis PR #9011 ; Red Hat Bugzilla CVE-2021-32625","The commit metadata for 1ddecf19 was fetched directly via GitHub's .patch endpoint, confirming the real RFC 2822-style header: authored by Oran Agra on Tue, 1 Jun 2021 09:12:45 +0300, with subject directly citing '(CVE-2021-32625) (#9011)' -- an unusually well-documented direct tie between commit, CVE, and PR.","2","","","","","","","","","","","","","","","Final fix authored directly by Oran Agra, Redis's own project lead -- not a community contributor patch.","Not specified as a formal automated regression test in source report; workaround given for both CVEs (ACL rule denying STRALGO to untrusted clients; capping proto-max-bulk-len below 2GB was also sufficient for CVE-2021-29477 alone on 64-bit builds).","Not individually specified in source report","Not given in source report","CWE-190 (both stages)","incomplete_fixes_all_3.odt"
"CASE-31","dnf5daemon-server -- D-Bus daemon of DNF5, Fedora/RHEL's next-gen RPM package manager","C++","dnf5daemon-server/session.cpp","Session::Session() constructor (config-override application loop)","CVE-2024-1929 (sibling CVE-2024-1930 reported same disclosure)","CWE-20 (Improper Input Validation)","Not individually restated for CVE-2024-1929 in source report","The D-Bus session-configuration mechanism accepted ARBITRARY main-config key/value overrides from unprivileged callers with no restriction whatsoever, applied before Polkit authentication. Matthias Gerstner (SUSE) demonstrated setting 'pluginpath'/'pluginconfpath' to an attacker-writable directory then triggering the root-running daemon to load a plugin from it -- local root from any unprivileged account including nobody.","for (auto & opt : conf_overrides) {
  auto bind = opt_binds.find(key);
  if (bind != opt_binds.end()) {
    bind->second.new_string(libdnf5::Option::Priority::RUNTIME, value); /* NO gate at all */
  }
}","6e51bf2f0d585ab661806076c1e428c6482ddf86","https://github.com/rpm-software-management/dnf5/commit/6e51bf2f0d585ab661806076c1e428c6482ddf86","""dnfdaemon: Explicitly specify allowed config overrides""","2024-01-24","dnf5daemon-server 5.1.16","m-blaha (author), inknos (committer)","+static const std::unordered_set<std::string> ALLOWED_MAIN_CONF_OVERRIDES = {
+  ""allow_downgrade"", ..., ""reposdir"", ..., ""strict"", /* 25 entries */
+};
- bind->second.new_string(libdnf5::Option::Priority::RUNTIME, value);
+ if (ALLOWED_MAIN_CONF_OVERRIDES.find(key) != ALLOWED_MAIN_CONF_OVERRIDES.end()) {
+   bind->second.new_string(libdnf5::Option::Priority::RUNTIME, value);
+ } else { base->get_logger()->warning(""Config option {} not allowed."", key); continue; }","dnf5daemon-server/session.cpp (+34/-1)","""Limit main config options overrides for dnfdaemon session only to those explicitely allowed."" Introduces a 25-entry allow-list; pluginpath/pluginconfpath are absent, correctly closing the exact RCE vector Gerstner demonstrated. reposdir was included as one of the 25 allowed entries.","CVE-2024-2746","CWE-20 (Improper Input Validation) -- one under-analyzed whitelist member","8.8 HIGH -- CVSS:3.1/AV:L/AC:L/PR:L/UI:N/S:C/C:H/I:H/A:H","SUSE Security Team, auditing the shipped whitelist itself, found reposdir lets an unprivileged local user redirect the privileged daemon's repository-file search path to an attacker-controlled directory: (1) DoS via a blocking FIFO or /dev/zero-style file the daemon then reads; (2) privileged-file processing (e.g. /etc/shadow) as an INI file with error-diagnostic information leaks; (3) a valid *.repo file in the attacker directory exposes a whole SECOND, much larger repository-level configuration surface to libdnf5.","reposdir is not merely a data path -- it is a POINTER to a second, much larger configuration surface (arbitrary repository-level *.repo directives). The whitelist's authors correctly enumerated dangerous DIRECT options (pluginpath etc.) but did not fully trace through that one of the 25 'safe' entries itself grants access to an entirely separate, unaudited configuration-injection surface.","ALLOWED_MAIN_CONF_OVERRIDES = { ..., ""reposdir"", ... }; /* an unprivileged session can point this at
  an attacker-controlled directory; the daemon (root) then parses every *.repo file found there as INI,
  applying a plethora of additional repo-level config options the whitelist never considered */","Matthias Gerstner, SUSE Security Team (same reporter as the original CVE, auditing their own whitelist post-ship)","Reported 2024-03-11; oss-security follow-up disclosure 2024-04-03","~7 weeks (24 Jan 2024 fix -> 11 Mar 2024 report)","07c5770482605ca78aaed41f7224d141c5980de4","https://github.com/rpm-software-management/dnf5/commit/07c5770482605ca78aaed41f7224d141c5980de4","""dnf5daemon: Remove reposdir from allowed config overrides""","2024-03-21 (commit); released in dnf5 5.1.17, 2024-04-03","dnf5 5.1.17","  ""protect_running_kernel"",
- ""reposdir"",
  ""skip_broken"",","dnf5daemon-server/session.cpp, ALLOWED_MAIN_CONF_OVERRIDES initializer (single line removed)","""The option is potentially dangerous and can cause dnf5daemon-server to block on malicious reposdir."" Single-line removal from the exact whitelist set the January fix introduced; no other line of the whitelist, lookup logic, or Session constructor changes.","Field/parameter-family miss -- a whitelist enumeration correctly excluded direct code-execution vectors but included one member that was itself a pointer to a second, unaudited configuration surface","Real disclosure describes the mechanism precisely (blocking FIFO / /dev/zero DoS, privileged-file INI parsing, malicious *.repo file); no scripted PoC reproduced verbatim","Unprivileged D-Bus caller sets reposdir to an attacker-controlled directory containing either a named FIFO (DoS via daemon blocking on read) or a crafted *.repo file exposing further libdnf5 configuration options to the attacker.","Any local unprivileged user can point the privileged dnf5daemon-server's repository-file search path at a directory they control, achieving denial of service, information leaks from privileged-file parsing, or exposure of a much wider libdnf5 configuration attack surface via crafted repo-file directives.","dnf5daemon-server 5.1.16 (the release that shipped the incomplete whitelist, carrying 6e51bf2f0d but not 07c57704)","Both CVE-2024-1929 and CVE-2024-2746: Matthias Gerstner, SUSE Security Team.","Gerstner's own oss-security post, verbatim: 'CVE-2024-1929 that we previously reported for the dnf5 D-Bus component has not been completely fixed... While checking each of the whitelisted items, we found that the setting ""reposdir"" allows...'","INCOMPLETE FIX (per user definition) -- source report calls this 'the cleanest possible instance of an incomplete-fix-by-enumeration': the deny-by-default, allow-by-exception security control itself is correct and never modified; only the set's membership changes (one entry removed).","NVD CVE-2024-2746, CVE-2024-1929 ; oss-security disclosure threads (2024-03-04, 2024-04-03) ; openSUSE Security Blog (both reports) ; github.com/rpm-software-management/dnf5 commits 6e51bf2f0d, 03b2bb12de28, 07c5770482605","Source report independently identified the actual final-fix COMMIT (07c5770482605) by walking git history between the 5.1.16 and 5.1.17 tags, since the original disclosure cited only the release tag with no commit hash -- closing a verifiability gap the original report left open. Also independently recovered the true pre-whitelist vulnerable code (parent commit 03b2bb12de28) that CVE-2024-1929's PoC actually exploited, confirming no gate existed at all before 6e51bf2f0d.","2","","","","","","","","","","","","","","CVE-2024-1930 -- a related session-exhaustion issue reported in the same original disclosure alongside CVE-2024-1929, not part of this specific reposdir lineage.","Complete fix authored by Marek Blaha (mblaha@redhat.com), the same person (m-blaha) who authored the original whitelist commit -- a same-author self-correction after external audit.","Not specified as an automated regression test in source report; SUSE's own audit methodology ('checking each of the whitelisted items') is itself the discovery process.","Red Hat","Not given in source report","CWE-20 (both stages)","incomplete_fixes_all_3.odt"
"CASE-32","ConEmu-Maximus5 (""ConEmu"") -- Windows console emulator/terminal front-end","C++","src/ConEmuCD/ConAnsiImpl.cpp ; src/ConEmuHk/Ansi.cpp ; src/common/WConsole.h","SrvAnsiImpl::ReportString() ; CEAnsi::ReportString() (two independent console-hooking implementations)","CVE-2022-46387","NVD-CWE-noinfo (terminal title/response injection, same family as xterm's CVE-2003-0063)","Not individually restated for CVE-2022-46387 in source report","ReportString() synthesized keyboard INPUT_RECORD events from ANSI 'report' response strings with NO filtering at all -- every byte of a report string (which can be influenced by untrusted remote data, e.g. a remote SSH session's terminal title) was typed unmodified into the console's input buffer, including CR/LF that could submit an attacker-chosen command line to the shell reading input. A variant of xterm's 2003 CVE-2003-0063.","p->Event.KeyEvent.uChar.UnicodeChar = *pc; /* every byte of the report string, completely unfiltered */","cd9bb863603d6d515de921f31de0a1986dcd6f7e","https://github.com/Maximus5/ConEmu/commit/cd9bb863603d6d515de921f31de0a1986dcd6f7e","""Fix Window Title Reporting security issue.""","2022-12-19","ConEmu (Dec 2022 build)","Maximus5 (Maksim Moisiuk)","+#define UNSAFE_CONSOLE_REPORT_CHARS L""\r\n\t""
+const char ch = (wcschr(UNSAFE_CONSOLE_REPORT_CHARS, *pc) == nullptr) ? *pc : L' ';
...
p->Event.KeyEvent.uChar.UnicodeChar = ch; /* was: *pc */","src/ConEmuCD/ConAnsiImpl.cpp + src/ConEmuHk/Ansi.cpp (both files, identical logic, same commit); WConsole.h (macro definition)","Introduces a named blacklist macro UNSAFE_CONSOLE_REPORT_CHARS = \r\n\t (carriage return, line feed, tab) and blanks exactly those three characters to a space before synthesizing keystrokes -- NOT a full below-0x20 range check, contrary to how the original researcher's report initially reconstructed it.","CVE-2023-39150","Same class (terminal title/response injection) -- residual C0-control-code gap","9.8 CRITICAL -- CVSS:3.1/AV:N/AC:L/PR:N/UI:N/S:U/C:H/I:H/A:H (same maximum severity as the original)","David Leadbeater found the 3-character blacklist (\r\n\t) left every OTHER C0 control code -- including ESC (0x1B), BS, BEL, VT, FF -- completely unfiltered, still enabling arbitrary-code-execution-capable injection via title reports. NVD/vendor gist, verbatim: 'title reporting can lead to remote code execution, with an incomplete fix in the previous CVE (CVE-2022-46387).'","The Dec-2022 fix blocked only 3 specific characters (\r, \n, \t) rather than the full C0 control-code range; every other control byte below 0x20 remained a viable injection vector for terminal capability/escape sequences that could still be leveraged for code execution, reachable via the identical remote-title-to-synthesized-keystroke design.","const char ch = (wcschr(L""\r\n\t"", *pc) == nullptr) ? *pc : L' ';
/* ESC (0x1B) and every other C0 control code besides CR/LF/tab pass through unmodified */","David Leadbeater","Published 2023-09-12 (NVD); remediation shipped 2023-07-24 (build 23.07.24)","~7 months (Dec 2022 -> Jul 2023 fix)","03c48ab024362163da3b1a1b07cc245dc0ea4925 (intermediate, uncited in original disclosure) ; 60683a186628ffaa7689fcb64b3c38ced69287c1 (released final fix)","https://github.com/Maximus5/ConEmu/commit/03c48ab024362163da3b1a1b07cc245dc0ea4925 ; https://github.com/Maximus5/ConEmu/commit/60683a186628ffaa7689fcb64b3c38ced69287c1","gh-2536, ""Do not emit control characters in title reports (capability fix)""","2023-07-20 (intermediate) and 2023-07-24 (released, build 23.07.24)","ConEmu build 23.07.24; propagated same day to cmder v1.3.24","/* 03c48ab0, 2023-07-20: */
- const char ch = (wcschr(UNSAFE_CONSOLE_REPORT_CHARS, *pc) == nullptr) ? *pc : L' ';
+ const char ch = *pc >= 0x20 ? *pc : L' '; /* full below-0x20 blanket strip -- blocks ESC too */
/* 60683a1, 2023-07-24 (released): */
- const char ch = *pc >= 0x20 ? *pc : L' ';
+ const char ch = (*pc == 0x1B || *pc >= 0x20) ? *pc : L' '; /* re-permits ESC specifically */","Both ConAnsiImpl.cpp and Ansi.cpp, in lockstep, across two sequential commits","Co-authored by Martin Kemp and David Leadbeater (the reporter): first replaces the narrow \r\n\t blacklist with a comprehensive block of every byte below 0x20 (03c48ab0), then -- once that proved too aggressive, blocking legitimate capability-report escape sequences -- carves out ESC (0x1B) as a single deliberate exception (60683a1, the commit released and cited by NVD).","Field/parameter-family miss -- an explicit enumerated blacklist (3 characters) omitted the rest of a well-defined character family (C0 control codes) that shared the same injection risk","Mechanism and vulnerability class described via the vendor's own technical gist and NVD; explicit exploit script not reproduced verbatim in source report","A remote/untrusted source (e.g. an SSH session's terminal title, or text reflected into a title by a web page) sets a title-report string containing a C0 control byte other than CR/LF/tab (e.g. ESC-based escape sequences prior to the final fix, or other control codes before the intermediate fix), synthesized as keystrokes into the shell's input stream.","A remote or untrusted party controls text that ends up in a console title/response report (e.g. via SSH, a malicious document, or a compromised program); ConEmu's reporting mechanism types that string as literal keystrokes into the wrapped shell, achieving remote code execution if the string contains shell-interpretable control sequences.","ConEmu builds from Dec 2022 through builds prior to 23.07.24 (carrying cd9bb863 but not 60683a186628)","CVE-2022-46387: not separately named in source report beyond vendor remediation. CVE-2023-39150: David Leadbeater, who also co-authored both remediation commits (03c48ab0 and, per the released build, the basis for 60683a1).","NVD, verbatim: 'does not sanitize title responses correctly for control characters, potentially leading to arbitrary code execution... related to an incomplete fix for CVE-2022-46387.' Vendor's own technical gist: 'A variant of CVE-2003-0063 (!)... with an incomplete fix in the previous CVE (CVE-2022-46387).'","INCOMPLETE FIX (per user definition) -- source report identifies a REAL four-state lineage the original disclosure understated: (0) zero filtering, (1) 3-char blacklist (the true Dec-2022 fix), (2) full below-0x20 block (uncited intermediate commit), (3) ESC-exception carve-out (the released, NVD-cited fix). Each stage strictly narrows the attack surface relative to the last; no stage weakens a prior one.","NVD CVE-2023-39150, CVE-2022-46387 ; gist.github.com/dgl/081cf503dc635df39d844e058a6d4c88 ; github.com/Maximus5/ConEmu commits b57048d6, cd9bb863, 03c48ab0, 60683a1 ; ConEmu build 23.07.24 blog announcement ; cmder v1.3.24 release","Source report independently corrected the original disclosure's own reconstruction of the CVE-2022-46387 fix: the widely-cited '*pc >= 0x20' predicate was NOT the actual Dec-2022 remediation (which was a narrower 3-character \r\n\t blacklist via a named macro) -- that predicate was only introduced by a previously-uncited intermediate commit (03c48ab0) four days before the final released fix, itself co-authored by the CVE-2023-39150 reporter as part of the same remediation effort but never independently CVE-tracked. This is treated here as a genuine third fix-attempt stage.","2","None assigned -- an intermediate, previously-uncited hardening commit, part of the same July 2023 remediation effort as the released fix","03c48ab024362163da3b1a1b07cc245dc0ea4925 (github.com/Maximus5/ConEmu)","2023-07-20 (four days before the released build 23.07.24)","""Do not emit control characters in title reports"" -- co-authored by Martin Kemp and David Leadbeater (the CVE-2023-39150 reporter). Replaces the narrow 3-character UNSAFE_CONSOLE_REPORT_CHARS blacklist with a comprehensive block of EVERY byte below 0x20 (*pc >= 0x20 ? *pc : L' '), for the first time also blocking ESC (0x1B) and every other C0 control code. This intermediate state proved too aggressive for legitimate terminal capability-report sequences that legitimately need to emit ESC, necessitating the final, released fix (60683a1) four days later, which carves out a single explicit ESC exception. Applied identically to both ConAnsiImpl.cpp and Ansi.cpp in the same commit.","","","","","Chronology caveat: the fix recorded in third_fix_attempt (03c48ab0, 2023-07-20) occurred BEFORE the fix recorded in complete_fix_commit_hash(es) (60683a186628, 2023-07-24), not after. It is placed in the third_fix_attempt slot rather than between original_fix and complete_fix because it never received its own CVE number; complete_fix_* is reserved for the fix that closes incomplete_fix_cve_id (CVE-2023-39150), which is 60683a186628, the one NVD actually cites. True chronological order of all three fixes: cd9bb863 (Dec 2022) -> 03c48ab0 (Jul 20 2023, in third_fix_attempt) -> 60683a186628 (Jul 24 2023, in complete_fix).","","","xterm's CVE-2003-0063 is the original identification of this exact vulnerability class (terminal title/response reporting used as a keystroke-injection primitive), explicitly cited by the vendor's own technical gist as the lineage ConEmu's bug belongs to, two decades earlier in a different terminal emulator.","","","All three fix commits (Dec 2022, Jul 20 2023, Jul 24 2023) were authored or co-authored by Maximus5 (vendor); the CVE-2023-39150 reporter, David Leadbeater, is directly co-credited as a co-author on the intermediate hardening commit itself -- an unusually collaborative reporter-vendor remediation process captured directly in git history.","Not specified as an automated regression test in source report; the fix's real-world downstream propagation to cmder v1.3.24 the same day serves as informal confirmation of the released fix's adoption.","Not individually specified in source report","Not given in source report","NVD-CWE-noinfo (both stages)","incomplete_fixes_all_3.odt"
"CASE-33","tinyfiledialogs -- single-file C/C++ cross-platform native-dialog library (Guillaume Vareille)","C","tinyfiledialogs.c","tfd_quoteDetected() / quoteDetectedW() (checked at entry to nearly every public API function)","CVE-2020-36767","CWE-78 / CWE-77 (OS Command Injection)","Not individually restated for CVE-2020-36767 in source report","On Linux/Unix/macOS, tinyfiledialogs builds dialog titles/messages/inputs directly into a shell command string (invoking zenity/kdialog/osascript etc. via popen()/system()) with NO sanitization at all -- any shell metacharacter in caller-supplied text was interpreted by the shell. Demonstrated by Servo issue #25498 (YtvwlD, Jan 2020) with a backquote-wrapped `id` command inside a JS alert(), itself reported to the upstream Rust binding ~6 months earlier.","strcat(lDialogString, aMessage); /* raw, unescaped, attacker-controlled text, no sanitization call anywhere */","6c1197e4db0cd24da09344e5f6918c0a03c2a9c4","https://sourceforge.net/p/tinyfiledialogs/code/ci/6c1197e4db0cd24da09344e5f6918c0a03c2a9c4","""v3.8.0""","2020-10-05","tinyfiledialogs 3.8.0","Guillaume Vareille","+static int quoteDetected(char const * aString) {
+  if (strchr(p, '\'')) return 1;
+  if (strchr(p, '\""')) return 1;
+  return 0;
+}","tinyfiledialogs.c, new quoteDetected() function (+~22 lines), called at entry to public API functions","Introduces quoteDetected(), checking ONLY the single-quote and double-quote characters (the two characters needed to close out of a quoted shell argument) and rejecting the input with an INVALID placeholder if found. Does not check for backquote or dollar-sign-based substitution at all, despite backquote being the exact character demonstrated in the report chain that led to this CVE.","CVE-2023-47104","CWE-78 / CWE-77 (OS Command Injection) -- same class, backquote/dollar-substitution gap","9.8 CRITICAL -- CVSS:3.1/AV:N/AC:L/PR:N/UI:N/S:U/C:H/I:H/A:H (same maximum severity as the original)","NVD, verbatim: 'this issue exists because of an incomplete fix for CVE-2020-36767, which only considered single and double quote characters.' A backquote opens shell command substitution exactly like $(...), with NO requirement to first escape out of any surrounding quoting -- meaning the single/double-quote check could never have caught it, wherever it appeared in a string.","The 2020 fix enumerated exactly the two characters (' and "") needed to escape a quoted shell argument, but backquote-based command substitution operates independently of quoting state entirely -- it was never in the threat model the quote-only check was designed against, despite being the EXACT vector the original 2019/2020 report chain (Servo #25498) had already demonstrated.","int tfd_quoteDetected(char const *aString) {
  if (strchr(p, '\'')) return 1;
  if (strchr(p, '\""')) return 1;
  return 0; /* backquote and $ never checked -- `id` still passes through unrejected */
}","Not individually named beyond the NVD record in source report; ~3.5-year-old exploitable primitive from the original Servo report","Published 2023-10-30","~3 years (Oct 2020 fix -> Oct 2023 disclosure); the underlying backquote vector had been known since ~mid-2019","ac9f9f6d8cdf45ca8d9b4cf1f201ee472301e114 (SourceForge Allura, NVD's official patch reference)","SourceForge Allura repository (tinyfiledialogs project); mirrored downstream in raysan5/rfxgen","tinyfiledialogs 3.15.0 release","tinyfiledialogs 3.15.0","tinyfiledialogs 3.15.0","if (strchr(p, '\'')) { return 1; }
if (strchr(p, '\""')) { return 1; }
+ if (strchr(p, '`')) { return 1; } /* the check added to close CVE-2023-47104 */
return 0;","tinyfiledialogs.c, tfd_quoteDetected() (+~4 lines)","Adds a third strchr(p, '`') branch, rejecting any string containing a backquote exactly as strings with a stray quote already were -- closes the exact vector demonstrated in the Jan 2020 Servo report, ~3.5 years after that report first surfaced the primitive.","Field/parameter-family miss -- an enumerated dangerous-character check (quotes) omitted a sibling dangerous character (backquote) from the same functional family (shell metacharacters enabling injection) that was already known and reported","Yes -- the original Servo issue #25498 PoC (JS alert(""Hey, `id`!"") executing the id command) remained fully functional against tinyfiledialogs for the entire CVE-2020-36767-to-CVE-2023-47104 window","A title/message string containing a backquote-wrapped shell command (e.g. `id`) passed to any tinyfiledialogs API on Linux/Unix; the quote-only check never rejects it, and the backquoted command is executed as a subshell when the constructed dialog command line runs.","Any application embedding tinyfiledialogs that displays untrusted text (e.g. a browser's alert()/confirm() implementation, as in Servo) allows a remote web page or other untrusted content to achieve command execution on Linux/Unix/macOS via a backquote or dollar-substitution payload in the displayed text.","tinyfiledialogs 3.8.0 through versions prior to 3.15.0 (carrying 6c1197e but not ac9f9f6d)","Original backquote primitive: YtvwlD (Servo issue #25498), reported ~6 months earlier to the jdm/tinyfiledialogs-rs binding maintainer. Fix author for both stages: Guillaume Vareille (tinyfiledialogs maintainer).","NVD, verbatim: 'this issue exists because of an incomplete fix for CVE-2020-36767, which only considered single and double quote characters.'","INCOMPLETE FIX (per user definition) -- source report independently recovered the true pre-fix baseline (v3.7.2, zero sanitization -- confirmed via grep showing zero matches for 'quoteDetected' in that commit) and both real fix commits (6c1197e and ac9f9f6d), neither of which the original disclosure cited by commit hash.","NVD CVE-2023-47104, CVE-2020-36767 ; github.com/servo/servo issue #25498 ; jdm/tinyfiledialogs-rs issue #19 ; SourceForge Allura tinyfiledialogs repository ; github.com/raysan5/rfxgen (vendored post-fix source) ; github.com/thechampagne/tinyfiledialogs (pre-fix v3.7.2 mirror)","The library's post-fix source retains a disabled, comment-preserved block for detecting dollar-sign ($) shell substitution, which per source report was considered by the maintainer but is not unconditionally active in every build -- CVE-2023-47104's own description mentions 'a dollar sign' alongside the backquote, referring to the same unresolved substitution-risk class the maintainer's dormant comment block addresses.","2","","","","","","","","","","","","","","","Both fixes authored by the same person, library maintainer Guillaume Vareille.","Not specified as an automated regression test in source report; the original Servo PoC (backquote-wrapped `id`) is the de facto reproducer for both the original bug and its incomplete-fix persistence.","Not individually specified in source report","Not given in source report","CWE-78 / CWE-77 (both stages)","incomplete_fixes_all_3.odt"
"CASE-34","Xen Hypervisor -- x86 HVM standard-VGA MMIO acceleration, xen/arch/x86/hvm/stdvga.c","C","xen/arch/x86/hvm/stdvga.c","stdvga_mem_accept(); stdvga_mem_complete()","None assigned (2015 deadlock found/fixed within days of introduction, pre-dates formal CVE tracking for this specific defect)","CWE-667 (Improper Locking)","Not applicable -- no CVE assigned to the 2015 defect","Commit 3bbaaec09b1b (2015) introduced an unusual locking discipline: stdvga_mem_accept() acquires a per-domain spinlock and deliberately returns TRUE while still holding it, relying on the paired stdvga_mem_complete() callback (invoked later by the generic dispatcher) to release it. Any code path re-entering stdvga_mem_accept() before the matching complete() ran would self-deadlock. Discovered 3 days after merge by Razvan Cojocaru (Bitdefender) via a hypervisor watchdog panic; diagnosed live on xen-devel by Andrew Cooper.","spin_lock(&s->lock);
if (!s->stdvga || (hvm_mmio_first_byte(p) < VGA_MEM_BASE) || ...) goto reject;
/* s->lock intentionally held */
return 1; /* released later, by stdvga_mem_complete() -- but a NESTED re-entrant call to
             stdvga_mem_accept() from within hvm_copy_to/from_guest_phys() self-deadlocks */","046244423898d422c88c8961136fcd3eaf748d0f","https://github.com/xen-project/xen/commit/046244423898d422c88c8961136fcd3eaf748d0f","""x86/hvm: fix deadlock in emulation of rep mov to or from VRAM""","2015-07-13 (4 days after the introducing commit)","Xen 4.6-unstable era","Paul Durrant (author), Jan Beulich (committer)","+ /* The range check must be done without taking the lock, to avoid
+  * deadlock when hvm_mmio_internal() is called from
+  * hvm_copy_to/from_guest_phys() in hvm_process_io_intercept(). */
+ if ((hvm_mmio_first_byte(p) < VGA_MEM_BASE) || (hvm_mmio_last_byte(p) >= ...)) return 0;
+
  spin_lock(&s->lock);
- if (!s->stdvga || (range check)...) goto reject;
+ if (!s->stdvga) goto reject; /* range check moved ABOVE the lock */","xen/arch/x86/hvm/stdvga.c, stdvga_mem_accept()","Moves the address-range check entirely above spin_lock(), so stdvga_mem_accept() no longer holds (or even attempts to acquire) the lock during a comparison that could recurse back into itself via hvm_mmio_internal() -- correctly closes the specific NESTED reentrant-call scenario Cojocaru's crash demonstrated.","CVE-2024-45818 (XSA-463)","CWE-667 (Improper Locking) -- same locking discipline, a structurally different triggering condition","Not individually vectorized in source report beyond advisory impact statement","XSA-463 advisory, verbatim: 'Locking involved there has an unusual discipline, leaving a lock acquired past the return from the function that acquired it. This behavior results in a problem when emulating an instruction with two memory accesses, both of which touch VGA memory... When emulating the 2nd access, the lock that is already being held would be attempted to be re-acquired, resulting in a deadlock.' A SINGLE emulated instruction (e.g. a VGA-to-VGA memory-to-memory move) performing two separate VGA-mapped accesses -- not a nested call within evaluating ONE access -- reaches stdvga_mem_accept() twice before the first access's stdvga_mem_complete() ever runs.","The 2015 fix correctly eliminated the NESTED reentrant-call deadlock (lock acquired, then re-entered from inside the same call's own copy-helper). It did nothing about a structurally different self-deadlock: a SECOND, independent VGA MMIO access performed by the SAME emulated instruction, reached only after the first access's stdvga_mem_accept() call has already returned (still holding the lock) -- both deadlocks share the identical triggering instruction class (rep mov), differing only in which of the instruction's two accesses re-enters the lock.","/* rep mov instruction copying VGA-mapped address A to VGA-mapped address B:
   access 1 (read from A): stdvga_mem_accept() takes s->lock, returns 1, lock held pending complete()
   access 2 (write to B), same instruction, same call stack, BEFORE complete() runs:
   stdvga_mem_accept() called again -> spin_lock(&s->lock) on an already-held, non-recursive lock -> deadlock */","Manuel Andreas, Technical University of Munich","Reported privately; XSA-463 v2 publicly released 2024-11-12","~9 years (Jul 2015 -> Nov 2024)","10-patch series; key patch #9, b180a50326c8a2c171f37c1940a0fbbdcad4be90 (""x86/HVM: drop stdvga's 'lock' struct member"")","https://xenbits.xenproject.org/xsa/xsa463/xsa463-4.19-08.patch ; https://xenbits.xenproject.org/xsa/xsa463/","XSA-463 patch series (10 patches, identical content per stable branch 4.16/4.17/4.18/4.19)","2024-11-12","Xen 4.16.x, 4.17.x, 4.18.x, 4.19.x (staging/master already clean, feature independently removed in 2023)","/* Patch #9 of 10: removes the 'lock' struct member from struct hvm_hw_stdvga entirely,
   along with the accept/complete split-locking discipline. Other 9 patches are cherry-picks
   of staging/master commits that had already dismantled the stdvga acceleration feature
   piece by piece for unrelated reasons. Patch #2 additionally tightens an unrelated
   write-acceptance input check traced to the SAME 2015 introducing commit. */","xen/arch/x86/hvm/stdvga.c, entire stdvga MMIO-acceleration feature (10-patch removal)","Advisory's own conclusion, verbatim: 'Analysis in light of the new finding cannot find a way to make the existing locking discipline work.' Rather than patch around a third deadlock scenario, removes the feature entirely -- made easier by the independent discovery that the caching the locking existed to protect had already been silently, accidentally broken since Xen 4.7, providing zero benefit for years while carrying the full deadlock risk.","Wrong invariant / off-by-construction -- the fundamental design (holding a lock across a callback-return boundary) was itself unsound; the 2015 fix patched one specific triggering condition without recognizing the discipline itself could not be made safe","Yes -- the mechanism is fully described in the advisory; any guest instruction performing 2 VGA-mapped memory accesses (e.g. a VGA-to-VGA rep mov) self-deadlocks, requiring no attacker privilege beyond ordinary guest code execution","A (not necessarily malicious) HVM guest executes a single instruction with two memory operands both mapped inside the legacy VGA MMIO window (0xA0000-0xBFFFF), e.g. a memory-to-memory move; the second access's stdvga_mem_accept() call self-deadlocks on the lock the first access is still holding, hanging the host CPU (watchdog panic).","Any x86 HVM guest (malicious or simply buggy) executing ordinary VGA-region memory-move instructions can lock up the entire physical host, a host-wide denial of service reachable without special guest privileges.","Xen 4.6 through 4.19 (x86 HVM guests only); staging/4.20 already unaffected due to the coincidental prior feature removal","2015 deadlock: reported by Razvan Cojocaru (Bitdefender); diagnosed by Andrew Cooper; fixed by Paul Durrant. 2024 deadlock (XSA-463): reported by Manuel Andreas (TU Munich); fixed by Jan Beulich and Andrew Cooper (SUSE/Citrix).","XSA-463 advisory, verbatim: 'this deadlock was already found when the code was first introduced, but was analysed incorrectly and the fix was incomplete.'","INCOMPLETE FIX (per user definition) -- source report treats this as the most rigorously self-documented case in the batch: the advisory ITSELF states in as many words that the 2015 analysis was incomplete, not merely that a new bug was found later.","xenbits.xenproject.org/xsa/advisory-463.html ; xenbits.xenproject.org/xsa/xsa463/ (10-patch series) ; github.com/xen-project/xen commits 3bbaaec09b1b, 046244423898 ; mail-archive.com xen-devel msg30513.html (2015 live diagnosis thread) ; patchew.org mailing-list mirror","The same 2015 introducing commit (3bbaaec09b1b) produced at least TWO distinct, independently-discovered-and-fixed defects in the same function nine years apart: the deadlock (patch #9) and a narrower, unrelated input-validation gap in the write-acceptance condition (fixed in the same 2024 series as patch #2) -- both traceable to the same root-introduction commit. The 2015 crash's own call stack (hvmemul_rep_movs) already showed the SAME triggering instruction class (rep mov) that XSA-463 identifies nine years later, differing only in which of the instruction's two memory accesses re-enters the lock.","1 (2015 defect never received a separate CVE; only CVE-2024-45818 was formally assigned)","","","","","","","","","","3bbaaec09b1b942f5624dee176da6e416d31f982 (2015) -- ""x86/hvm: unify stdvga mmio intercept with standard mmio intercept"" -- the commit that FIRST introduced the accept-then-hold-lock-until-complete split-locking discipline that both the 2015 and 2024 deadlocks trace back to.","","","","","The 2024 final-fix patch #9 (dropping the lock struct member) is explicitly credited 'Suggested-by: Andrew Cooper' -- the same engineer who diagnosed the ORIGINAL 2015 deadlock live on the mailing list, nine years earlier.","The 2015 mailing-list thread contains a full, real hypervisor watchdog panic stack trace (Cojocaru's original report) serving as the de facto reproducer for the general hazard class; XSA-463 does not reproduce a separate crash trace for the 2024 scenario in source report beyond the advisory's mechanism description.","Xen Project Security Team","Not given in source report","CWE-667 (both stages)","incomplete_fixes_all_3.odt"
"CASE-35","PHP interpreter -- main/php_variables.c, php_register_variable_ex()","C","main/php_variables.c","php_register_variable_ex() (flat-variable branch fixed 2022; array-syntax branches unfixed until 2024/2025)","CVE-2022-31629 (PHP Sec Bug #81727)","CWE-20 (Improper Input Validation)","Not individually restated for CVE-2022-31629 in source report","PHP mangles spaces/dots/brackets in raw HTTP variable/cookie names to underscores when populating $_GET/$_POST/$_COOKIE. A cookie sent as ..Host-test=foo mangles into __Host-test, indistinguishable from a genuine browser-enforced __Host--prefixed cookie, spoofing the security-scoping signal applications rely on (e.g. anti-CSRF double-submit tokens). Reported by Marco Squarcina.","for (p = var; *p; p++) { if (*p == ' ' || *p == '.') *p='_'; else if (*p == '[') { ...; break; } }
var_len = p - var;
/* no forbidden-prefix (__Host-/__Secure-) check exists anywhere in the function at this point */","0611be4e82887cee0de6c4cbae320d34eec946ca","https://github.com/php/php-src/commit/0611be4e82887cee0de6c4cbae320d34eec946ca","""Fix #81727: Don't mangle HTTP variable names that clash with ones that have a specific semantic meaning.""","2022-09-29","PHP 7.4.31 / 8.0.24 / 8.1.11","Derick Rethans","+ if (strncmp(var, ""__Host-"", 7) == 0 && strncmp(var_name, ""__Host-"", 7) != 0) { ...; return; }
+ if (strncmp(var, ""__Secure-"", 9) == 0 && strncmp(var_name, ""__Secure-"", 9) != 0) { ...; return; }","main/php_variables.c, php_register_variable_ex(), immediately after the flat var_len computation","Compares the fully-mangled name (var) against the original pre-mangling name (var_name); if mangling caused a new __Host-/__Secure- prefix to appear, silently discards the variable. Includes regression test bug81727.phpt covering ..Host-test / . Secure-test.","CVE-2024-2756","CWE-20 (Improper Input Validation) -- same class, a structurally different mangling branch within the same function","6.5 MEDIUM -- CVSS:3.1/AV:N/AC:L/PR:N/UI:R/S:U/C:N/I:H/A:N","php_register_variable_ex() handles two shapes of variable: simple scalars and PHP's implicit array syntax (test[key]=value). The array-key portion undergoes its OWN separate mangling pass, computed independently in a different branch using a locally-scoped index variable -- never compared by the 2022 check, which ran only once, before the array-vs-scalar branch was even reached. GHSA PoC: curl -b '_[Host-x=y' -> {""__Host-x"":""y""}.","The 2022 patch's forbidden-name check was inserted at a SINGLE point in the function -- immediately after the flat var_len computation, before the array-key mangling step (which happens later, in a different branch, on a different variable) ever ran. The check was structurally incapable of catching a collision that only APPEARED during the array-key mangling, since that mangling hadn't happened yet at the point the check ran, and the check was never repeated at the point where it had.","curl -b '_[Host-x=y' localhost:8080/x
/* raw _[ sequence: '[' -> '_' substitution (array-syntax branch) collapses _[ into __,
   producing a spurious __Host- prefix via a code path the 2022 check never inspected */
{""__Host-x"":""y""}","Luca Carettoni (GitHub handle lavish) -- same researcher as the original CVE-2022-31629 report","GHSA-wpj3-hf5j-x4v4 published 2024-04-11; researcher states they 'reported this vulnerability multiple times via email' shortly after the 2022 fix shipped, but the message was lost","Reported essentially immediately after the 2022 fix (per researcher's account), but not publicly fixed until ~1.5 years later","093c08af25fb323efa0c8e6154aa9fdeae3d3b53","https://github.com/php/php-src/commit/093c08af25fb323efa0c8e6154aa9fdeae3d3b53","""Fix GHSA-wpj3-hf5j-x4v4: __Host-/__Secure- cookie bypass due to partial CVE-2022-31629 fix.""","2025-03-04 (commit); backported to security releases dated April 2024","PHP 8.1.28, 8.2.18, 8.3.6","+static bool php_is_forbidden_variable_name(const char *mangled_name, const char *original_name) {
+  /* identical __Host-/__Secure- comparison logic as 0611be4e, now a reusable function */
+}
/* called from THREE places: the flat-variable path (as before) PLUS the two array-syntax
   branches the 2022 fix never reached, each right before the name is committed as an array key */","main/php_variables.c, new php_is_forbidden_variable_name() helper, called from 3 sites","""The check happened too early as later code paths may perform more mangling rules. Move the check downwards right before adding the actual variable."" Relocates enforcement to the LAST possible moment -- immediately before each of the (now three) places that actually commit a name to the superglobal array -- rather than trying to anticipate every future mangling branch.","Scope-of-audit miss -- a correctly-designed check was inserted at one point in a multi-branch function, before one of the branches (array-syntax) that needed the same check had even executed","Yes -- exact curl command reproduced verbatim in the GHSA advisory","curl -b '_[Host-x=y' localhost:8080/x against a PHP script echoing json_encode($_COOKIE) returns {""__Host-x"":""y""} -- a spoofed __Host- cookie via the array-syntax mangling branch the 2022 fix never checked.","An attacker who cannot set a genuine, browser-enforced __Host-/__Secure- cookie (lacking HTTPS/same-origin control) sends a specially-crafted cookie name that PHP's array-syntax mangling collapses into a spoofed __Host-/__Secure- name, bypassing application logic that trusts the mere presence of such a prefix as a security signal (e.g. CSRF double-submit defenses).","PHP >=8.1.11, <8.1.28; <8.2.18; <8.3.5 (every version carrying the 2022 fix but not the 2025 fix)","Both CVE-2022-31629 and CVE-2024-2756: Luca Carettoni (lavish), also credited as squarcina on the original PHP bug report. Original fix: Derick Rethans. Complete fix: ndossche (author), ramsey (committer).","GHSA-wpj3-hf5j-x4v4 frames the relationship explicitly as ""due to partial CVE-2022-31629 fix""; the fix commit's own message: ""the check happened too early as later code paths may perform more mangling rules.""","INCOMPLETE FIX (per user definition) -- source report notes the exact comparison logic is preserved byte-for-byte in the new helper function; the fix is 'a relocation and multiplication of call sites, not a rewrite of the check's substance.' 36 new regression-test cases added, confirming purely defensive hardening.","GHSA-wpj3-hf5j-x4v4 ; GHSA-c43m-486j-j32p (CVE-2022-31629) ; bugs.php.net Sec Bug #81727 ; github.com/php/php-src commits 0611be4e, 093c08af ; PHP Sec Bug #79699 / CVE-2020-7070 (related, distinct mechanism)","Source report distinguishes this lineage from CVE-2020-7070 (PHP Sec Bug #79699), an EARLIER, related but mechanistically distinct bug where PHP additionally URL-decoded cookie names before mangling (allowing %5FHost- percent-encoding tricks) -- fixed separately, years before, by a different commit (6559fe912661), and explicitly not part of this two-CVE lineage.","2","","","","","","","","","","","","","","CVE-2020-7070 (PHP Sec Bug #79699) -- an earlier, related cookie-prefix-mangling bug via URL-decoding rather than space/dot/bracket substitution; fixed separately by commit 6559fe912661ca5ce5f0eeeb591d928451428ed0, not part of this lineage.","","0611be4e added ext/standard/tests/bug81727.phpt; 093c08af added 36 new test cases to the same regression suite, confirming the fix's coverage of the array-syntax branches.","PHP Group","Not given in source report","CWE-20 (both stages)","incomplete_fixes_all_3.odt"
"CASE-36","GNOME file-roller -- src/fr-archive-libarchive.c, extract_archive_thread()","C","src/fr-archive-libarchive.c","extract_archive_thread(); _g_file_is_external_link(), _symlink_is_external_to_destination() (first fix, removed by final fix); _g_file_contains_symlinks_in_path() (final fix)","CVE-2020-11736","CWE-22 (Path Traversal)","Not individually restated for CVE-2020-11736 in source report","'fr-archive-libarchive.c in GNOME file-roller through 3.36.1 allows Directory Traversal during extraction because it lacks a check of whether a file's parent is a symlink to a directory outside of the intended extraction location.' extract_archive_thread() validated only a path's own literal '../ ' components, never whether any ancestor directory was itself a symlink pointing elsewhere.","file = g_file_get_child(extract_data->destination, relative_path);
/* nothing here queries whether any ancestor of 'file' is a symlink; a prior archive entry
   creating such a symlink pointing outside destination is silently followed */","21dfcdbfe258984db89fb65243a1a888924e45a0","https://gitlab.gnome.org/GNOME/file-roller/-/commit/21dfcdbfe258984db89fb65243a1a888924e45a0","Shipped in file-roller 3.36.2","file-roller 3.36.2","file-roller 3.36.2","Paolo Bacchilega","+static gboolean _g_file_is_external_link(GFile *file, GFile *destination, GHashTable *external_links) { ... }
+static gboolean _symlink_is_external_to_destination(GFile *file, const char *symlink, GFile *destination, GHashTable *external_links) {
+  /* walks the symlink's resolved target components, checking each intermediate parent
+     against destination via _g_file_is_external_link(), recursively */
+}","src/fr-archive-libarchive.c (+149/-0)","Introduces three cooperating functions and an external_links hash table implementing a precise, recursive symlink-target-resolution classifier that walks a symlink's target path component-by-component to determine whether it escapes the destination.","CVE-2020-36314","CWE-22 (Path Traversal) -- same class, missed complex-topology cases","3.9 LOW -- CVSS:3.1/AV:L/AC:L/PR:L/UI:R/S:U/C:N/I:L/A:L","CVE Program official description, verbatim: 'allows Directory Traversal during extraction because it lacks a check of whether a file's parent is a symlink in certain complex situations. NOTE: this issue exists because of an incomplete fix for CVE-2020-11736.' The precise recursive classifier missed specific symlink-chain topologies not covered by its component-by-component resolution logic.","The first fix's classifier was a precise, hand-written recursive algorithm attempting to correctly resolve every possible symlink-chain topology (relative targets, '..' segments, nested symlinks) -- 'directionally correct but its implementation did not cover every topology the concept was meant to cover,' per source report's classification analysis.","/* Specific complex symlink-chain topologies not enumerated by _symlink_is_external_to_destination()'s
   component-by-component resolution logic could still resolve outside the destination undetected;
   NVD's description does not enumerate the exact topology, only that 'certain complex situations' remained. */","Not individually named beyond the GitLab tracking issue (#108) in source report","Not individually dated beyond preceding the e970f496 fix; ~10-month gap per source report","~10 months","e970f4966bf388f6e7c277357c8b186c645683ae","https://gitlab.gnome.org/GNOME/file-roller/-/commit/e970f4966bf388f6e7c277357c8b186c645683ae","gitlab.gnome.org/GNOME/file-roller/-/issues/108","2021 (also fixed via FEDORA-2021-7109d72f07)","file-roller (post-issue-#108 release)","- /* _g_file_is_external_link(), _symlink_is_external_to_destination(), _g_path_is_external_to_destination()
-    ALL REMOVED -- 115 lines net */
+static gboolean _g_file_contains_symlinks_in_path(const char *relative_path, GFile *destination, GHashTable *symlinks) {
+  /* categorically rejects ANY symlink anywhere in the path's parent chain, unconditionally,
+     regardless of what it resolves to -- skips the file with a warning instead */
+}","src/fr-archive-libarchive.c (+12/-115, net simplification)","Deletes the entire precise external-vs-not-external resolution logic entirely and replaces it with a single, deliberately conservative function that categorically rejects any symlink anywhere in a candidate path's parent chain -- trading an increase in false positives (benign in-bounds symlinked archives now skip some files with a warning) for eliminating the whole class of complex-topology edge cases a precise resolver could miss.","Wrong invariant / off-by-construction -- a precise, hand-written symlink-resolution algorithm had irreducible edge cases; replaced with a categorical deny-all-symlink-parents policy (same resolution pattern independently used in the sibling gnome-autoar case)","Not detailed as a scripted PoC in source report; mechanism described via the official CVE text's 'certain complex situations' framing","An archive constructing a symlink-chain topology not correctly enumerated by the first fix's recursive component-by-component resolver causes a file to be written outside the destination directory during extraction.","A user extracts a malicious archive via GNOME file-roller, Nautilus, or GNOME Shell's archive integration; files are written outside the selected destination directory via a symlink-chain topology the precise-but-fallible first fix's classifier failed to detect.","file-roller 3.36.2 through 3.38.0 (carrying 21dfcdbfe258 but not e970f4966bf3)","Not individually named beyond the GitLab tracking issue in source report; both fixes authored by Paolo Bacchilega (per source report's attribution of the first fix; final-fix author not separately distinguished).","CVE Program official description: '...lacks a check of whether a file's parent is a symlink in certain complex situations. NOTE: this issue exists because of an incomplete fix for CVE-2020-11736.' Source report calls this 'one of the most direct, explicit incomplete-fix framings in NVD's own corpus.'","INCOMPLETE FIX (per user definition) -- source report notes the final fix is strictly MORE conservative than its predecessor (only ever skips additional files, never writes files the first fix's classifier would have blocked), making this an unusually clean case with zero regression risk in the fix itself.","CVE Program cvelistV5 (CVE-2020-36314, CVE-2020-11736) ; NVD CVE-2020-36314, CVE-2020-11736 ; gitlab.gnome.org/GNOME/file-roller issue #108 ; commits 21dfcdbfe258, e970f4966bf3 ; FEDORA-2021-7109d72f07 ; Debian DLA-2180-1 ; Ubuntu USN-4332-1","This is a direct sibling case to CASE-24 (gnome-autoar CVE-2021-28650): both are GNOME archive-extraction libraries independently discovering the SAME general lesson -- that a precise, resolve-and-verify symlink-chain classifier has irreducible edge cases, and both ultimately converge on the identical remediation strategy (categorical rejection of any symlink in a path's parent chain, full stop) as their final fix.","2","","","","","","","","","","","","CASE-24 (gnome-autoar CVE-2021-28650) documents the identical pattern -- a precise recursive symlink-resolution classifier replaced by a categorical deny-all-symlink-parents policy -- in a sibling GNOME archive-extraction library built around the same libarchive extraction model, independently discovered.","CASE-24","","","Not specified as an automated regression test in source report.","Not individually specified in source report","Not given in source report","CWE-22 (both stages)","incomplete_fixes_all_3.odt"
"CASE-37","systemd -- src/basic/user-util.c (parse_uid()), src/core/load-fragment.c (config_parse_user_group())","C","src/basic/user-util.c ; src/core/load-fragment.c ; src/basic/parse-util.c","parse_uid(); valid_user_group_name(); config_parse_user_group(); safe_atou32() / safe_atou32_full()","CVE-2017-1000082","CWE-269 (Improper Privilege Management)","9.8 -- CVSS:3.1/AV:N/AC:L/PR:N/UI:N/S:U/C:H/I:H/A:H","systemd v233 and earlier failed to safely parse usernames starting with a numeric digit (e.g. '0day'): config_parse_user_group() returned 0 (success) rather than an error on an invalid User= value, so the unit loaded and started anyway with NO User= applied, running the service as root.","if (!valid_user_group_name_or_id(k)) {
  log_syntax(...); return 0; /* silent fallback: unit still loads/starts, runs as root */
}","bb28e68477a3a39796e4999a6cbc6ac6345a9159","https://github.com/systemd/systemd/commit/bb28e68477a3a39796e4999a6cbc6ac6345a9159","""core/load-fragment: refuse units with errors in certain directives""","2017-07-11","systemd v234","Lennart Poettering","- log_syntax(...); return 0;
+ log_syntax(...); return -ENEXEC; /* hard load failure, applied to ~a dozen config_parse_*() functions */","src/core/load-fragment.c, config_parse_user_group() and ~12 sibling directive parsers","Changes return 0 (silent continue) to return -ENOEXEC (hard unit-load failure) for syntactically-invalid security-relevant directives including User=/Group=. A unit with User=0day now fails to start entirely rather than starting as root. The syntactic validity test itself (valid_user_group_name(), delegated to parse_uid()) is unchanged.","CVE-2020-13776","CWE-269 (Improper Privilege Management) -- same class, different numeric-string edge case","Not individually restated in source report beyond referencing the original's severity","NVD, verbatim: 'systemd through v245 mishandles numerical usernames such as ones composed of decimal digits or 0x followed by hex digits, as demonstrated by use of root privileges when privileges of the 0x0 user account were intended. NOTE: this issue exists because of an incomplete fix for CVE-2017-1000082.' parse_uid() used safe_atou32() which auto-detects base from string prefix (0x->hex, leading 0->octal), so a literal username like 0x0 parses as a number under a DIFFERENT interpretation than a human reading the unit file would expect.","The 2017 fix corrected the LOAD-FAILURE BEHAVIOR (return -ENOEXEC on invalid names) but never touched parse_uid()'s underlying base-auto-detection logic (safe_atou32()), which was the actual root of the ambiguity: strings like '0x2b3bfa0' or '01750' parse as hex/octal numbers under systemd's numeric-string test, making them 'valid usernames per the relaxed rules' but ALSO parseable as numeric UIDs -- an ambiguity the 2017 fix's refuse-to-load logic depended entirely on parse_uid() to correctly resolve, but parse_uid() itself was never audited.","int parse_uid(const char *s, uid_t *ret) {
  r = safe_atou32(s, &uid); /* auto-detects base: '0x...' -> hex, leading '0' -> octal, else decimal */
  ...
}
/* User=0x2b3bfa0 parses as UID 45334432; User=01750 parses as UID 1000 (octal), not decimal 1750 */","Reported via GitHub issue #15985 (May 2020)","2020-05","~3 years (Jul 2017 -> May 2020)","156a5fd297b61bce31630d7a52c15614bf784843 (+ unstated prerequisite b934ac3d6e7dcad114776ef30ee9098693e7ab7e)","https://github.com/systemd/systemd/commit/156a5fd297b61bce31630d7a52c15614bf784843","""basic/user-util: always use base 10 for user/group numbers""","2020-05-31","systemd v246","- r = safe_atou32(s, &uid);
+ r = safe_atou32_full(s, 10, &uid); /* hard-coded base 10 */
/* new tests: parse_uid(""0x1234"") now -EINVAL (was silently hex 4660); parse_uid(""01234"") now decimal 1234 (was octal 668) */","src/basic/user-util.c, parse_uid() (single production line changed)","One-line change forcing base-10 parsing; because valid_user_group_name()'s numeric-ambiguity test is fully delegated to parse_uid(), fixing parse_uid() alone closes the gap everywhere that test is used, with no change needed to the validation function or any User=/Group= call site.","Upstream/downstream caller miss -- the 2017 fix corrected the CALLER's response to invalid input (refuse-to-load) without auditing the shared primitive (parse_uid()) that decides what counts as 'invalid' in the first place","Yes -- exact example given in NVD description (0x0 username resolving to a different UID) and regression test cases in the fix commit","A unit file specifying User=0x2b3bfa0 (intended as a literal username) is silently parsed by parse_uid() as hexadecimal, resolving to UID 45334432 rather than being treated as a literal username string.","An administrator or package intending to create/reference a literal username that happens to look like a prefixed number (0x... or leading-zero octal-looking string) has the service instead run under an unintended, attacker-influenceable or unexpected UID -- a privilege-confusion vector reachable via ordinary unit-file authoring mistakes as much as deliberate attack.","systemd v234 through v245 (carrying bb28e68477a3 but not 156a5fd297b6)","CVE-2017-1000082: reported via GitHub issue #6237 (June 2017); CVE assigned by Kurt Seifried. CVE-2020-13776: reported via GitHub issue #15985 (May 2020); fix authored by Zbigniew Jedrzejewski-Szmek.","NVD, verbatim: 'NOTE: this issue exists because of an incomplete fix for CVE-2017-1000082.' Maintainers' own diagnosis, quoted in source report: 'We would parse numbers with base prefixes as user identifiers... This means that names like 0x2b3bfa0 would be ambiguous.'","INCOMPLETE FIX (per user definition) -- source report identifies a SECOND, independent incomplete-fix layer on top of this one: the 156a5fd fix itself has an UNSTATED PREREQUISITE commit (b934ac3d, which introduced safe_atou32_full()) that any downstream backport cherry-picking 156a5fd alone would silently fail to apply correctly -- confirmed by a real systemd-stable GitHub issue (#70) and an independent Yocto/OpenEmbedded engineer's backport comment both naming the same missing prerequisite months apart, without knowledge of each other.","github.com/systemd/systemd issues #6237, #15985 ; commits bb28e68477a3, 156a5fd297b6, b934ac3d6e7d ; systemd-stable/systemd-stable issue #70 ; Yocto/OpenEmbedded-core mailing list (Joe Slater backport) ; LWN.net and SecurityWeek 2017 coverage","The maintainers' initial public response to the 2017 report was to dismiss it as 'not a bug' before a CVE was ultimately assigned -- an early, real-world instance of researcher-vendor disagreement over severity later reversed by CVE assignment. This case's downstream-backport-prerequisite gap (b934ac3 required for 156a5fd to even compile/function correctly) is explicitly compared by source report to the RHEL7 Unbound and file-roller cases as a parallel instance of understated fix propagation.","2","","","","","","","","","","","b934ac3d6e7dcad114776ef30ee9098693e7ab7e -- ""basic/parse-util: add safe_atou32_full()"" -- the commit that generalized safe_atou32() into a base-parameterized primitive; 156a5fd's one-line fix is only valid on a codebase that already contains this function, an unstated dependency that caused real downstream backport failures (systemd-stable issue #70; independent Yocto/OpenEmbedded rediscovery).","","","","","156a5fd adds explicit regression tests: parse_uid(""0x1234"") now asserts -EINVAL; parse_uid(""01234"") now asserts decimal value 1234 -- precise regression tests for the two base-prefix ambiguities (hex, octal) CVE-2020-13776 identified.","Not individually specified in source report","Not given in source report","CWE-269 (both stages)","incomplete_fixes_all_3.odt"
"CASE-38","Unbound DNS resolver (RHEL7 backport) -- iterator/iterator.c, processQueryTargets()","C","iterator/iterator.c ; iterator/iterator.h","processQueryTargets(); target_count_increase_nx() (upstream)","CVE-2020-12662 (""NXNSAttack"")","CWE-406 (Insufficient Control of Network Message Volume / Amplification)","Not individually restated in source report","A malicious authoritative server answers a delegation query with an NS record set containing many attacker-controlled, non-existent (NXDOMAIN) nameserver names; Unbound attempted to resolve every one of them, multiplying one inbound query into dozens of outbound queries -- a DDoS amplification vector. Reported by Tel Aviv University researchers (Shafir, Afek, Bremler-Barr).","if (iq->sent_count > MAX_SENT_COUNT) { ...; return SERVFAIL; }
/* no check anywhere of how many sends resulted in NXDOMAIN specifically;
   MAX_SENT_COUNT=32 stayed well above realistic NXNSAttack payload sizes */","ba0f382eee814e56900a535778d13206b86b6d49","https://github.com/NLnetLabs/unbound/commit/ba0f382eee814e56900a535778d13206b86b6d49","Also fixes sibling CVE-2020-12663","2020","Unbound 1.10.1","NLnet Labs","+#define MAX_DP_TARGET_COUNT 16
+#define MAX_TARGET_NX 5
/* new target_count[2] NXDOMAIN counter, incremented per nameserver-target lookup that
   resolves to NXDOMAIN; aborts with SERVFAIL once MAX_TARGET_NX exceeded */","iterator/iterator.c/.h, iter_delegpt.c/.h, iter_scrub.c, iter_utils.c, services/cache/dns.c (10 files, +252/-72)","Adds a dedicated NXDOMAIN counter and a per-delegation-point cap (MAX_DP_TARGET_COUNT=16), directly capping the amplification factor the NXNSAttack exploits, on top of the pre-existing coarser MAX_TARGET_COUNT=64.","CVE-2020-10772","CWE-406 / CWE-400 -- same class, confined to a single downstream backport","Not individually restated in source report","CVE Program record, verbatim: 'An incomplete fix for CVE-2020-12662 was shipped for Unbound in Red Hat Enterprise Linux 7, as part of erratum RHSA-2020:2414. Vulnerable versions of Unbound could still amplify an incoming query into a large number of queries directed to a target, even with a lower amplification ratio... it does not affect upstream versions of Unbound.' RHEL7 ships Unbound on an old 1.6.6 base with individually backported patches rather than tracking upstream's 1.10.1 release.","RHEL7's 1.6.6 codebase's query-target-tracking structures differ from 1.10.1's, so the backport was necessarily an ADAPTATION rather than a direct cherry-pick; whatever cap the adapted patch implemented against the older, differently-structured fields permitted materially more amplifying lookups than upstream's MAX_TARGET_NX=5 -- a defect purely in the re-implementation, not in the security logic's design (upstream Unbound was never affected).","/* RHEL7 unbound-1.6.6-4.el7_8's adapted NXDOMAIN-tracking patch permitted a larger
   effective amplification ratio than upstream's MAX_TARGET_NX=5 threshold, due to
   structural differences in the older 1.6.6 iterator state fields */","Red Hat's own PSIRT (assigning CNA), tracked via Bugzilla #1846026","RHSA-2020:2414 issued 2020-06-08; corrective RHSA-2020:2642 issued 2020-06-22","~2 weeks","CentOS dist-git tag imports/c7/unbound-1.6.6-5.el7_8 (commit prefix ed3ab4)","https://git.centos.org/rpms/unbound/releases","RHSA-2020:2642; Red Hat Bugzilla #1846026 / internal rhbz#1846424","2020-06-11 (packager date); issued 2020-06-22","unbound-1.6.6-5.el7_8 (RPM release-number bump only, base version unchanged)","Not independently retrievable as plain diff text (packaged inside a binary .src.rpm); SRPM %changelog verbatim: 'Fix incomplete amplifying-an-incoming-query patch — Resolves: rhbz#1846424'","SOURCES/unbound-1.6.6-amplifying-an-incoming-query.patch (RHEL7 SRPM lookaside patch file)","Corrects the RHEL7-adapted NXDOMAIN-amplification cap to match upstream's effective protection level; packager's own changelog explicitly titled 'Fix incomplete amplifying-an-incoming-query patch,' an independent first-party acknowledgment predating the public CVE-2020-10772 description.","Field/parameter-family miss (distro backport re-derivation error) -- an older codebase's differently-structured tracking fields were adapted incompletely relative to the upstream cap they were meant to replicate","Mechanism fully described; no scripted PoC reproduced verbatim in source report","A malicious authoritative server answers a delegation with many attacker-controlled NXDOMAIN-resolving nameserver names against an unpatched or under-patched RHEL7 unbound-1.6.6-4.el7_8 resolver, amplifying one inbound query into more outbound queries than upstream's MAX_TARGET_NX=5 threshold would allow.","An attacker controlling or compromising an authoritative DNS server uses crafted delegation responses against RHEL7 systems running the -4.el7_8 unbound package to achieve DNS amplification DDoS against a third party, at a reduced but still materially exploitable ratio compared to the fully unpatched state.","RHEL7 unbound-1.6.6-4.el7_8 (and Amazon Linux 2's rebuilt equivalent) only; upstream Unbound 1.10.1+ never affected","CVE-2020-12662: Lior Shafir, Yehuda Afek, Anat Bremler-Barr (Tel Aviv University). CVE-2020-10772: identified/packaged by Red Hat's own PSIRT/packaging team (Anna Khaitovich, per SRPM changelog).","CVE Program record, verbatim: 'This issue is about the incomplete fix for CVE-2020-12662, and it does not affect upstream versions of Unbound.'","INCOMPLETE FIX (per user definition) -- source report highlights this as the only case in the series where the CVE record itself states outright that upstream software was never affected, an unusually precise, narrow scope of incompleteness confined entirely to one distribution's backport adaptation.","CVE-2020-10772, CVE-2020-12662 (NVD/CVE Program) ; RHSA-2020:2414, RHSA-2020:2642 ; Red Hat Bugzilla #1837597, #1846026 ; github.com/NLnetLabs/unbound commit ba0f382eee81 ; git.centos.org/rpms/unbound (dist-git provenance) ; ALAS2-2020-1463 (Amazon Linux corroboration) ; ELSA-2020-2414/2642 (Oracle Linux) ; CESA-2020:2642 (CentOS, SHA256 checksums)","Independently corroborated across FOUR separate distribution trackers (Red Hat, Amazon Linux 2, Oracle Linux, CentOS), all rebuilding the same RHEL SRPM lineage and using identical -4/-5 release-number increments and near-identical explanatory text, confirming the gap propagated across (and was corrected across) the whole family of RHEL-derived distributions rather than being an isolated one-off.","2","","","","","","","","","","","","The upstream ba0f382 fix (Unbound 1.10.1) is itself the correct reference implementation the RHEL7 backport should have matched; upstream Unbound was never vulnerable to CVE-2020-10772 at all.","","CVE-2020-12663 -- fixed by the same upstream commit ba0f382, unrelated bug class, not part of this lineage.","","Not specified as an automated regression test; the CentOS dist-git tags provide byte-level commit/file provenance for both the incomplete and corrective patches even though the literal patch diff text could not be extracted from the binary SRPM.","Red Hat","Not given in source report","CWE-406 / CWE-400 (both stages)","incomplete_fixes_all_3.odt"
"CASE-39","Brave Browser (brave-core) -- browser/net/brave_ad_block_tp_network_delegate_helper.cc","C++","browser/net/brave_ad_block_tp_network_delegate_helper.cc","OnBeforeURLRequestAdBlockTP() -> ProxySettingsAllowUncloaking() (renamed across the lineage)","CVE-2021-21323 (Tor-specific)","CWE-200 (Exposure of Sensitive Information)","4.3 -- CVSS:3.1/AV:N/AC:L/PR:N/UI:R/S:U/C:L/I:N/A:N","Brave's CNAME-adblock feature (added 1.17.73) issues an extra DNS lookup to 'uncloak' CNAME-based tracker evasion, with NO awareness of Tor windows: 'Users with adblocking enabled would leak DNS requests from Tor windows to their DNS provider.'","new AdblockCnameResolveHostClient(std::move(next_callback), task_runner, ctx);
/* unconditional -- no check of Tor state, proxy configuration, or any routing context at all */","91e9db544d33b95a60fcdeb8691d9989d0b49295 (squashed uplift of PR #7769)","https://github.com/brave/brave-core/commit/91e9db544d33b95a60fcdeb8691d9989d0b49295","PR #7769, ""Fix Tor dns leak""","2021 (early)","Brave desktop","Anthony Tseng (darkdh)","+ if (ctx->browser_context->IsTor()) {
+   ShouldBlockAdWithOptionalCname(task_runner, std::move(next_callback), ctx, base::nullopt);
+ } else {
+   new AdblockCnameResolveHostClient(std::move(next_callback), task_runner, ctx);
+ }","browser/net/brave_ad_block_tp_network_delegate_helper.cc","Adds a single, hard-coded condition (ctx->browser_context->IsTor()) that skips the CNAME-resolving DNS lookup entirely for Tor windows. Correct and complete for exactly the reported Tor scenario, but has no awareness of any other routing/anonymity mechanism (e.g. a proxy extension).","CVE-2021-22916","CWE-200 -- same class, generalized beyond Tor to any proxy extension","Not individually restated in source report","'when adblocking is enabled and a proxy browser extension is installed, the CNAME adblocking feature issues DNS requests that used the system DNS settings instead of the extension's proxy settings.' The Tor-only check never examined general Chromium proxy configuration at all -- ANY VPN/proxy extension reconfiguring chrome.proxy reproduced the identical leak.","PR #7769's fix checked exactly ONE routing mechanism (Tor) by construction, with no generalization to Chromium's broader proxy-configuration model; a user relying on a proxy extension rather than Tor's built-in transport was completely unprotected by a check that only ever asked 'is this Tor.'","if (ctx->browser_context->IsTor()) { /* skip uncloaking */ }
/* else: unconditional AdblockCnameResolveHostClient(...) regardless of any proxy extension */","HackerOne report #1203842","Not individually dated beyond HackerOne report reference","Not individually dated in source report","78036601285ae04d778b45741c001334fdecea1b (""second attempt, using ProxyConfigService approach"")","https://github.com/brave/brave-core/commit/78036601285ae04d778b45741c001334fdecea1b","PR #8957, ""Avoid CNAME uncloaking if a proxy is configured""","2021","Brave desktop","+ if (!dict.GetMode(&mode) || !(mode == ProxyPrefs::ProxyMode::MODE_DIRECT || ...)) {
+   /* checks config.value().proxy_rules().type == PROXY_LIST (single proxy for all schemes) */
+   should_check_uncloaked = false;
+ }","browser/net/brave_ad_block_tp_network_delegate_helper.cc","Adds a general ProxyConfigService-based check recognizing Chromium's PROXY_LIST configuration shape (a single proxy for all schemes) and suppressing the extra DNS lookup whenever one is configured -- generalizes beyond Tor to ANY single-proxy configuration, but recognizes only ONE of Chromium's several proxy-configuration shapes.","Scope-of-audit miss / Field/parameter-family miss -- each successive fix recognized one more of several structurally similar 'traffic is being proxied' configurations, without enumerating the full family upfront","Mechanism fully described via three official CVE descriptions and matching HackerOne reports","Install a proxying browser extension configuring PROXY_LIST_PER_SCHEME with a SOCKS fallback proxy (a real, supported Chromium proxy-config shape used by several proxy/VPN extensions); the CVE-2021-22916 fix's PROXY_LIST-only equality check evaluates false, so should_check_uncloaked remains true and the extra CNAME-uncloaking DNS lookup still bypasses the proxy.","A Brave user relying on a proxy/VPN browser extension configured with per-scheme proxy rules and a SOCKS fallback (rather than Tor or a simple single-proxy setup) has their visited domains leaked to the system DNS resolver via the adblock engine's own CNAME-uncloaking lookups, defeating the privacy protection the extension was meant to provide.","Brave Desktop versions carrying PR #8957's fix but not PR #10742's fix (~Feb-Oct 2021 window)","CVE-2021-21323: reported via GitHub Security Advisory. CVE-2021-22916: HackerOne report #1203842. CVE-2021-45884: HackerOne report #1377864. Fix authors: Anthony Tseng (PR #7769), Anton Lazarev/antonok-edm (PR #8957 and PR #10742).","CVE-2021-45884 official record, verbatim: 'NOTE: this issue exists because of an incomplete fix for CVE-2021-21323 and CVE-2021-22916' -- citing BOTH predecessor CVEs by number.","INCOMPLETE FIX (per user definition) -- source report notes this is a genuine THREE-CVE lineage: Tor-specific -> generic single-proxy -> per-scheme-proxy-with-SOCKS-fallback, each fix widening the same boolean gate (first inline, later refactored into ProxySettingsAllowUncloaking()) without ever relaxing a prior-recognized case, over ~9 months.","CVE Program cvelistV5 (CVE-2021-45884) ; GitHub Security Advisory CVE-2021-21323 ; HackerOne #1203842, #1377864 ; github.com/brave/brave-core PRs #7769, #8957, #10742 ; commits 91e9db544d33, 78036601285a, 133af65c89c0 ; brave/brave-browser issues #19070, #20079","None of the three fixes ever alters what happens once uncloaking IS permitted (the unproxied CNAME-resolution logic itself is untouched across all three fixes) -- source report confirms the changes are scoped precisely to the proxy-DETECTION condition and nothing else, across all three stages.","3","CVE-2021-45884","133af65c89c035b2934ca3532f8442c719c5b471","2021-10-28 (PR #10742)","Anton Lazarev (antonok-edm), ""disable CNAME uncloaking when a proxy extension with a socks fallback is enabled."" Extends the existing PROXY_LIST equality check with an OR-condition additionally recognizing PROXY_LIST_PER_SCHEME configurations that include a fallback_proxies list -- the configuration shape certain proxying extensions use to offer a SOCKS proxy as a catch-all fallback for traffic not matching a specific scheme rule. This is the third and (per source report) final widening of the same boolean gate first introduced by PR #7769's Tor-only check.","","","","","Chronology confirmed straightforward: original_fix (closes CVE-2021-21323) -> complete_fix (closes CVE-2021-22916) -> third_fix_attempt (closes CVE-2021-45884, Oct 2021) are in correct forward chronological order matching their column positions; all three fixes carry their own distinct CVE number.","","","","","","PR #8957 and PR #10742 (the second and third fixes) share the same author, Anton Lazarev (antonok-edm) -- a same-author progressive-hardening pattern across two of the three stages.","Not specified as an automated regression test in source report.","Not individually specified in source report","Not given in source report","CWE-200 (all three stages)","incomplete_fixes_all_3.odt"
"CASE-40","Apache HTTP Server -- server/util.c, ap_normalize_path() / unescape_url()","C","server/util.c ; include/httpd.h ; server/request.c ; server/gen_test_char.c","ap_normalize_path(); ap_unescape_url() / ap_unescape_url_ex() (final fix); ap_process_request_internal()","CVE-2021-41773","CWE-22 (Path Traversal)","Critical; CISA Known Exploited Vulnerabilities catalog listed","The 2.4.49 backport of ap_normalize_path() (from trunk, June 2020) tested only for a LITERAL second dot when collapsing '../' segments (path[l+1]=='.'), with no awareness that a percent-encoded dot (%2e) could occupy that position. A segment written as .%2e (literal dot, then percent-encoded dot) was never recognized as '..' and passed through unmodified -- path traversal outside Alias-mapped directories, RCE if CGI enabled. Reported by Ash Daulton, cPanel Security Team.","/* server/util.c:571, ap_normalize_path(), 2.4.49 as shipped */
if (path[l + 1] == '.' && IS_SLASH_OR_NUL(path[l + 2])) {
  /* collapse ../ -- but path[l+1] is literally checked, never decoded from %2e */
}","98246aa96079dad5f7b20521bbc0142a04f1c5e7 (2.4.x); e150697086e70c552b2588f369f2d17815cb1782 (trunk)","https://github.com/apache/httpd/commit/98246aa96079dad5f7b20521bbc0142a04f1c5e7","Fixed in Apache HTTP Server 2.4.50","2021-10-04/05","Apache HTTP Server 2.4.50","Apache HTTP Server project","/* extends the traversal check to also recognize '.' followed by an as-yet-undecoded
   '%2e'/'%2E' as equivalent to '..', closing the single-encoding bypass */","server/util.c, ap_normalize_path()","Extends the literal-dot-only traversal check to also recognize a single level of percent-encoding (%2e/%2E) as equivalent to a literal dot -- closes exactly the .%2e bypass demonstrated, but only handles ONE decoding pass; it does not touch the entirely separate AP_NORMALIZE_DROP_PARAMETERS code path five lines above it, which skips the dot-collapsing logic for an entire ';'-delimited segment via an early continue.","CVE-2021-42013","CWE-22 (Path Traversal) -- same class, a structurally SEPARATE bypass mechanism (parameter-stripping, not encoding)","Critical; CISA Known Exploited Vulnerabilities catalog listed","'It was found that the fix for CVE-2021-41773 in Apache HTTP Server 2.4.50 was insufficient. An attacker could use a path traversal attack to map URLs to files outside the directories configured by Alias-like directives... If CGI scripts are also enabled... this could allow for remote code execution.' Reported by Juan Escobar (Dreamlab Technologies), Fernando Munoz (NULL Life CTF Team), and Shungo Kumasaka. Double-URL-encoded variants (.%%32%65/) also fell under this CVE.","The 2.4.50 fix closed the ENCODING gap (single-level %2e decoding) but never touched the structurally separate AP_NORMALIZE_DROP_PARAMETERS branch at server/util.c:545: 'if ((flags & AP_NORMALIZE_DROP_PARAMETERS) && path[l] == ';') { do { l++; } while (!IS_SLASH_OR_NUL(path[l])); continue; }' -- this branch advances past an entire ';'-prefixed path-parameter segment and continues back to the outer loop, SKIPPING the dot-collapsing logic (both the original AND the 2.4.50-patched version) for that segment entirely. A segment crafted as /.%%32e;/ is parameter-stripped in a way that leaves an effective /../ traversal never inspected by any dot-collapsing code.","/* server/util.c:545, UNCHANGED by the 2.4.50 fix: */
if ((flags & AP_NORMALIZE_DROP_PARAMETERS) && path[l] == ';') {
  do { l++; } while (!IS_SLASH_OR_NUL(path[l]));
  continue; /* skips traversal-collapse logic for this segment entirely, including the new %2e check */
}","Juan Escobar (Dreamlab Technologies), Fernando Munoz (NULL Life CTF Team), Shungo Kumasaka","Fixed within days of 2.4.50's release","~3 days (2.4.50 released Oct 4-5 2021, 2.4.51 released Oct 7 2021)","c3a95d75da7815b1bcebd99e499573688c936297","https://github.com/apache/httpd/commit/c3a95d75da7815b1bcebd99e499573688c936297","""core: Add ap_unescape_url_ex() for better decoding control, and deprecate unused AP_NORMALIZE_DROP_PARAMETERS flag.""","2021-10-07","Apache HTTP Server 2.4.51","- #define AP_NORMALIZE_DROP_PARAMETERS (1u << 4)
+ #define AP_NORMALIZE_DROP_PARAMETERS (0) /* deprecated */
/* redefines the bit constant to 0 so (flags & AP_NORMALIZE_DROP_PARAMETERS) is always
   false for every caller everywhere -- permanently disables the branch without auditing
   individual call sites. Also adds a table-driven TEST_CHAR(c, T_URI_UNRESERVED) lookup
   and a new ap_unescape_url_ex() with explicit KEEP_UNRESERVED/FORBID_SLASHES/KEEP_SLASHES flags. */","include/httpd.h (flag redefinition); server/util.c; server/request.c; server/gen_test_char.c (new 256-entry char table)","Eliminates the bypass at its ROOT rather than special-casing another encoding variant: redefines the flag constant to 0, making the dangerous parameter-stripping branch permanently a no-op everywhere, and replaces ad hoc character-class checks with a table-driven lookup plus a new, more expressive URL-unescaping function used by the core request-mapping code. Apache's own advisory states this release 'fully addresses both CVE-2021-41773 and CVE-2021-42013.'","Scope-of-audit miss -- the 2.4.50 fix patched the exact reported encoding-bypass mechanism without auditing sibling code (the parameter-stripping branch) in the same function that could equally defeat the traversal check","Yes -- widely publicized in-the-wild exploitation; exact PoC paths reproduced in the analysis (.%2e for CVE-2021-41773; /.%%32e;/ and double-encoded .%%32%65/ for CVE-2021-42013)","CVE-2021-41773: GET /cgi-bin/.%2e/.%2e/.%2e/.%2e/etc/passwd (single percent-encoding bypasses the literal-dot check). CVE-2021-42013: GET /cgi-bin/.%%32e/.%%32e/.%%32e/.%%32e/etc/passwd or paths using a ';'-delimited parameter segment to skip the dot-collapse logic entirely, e.g. /.%%32e;/.","A remote unauthenticated attacker maps request URLs to files outside directories configured by Alias-like directives; if those files aren't protected by 'require all denied' and CGI scripts are enabled for the aliased path, this achieves remote code execution -- actively exploited in the wild, listed in CISA's Known Exploited Vulnerabilities catalog.","Apache HTTP Server 2.4.49 and 2.4.50 ONLY (not earlier versions, since ap_normalize_path() was newly backported into 2.4.x by 2.4.49)","CVE-2021-41773: Ash Daulton, cPanel Security Team. CVE-2021-42013: Juan Escobar (Dreamlab Technologies), Fernando Munoz (NULL Life CTF Team), Shungo Kumasaka.","NVD CVE-2021-41773, verbatim: 'The fix in Apache HTTP Server 2.4.50 was found to be incomplete, see CVE-2021-42013.' CVE-2021-42013, verbatim: 'It was found that the fix for CVE-2021-41773 in Apache HTTP Server 2.4.50 was insufficient.'","INCOMPLETE FIX (per user definition) -- source report notes each CVE record cross-references the other by number, matching this dataset's methodology exactly; one of the most widely known and highest-impact incomplete-fix pairs in recent web-server history, with confirmed in-the-wild exploitation of both stages.","NVD CVE-2021-41773, CVE-2021-42013 ; CISA Known Exploited Vulnerabilities catalog ; github.com/apache/httpd commits 6a5d3e006b8d (introducing), 98246aa96079d/e150697086e7 (2.4.50 fix), c3a95d75da78 (2.4.51 final fix) ; Apache httpd 2.4.51 CHANGES/advisory","The introducing commit (6a5d3e006b8d, Aug 2021) itself back-ported trunk revisions originally committed in June 2020 (by Yann Ylavic, who also authored the final 2.4.51 fix) -- meaning the vulnerability was introduced into the 2.4.x branch specifically by a delayed backport of code that had existed on trunk for over a year, and the same engineer who wrote the original trunk code ultimately fixed the vulnerability their own backport introduced.","2","","","","","","","","","","6a5d3e006b8dc8aca1a267a8607864e1c3607f61 (Aug 10, 2021) -- 'back port the mapping=servlet proxy logic' -- merged trunk revisions r1879074-r1879360 (originally committed June 2020) into the 2.4.x branch, introducing ap_normalize_path() and its AP_NORMALIZE_DROP_PARAMETERS flag into 2.4.x for the first time, shipped in 2.4.49.","","","","","Yann Ylavic authored both the original trunk code (June 2020) that was later backported to introduce the vulnerability, and the final 2.4.51 fix (Oct 2021) that closed both CVEs by deprecating the AP_NORMALIZE_DROP_PARAMETERS flag.","Widely publicized real-world exploit paths documented across multiple independent security advisories and blog posts; not a formal automated regression test per source report.","Apache Software Foundation","Listed in CISA Known Exploited Vulnerabilities (KEV) catalog for both CVEs","CWE-22 (both stages)","incomplete_fixes_all_3.odt"
"CASE-41","Furnace (tildearrow) -- open-source chiptune tracker; src/engine/fileOps.cpp (parser), src/gui/pattern.cpp (GUI renderer)","C++","src/engine/fileOps.cpp ; src/gui/pattern.cpp","DivEngine::loadFur(); DivEngine::loadDMF(); FurnaceGUI::patternRow()","CVE-2022-1211","CWE-121 (Stack-based Buffer Overflow)","6.3 -- CVSS:3.1/AV:N/AC:L/PR:N/UI:R/S:U/C:L/I:L/A:L","DivEngine::loadFur(), the .fur module parser, performed essentially no validation of structural fields (pattern length, order-list length, instrument/wavetable/sample counts, byte-offset seek targets) before using them directly as array sizes, loop bounds, and seek targets -- a crafted file could drive out-of-bounds stack/heap access. Discovered by fuzzing (mqrsv, GitHub issue #325).","int insPtr[256]; int wavePtr[256]; int samplePtr[256];
int infoSeek=reader.readI();
reader.seek(infoSeek,SEEK_SET); /* no bounds check on infoSeek, patLen, ordersLen, insLen, etc. */","3a7a132f0210c047de1825b33d68e3542145b0a1 ; 258a905aaa6fd652bf351f30446a135fc4f1e164","https://github.com/tildearrow/furnace/commit/3a7a132f0210c047de1825b33d68e3542145b0a1","GitHub issue #325","2022 (shortly after issue #325 filed 2022-03-29)","Furnace (post-dev73)","tildearrow project","+ if (!reader.seek(infoSeek,SEEK_SET)) { ...; return false; }
+ if (ds.patLen<0) { ...; return false; }
+ if (ds.patLen>256) { ...; return false; }
+ if (ds.ordersLen<0 || ds.ordersLen>127) { ...; return false; }
+ if (ds.insLen<0 || ds.insLen>256) { ...; return false; }","src/engine/fileOps.cpp, DivEngine::loadFur() (>10 separate validation points, +100 lines) and companion DivEngine::loadDMF()","A classic parser-hardening pass: validates every field controlling WHERE the parser reads from or HOW MANY objects it allocates. Does NOT validate the CONTENT of parsed data once structural bounds are satisfied -- pattern-cell note/instrument/volume/effect fields are read via reader.readS() with no post-read validation anywhere in fileOps.cpp.","CVE-2022-1289","CWE-404 (Denial of Service, per VulDB CNA classification) -- an out-of-bounds READ in a downstream consumer, not the parser itself","4.3 -- CVSS:3.1/AV:N/AC:L/PR:N/UI:R/S:U/C:N/I:N/A:L","CVE record, verbatim: 'A denial of service vulnerability was found in tildearrow Furnace... This is due to an incomplete fix of CVE-2022-1211.' The GUI pattern renderer FurnaceGUI::patternRow() indexes fixed-size color-lookup arrays (fxColors[], extFxColors[]) directly with an unvalidated effect value read as a 16-bit reader.readS() -- a crafted file setting this to e.g. 0x1234 computes an out-of-bounds array index (0x1234-0xe0), reading memory outside the array.","The first fix validated structural/allocation-controlling fields (parser hardening) but never validated the CONTENT of pattern-cell data fields once structural bounds were satisfied -- the GUI's downstream color-lookup array indexing trusted the parsed effect-ID value's range implicitly, an assumption the first fix's scope never covered since it operated entirely within fileOps.cpp, not pattern.cpp.","sprintf(id,""%.2X##PE%d_%d_%d"",pat->data[i][index],k,i,j);
if (pat->data[i][index]<0x10) { ... }
else { ImGui::PushStyleColor(ImGuiCol_Text,uiColors[extFxColors[pat->data[i][index]-0xe0]]); }
/* pat->data[i][index] can be up to 0xffff (16-bit read); extFxColors[] sized for 0x00-0xff */","Not individually named beyond the CVE record and issue #325 comment thread in source report","Not individually dated beyond the fix commit","Not precisely dated in source report","0eb02422d5161767e9983bdaa5c429762d3477ce","https://github.com/tildearrow/furnace/commit/0eb02422d5161767e9983bdaa5c429762d3477ce","github.com/tildearrow/furnace/issues/325#issuecomment-1094139655","2022","Furnace (post-issue-#325 fix)","+ if (pat->data[i][index]>0xff) {
+   sprintf(id,""??##PE%d_%d_%d"",k,i,j);
+   ImGui::PushStyleColor(ImGuiCol_Text,uiColors[GUI_COLOR_PATTERN_EFFECT_INVALID]);
+ } else {
+   const unsigned char data=pat->data[i][index]; /* narrowed AFTER range check */
+   ... array indexing now uses 'data', guaranteed 0-0xff ...
+ }","src/gui/pattern.cpp, FurnaceGUI::patternRow()","Adds an explicit range check (>0xff) before any array indexing occurs, rendering an invalid-effect indicator for out-of-range values, and only then narrows the value into a properly bounded const unsigned char before using it in every subsequent array index expression -- guarantees every index is within 0-0xff regardless of what the file declared.","Upstream/downstream caller miss -- the parser-side fix validated allocation/seek fields but never validated content fields; the actual unguarded consumer (GUI renderer) is a separate function in a separate file the parser fix never touched","Yes -- via the original fuzzing-derived crashing .fur file from issue #325, adapted to demonstrate the second (GUI-side) bug","A crafted .fur file sets a pattern cell's effect-ID field (16-bit) to a value >=0xe0+extFxColors_size (e.g. 0x1234); opening it in the Furnace GUI computes an out-of-bounds array index into extFxColors[] and reads memory outside the array as a color-table lookup.","A user opens a malicious .fur module file in the Furnace GUI (requires user interaction); the pattern-effect color-lookup renderer reads out-of-bounds memory, crashing the application -- a denial of service reachable via a shared, remotely-distributable file format.","Furnace versions carrying 3a7a132f0210/258a905aaa6f but not 0eb02422d516","CVE-2022-1211: mqrsv (fuzzing). CVE-2022-1289: not individually named beyond the CVE record in source report.","CVE record, verbatim: 'This is due to an incomplete fix of CVE-2022-1211.'","INCOMPLETE FIX (per user definition) -- source report notes the final fix does not touch fileOps.cpp at all; it closes the gap at the point of CONSUMPTION (GUI renderer) rather than at the point of PARSING, a valid and sufficient fix for this specific crash but leaving open whether other consumers of pat->data[][] (e.g. VGM exporters) share the same unguarded indexing pattern.","CVE Program cvelistV5 (CVE-2022-1211, CVE-2022-1289) ; github.com/tildearrow/furnace issue #325 ; commits 3a7a132f0210, 258a905aaa6f, 0eb02422d516","VulDB (the CNA) classified the incomplete-fix CVE as CWE-404 (Denial of Service) rather than the CWE-125 (Out-of-Bounds Read) that would more precisely describe the underlying memory-safety defect -- source report notes this CWE choice reflects the OBSERVED impact (a crash) rather than the memory-safety root cause.","2","","","","","","","","","","","","","","","","Original fuzzing-derived PoC .fur file from issue #325 is the de facto reproducer for both stages.","VulDB","Not given in source report","CWE-121 (original); CWE-404 (incomplete-fix stage, per CNA classification)","incomplete_fixes_all_3.odt"
"CASE-42","GNU Binutils -- libbfd, bfd/elf.c (ELF symbol-versioning table build/read code, underlies nm/objdump/readelf/ld)","C","bfd/elf.c","_bfd_elf_get_symbol_version_string() (2020 fix); _bfd_elf_slurp_version_tables() (2022 fix)","CVE-2020-16599 (Sourceware PR 25842)","CWE-476 (NULL Pointer Dereference)","Not individually restated in source report","_bfd_elf_get_symbol_version_string() looked up a version-definition entry's node name and unconditionally passed it to strcmp() against the symbol's own name, with no NULL check on either pointer. A crafted ELF file with a NULL vd_nodename crashed any Binutils tool (nm, objdump, readelf) that called this path.","const char *nodename = elf_tdata(abfd)->verdef[vernum-1].vd_nodename;
version_string = ((base_p || strcmp(symbol->name, nodename)) ? nodename : """");
/* strcmp() dereferences NULL if nodename is NULL */","8d55d10ac0d112c586eaceb92e75bd9b80aadcc4","https://github.com/gnutools/binutils-gdb/commit/8d55d10ac0d112c586eaceb92e75bd9b80aadcc4","Sourceware PR 25842, ""Null pointer dereference in nm-new""","2020-04-17","GNU Binutils (post-PR-25842)","Alan Modra","- version_string = ((base_p || strcmp(symbol->name, nodename)) ? nodename : """");
+ version_string = """";
+ if (base_p || nodename == NULL || symbol->name == NULL || strcmp(symbol->name, nodename) != 0)
+   version_string = nodename; /* NOTE: when nodename==NULL, this explicitly sets version_string to NULL */","bfd/elf.c, _bfd_elf_get_symbol_version_string()","Reorders the check so both pointers are validated before any strcmp() comparison, closing the exact PR 25842 reproducer. Notably: when nodename is NULL, the fixed logic still assigns version_string = nodename, i.e. explicitly NULL, rather than the empty-string default used on every other branch -- the 2020 fix stops the crash INSIDE this function but doesn't guarantee every caller treats a NULL return as safely as the deliberately-returned """".","CVE-2022-4285 (Sourceware PR 29699)","Illegal memory access from an under-sized (zero-length) allocation -- same broad invariant class, build-side rather than read-side","Not individually restated in source report","NVD/Red Hat, per source report: 'the result of an incomplete fix for CVE-2020-16599.' Not a second bug in the same function -- a DIFFERENT way to reach the same 'corrupt version-table entry produces an under-populated table a reader later indexes out of bounds' failure class. A malicious ELF's .gnu.version_r section with sh_info==0 (trusted as the entry count) computes a legitimate zero-byte allocation size with no overflow triggered, and BFD proceeds to allocate a zero-byte table anyway. Reported by Mauro Matteo Cascella (Red Hat).","The 2020 fix enforced the invariant ('a corrupt symbol-versioning section can never cause BFD to dereference/index into malformed version-table memory') only at the table-READ side (_bfd_elf_get_symbol_version_string()); the table-BUILD side (_bfd_elf_slurp_version_tables()) was never audited for the same class of degenerate input. The pre-existing hdr->sh_info > hdr->sh_size/sizeof(...) bounds check rejected an sh_info that was too LARGE, but zero trivially satisfies any upper-bound check, so the degenerate sh_info==0 case was never caught.","if (_bfd_mul_overflow(hdr->sh_info, sizeof(Elf_Internal_Verneed), &amt)) { ...; goto error_return_verref; }
elf_tdata(abfd)->verref = (Elf_Internal_Verneed *) bfd_alloc(abfd, amt);
/* amt legitimately computes to 0 when sh_info==0; bfd_alloc(abfd, 0) proceeds without error */","Mauro Matteo Cascella (Red Hat), Bugzilla 2150768, 2022-12-05","2022-12-05 (Red Hat report); upstream fix (5c831a3c) actually predates this, committed 2022-10-19","~2.5 years (Apr 2020 -> Oct/Dec 2022)","5c831a3c7f3ca98d6aba1200353311e1a1f84c70","https://github.com/gnutools/binutils-gdb/commit/5c831a3c7f3ca98d6aba1200353311e1a1f84c70","PR 29699, ""Fix an illegal memory access when parsing an ELF file containing corrupt symbol version information.""","2022-10-19","GNU Binutils (post-PR-29699); backported via 5 separate RHSA errata (RHEL 7 SCL, 8, 8.6 EUS, 9) May-Nov 2023","  bfd_set_error(bfd_error_file_too_big); goto error_return_verref; }
+ if (amt == 0)
+   goto error_return_verref;
- elf_tdata(abfd)->verref = (Elf_Internal_Verneed *) bfd_alloc(abfd, amt);
+ elf_tdata(abfd)->verref = (Elf_Internal_Verneed *) bfd_zalloc(abfd, amt);","bfd/elf.c, _bfd_elf_slurp_version_tables() (3-line hunk, two independent hardening changes)","Two hardening changes in one hunk: (1) explicitly rejects amt==0 (a verneed section claiming zero entries is treated as corrupt, failing cleanly via the existing error path); (2) switches allocation from bfd_alloc to bfd_zalloc, zero-initializing the table for the amt>0 path too -- closing a second, related uninitialized-read exposure even for inputs that pass the new amt==0 check.","Upstream/downstream caller miss (build-vs-read side) -- the invariant needed enforcement at both the table-build routine and the table-read routine; the 2020 fix enforced it only at the read side","Mechanism fully described via the sh_info==0 trigger condition; no scripted PoC file reproduced verbatim in source report","A crafted ELF file's .gnu.version_r section header sets sh_info=0 (trusted as the verneed entry count); BFD's size computation legitimately evaluates to zero with no overflow triggered, allocates a zero-byte table, and subsequent code that assumes at least one entry exists reads/indexes illegally.","Any tool built on libbfd (nm, objdump, readelf, ld, and third-party tools linking libbfd) that parses an attacker-supplied ELF file with a corrupt symbol-versioning section can crash or read out-of-bounds memory, a denial-of-service/info-disclosure vector reachable simply by running standard binary-analysis tools against untrusted files.","GNU Binutils versions carrying 8d55d10ac0d1 (Apr 2020) but not 5c831a3c7f3c (Oct 2022)","CVE-2020-16599: reported via Sourceware PR 25842 (title names nm-new); fix by Alan Modra. CVE-2022-4285: Mauro Matteo Cascella (Red Hat); fix by Nick Clifton (Red Hat).","NVD/Red Hat, per source report: describes CVE-2022-4285 explicitly as 'the result of an incomplete fix for CVE-2020-16599.'","INCOMPLETE FIX (per user definition) -- source report frames this precisely: the 2020 fix was fully effective against its OWN reproducer and remains effective today; its incompleteness was that the broader invariant it was implicitly meant to protect was enforced at only one of the two places (read side) that needed it, discovered independently by a different Red Hat engineer 2.5 years later via further fuzzed/corrupt ELF inputs.","sourceware.org/bugzilla PR 25842, PR 29699 ; Red Hat Bugzilla 2150768 ; github.com/gnutools/binutils-gdb commits 8d55d10ac0d1, 5c831a3c7f3c ; RHSA-2023:2873/3269/6236/6593/7394","Timeline oddity independently verified: the upstream fix commit (5c831a3c, 19 Oct 2022) actually PREDATES Red Hat's internal Bugzilla filing date (5 Dec 2022) for the same issue -- Red Hat's internal report references the already-published upstream fix/PR rather than being the trigger for it, a detail source report flags explicitly rather than glossing over the apparent date inversion.","2","","","","","","","","","","","","","","","","Not specified as an automated regression test in source report.","Not individually specified in source report","Not given in source report","CWE-476 (original); illegal-memory-access/under-allocation class (incomplete-fix stage, no formal CWE given)","incomplete_fixes_all_3.odt"
"CASE-43","Axiomatic Bento4 (libap4) -- MP4/ISOBMFF parsing/muxing toolkit; Source/C++/Core/Ap4RtpAtom.cpp (formerly Ap4SdpAtom.cpp)","C++","Source/C++/Core/Ap4RtpAtom.cpp (formerly Ap4SdpAtom.cpp)","AP4_RtpAtom::AP4_RtpAtom() (formerly AP4_SdpAtom::AP4_SdpAtom())","CVE-2019-13238 (GitHub issue #396)","CWE-401 (Unhandled allocation failure / resource exhaustion) leading to NULL-pointer write","Not individually restated in source report","'A memory allocation failure is unhandled in Core/Ap4SdpAtom.cpp and leads to crashes. When parsing input video, the program allocates a new buffer to parse an atom in the stream. The unhandled memory allocation failure causes a direct copy to a NULL pointer.' AP4_SdpAtom::AP4_SdpAtom() computed an SDP-text length by simple subtraction from the atom's declared size with no floor check, allowing a signed-integer underflow.","int str_size = size-(AP4_ATOM_HEADER_SIZE+4); /* underflows to negative if size < 12 */
if (str_size) {
  char* str = new char[str_size+1]; /* negative implicitly converted to huge size_t */
  stream.Read(str, str_size);
  ...
}","37298c34a11efdb89e1754a55b18644624be34fa (the only commit ever to modify this constructor)","https://github.com/axiomatic-systems/Bento4/commit/37298c34a11efdb89e1754a55b18644624be34fa","""stricter parsing""","2022-09-04","Bento4 (post-2022-09-04 commit)","Gilles Boccon-Gibod (Bento4 project lead)","- int str_size = size-(AP4_ATOM_HEADER_SIZE+4);
- if (str_size) { ... }
+ if (size >= AP4_ATOM_HEADER_SIZE+4) {
+   int str_size = size-(AP4_ATOM_HEADER_SIZE+4);
+   if (str_size) { ... same body ... }
+ }","Source/C++/Core/Ap4RtpAtom.cpp, AP4_RtpAtom::AP4_RtpAtom() constructor","""stricter parsing"" -- adds a floor check (size >= AP4_ATOM_HEADER_SIZE+4) before the subtraction, eliminating the specific integer-underflow sub-case (declared size smaller than the fixed header overhead). Does NOT bound str_size from ABOVE: a declared size that is large but not underflowing still produces an enormous but technically non-negative str_size.","CVE-2022-3807 (GitHub issue #803, ""Incomplete fix of CVE-2019-13238"")","CWE-401 (same class) -- unbounded-above allocation size, structurally distinct from the underflow the 2022 fix closed","Not individually restated in source report","Reporter (5hadowblad3), verbatim: 'A memory allocation failure unhandled in Ap4RtpAtom.cpp and leads to crashes. This seems to be an incomplete fix of issue #396, CVE-2019-13238.' AddressSanitizer trace: 'failed to allocate 0xffffffffff00025b bytes... allocator is out of memory.' A declared atom size that is huge but technically passes the new >= floor check (e.g. 0xFFFFFFF0) still drives an enormous new char[] request, crashing the process -- no upper bound, no cross-check against how many bytes the stream actually has remaining.","The 2022 fix addressed ONLY the underflow direction (declared size too SMALL relative to the fixed header overhead); it added no check that the resulting allocation is bounded by the ACTUAL remaining bytes in the stream or by any sane maximum, leaving the unbounded-above direction of the identical 'trust the file's declared size as an allocation size' defect completely untouched.","if (size >= AP4_ATOM_HEADER_SIZE+4) {
  int str_size = size-(AP4_ATOM_HEADER_SIZE+4); /* size=0xFFFFFFF0 -> str_size still huge, non-negative */
  if (str_size) { char* str = new char[str_size+1]; /* still unbounded above */ ... }
}","5hadowblad3 (GitHub issue #803)","2022-10-19","~1.5 months (Sep 2022 fix -> Oct 2022 report)","NONE -- STILL UNRESOLVED UPSTREAM as of source report's preparation","Not applicable -- no closing commit exists","Not applicable","Not applicable -- unresolved","Not applicable -- unresolved as of the most recent commit on the project's default branch at time of writing","Not applicable -- no fix exists; the vulnerable code pattern remains present in Ap4RtpAtom.cpp","N/A","N/A -- source report explicitly documents this as a case that has NOT reached remediation, rather than inventing a closing commit. Two further independent reports (issue #947, #748) confirm the gap remains open on later Bento4 releases; issue #947's reporter writes verbatim: 'I noticed someone had found a similar problem... But it seems it still hasn't been fixed.'","Wrong invariant / off-by-construction -- the fix addressed only one arithmetic failure direction (underflow) of a two-sided problem (unbounded trust in a file-declared size), leaving the other direction (unbounded-above) completely open","Yes -- multiple independent, verbatim AddressSanitizer crash traces across 4+ GitHub issues (#803, #947, #748, #703), all pinpointing the identical source line","./mp42aac input_file /dev/null against a crafted MP4 whose 'rtp ' atom declares a huge but non-underflowing size (e.g. 0xFFFFFFF0 or 0xffffffffff00025b per issue #803's trace) triggers an allocator-out-of-memory crash in AP4_RtpAtom::AP4_RtpAtom() at Ap4RtpAtom.cpp:49-50.","Any application embedding Bento4 (or using its command-line tools: mp4dump, mp4info, mp42hls, mp42aac, mp42avc) to process an untrusted MP4/ISOBMFF file can be crashed via a crafted 'rtp '/SDP hint-track atom declaring an oversized length -- reachable via the universal atom-tree walker every Bento4 tool uses (AP4_AtomFactory::CreateAtomFromStream()).","All Bento4 versions from 1.5.1.0 (2019) through the current default branch at time of writing (2024+) -- the underlying defect has never been fully closed","CVE-2019-13238: original GitHub issue #396 reporter. CVE-2022-31287: independently filed GHSA-438f-ccw8-g93r. CVE-2022-3807: 5hadowblad3 (issue #803). Unnumbered follow-up: issue #947 reporter, issue #748 reporter (mp4dump crash).","Issue #803 title, verbatim: 'Incomplete fix of CVE-2019-13238, Exhaustive memory misunhandle.'","INCOMPLETE FIX, UNRESOLVED (per user definition) -- unlike every other case in this dataset, this lineage has NOT terminated in a complete fix as of source report's preparation. Presented exactly as it stands: a legitimate research finding that not every publicly reported incomplete-fix chain has, at any given snapshot in time, actually reached final remediation. The same constructor has accumulated at least FOUR separate public vulnerability reports (CVE-2019-13238, CVE-2022-31287, CVE-2022-3807, and unnumbered issue #947) across a five-year span, of which only the narrow integer-underflow sub-case has ever been addressed.","NVD CVE-2019-13238, CVE-2022-3807, CVE-2022-31287 ; github.com/axiomatic-systems/Bento4 issues #396, #409, #413, #703, #748, #803, #947 ; GHSA-438f-ccw8-g93r ; commit 37298c34a11efdb89e1754a55b18644624be34fa","GitHub issue #413 documents the IDENTICAL unchecked-allocation-from-untrusted-size pattern in a SIBLING atom class, AP4_IkmsAtom (AP4IkmsAtom.cpp), confirming this is a general idiom shared across multiple Bento4 atom-parsing constructors (attacker-controlled declared size -> new[] with no upper bound or failure handling -> stream.Read()/memcpy), of which AP4_RtpAtom is simply the most repeatedly rediscovered single instance.","3 formally CVE-numbered (CVE-2019-13238, CVE-2022-31287, CVE-2022-3807) plus 1 unnumbered GitHub issue (#947) documenting the same unresolved gap","CVE-2022-31287 (GHSA-438f-ccw8-g93r) -- documents the same file/function independently, also unresolved by any commit","None -- no commit exists","Filed against Bento4 v1.2","GitHub Security Advisory GHSA-438f-ccw8-g93r independently documents 'an allocation size request error in /Ap4RtpAtom.cpp' -- the same underlying defect, filed under a separate CVE number, corroborating that the constructor's unbounded-allocation problem is a recurring, independently-rediscovered issue rather than a one-off, but this report too has never been closed by an upstream commit.","None assigned -- unnumbered GitHub issue, filed after CVE-2022-3807","GitHub issue #947 (github.com/axiomatic-systems/Bento4/issues/947) -- no commit exists","Filed post-CVE-2022-3807 (exact date not individually given in source report)","GitHub issue #947, verbatim per source report: 'I noticed someone had found a similar problem [CVE-2022-3807]... But it seems it still hasn't been fixed.' A fourth independent report confirming the same unbounded-above allocation gap in AP4_RtpAtom::AP4_RtpAtom() remains open, still with no corresponding upstream commit as of source report's preparation -- the constructor has now accumulated at least four separate public vulnerability reports (CVE-2019-13238, CVE-2022-31287, CVE-2022-3807, and this unnumbered issue) across a five-year span, of which only the narrow integer-underflow sub-case (the ORIGINAL fix, 37298c34) has ever been addressed.","No fix chronology applies: only ONE fix has ever been applied upstream (37298c34, Sep 2022, closing the narrow underflow direction, recorded in original_fix). The 'incomplete_fix', 'third_fix_attempt', and 'fourth_fix_attempt' slots for this case each document a SEPARATE PUBLIC REPORT of the still-unfixed unbounded-above gap, not a sequence of fixes -- complete_fix_commit_hash(es) is explicitly 'NONE' because the gap remains open as of source report's preparation.","","","AP4_IkmsAtom (AP4IkmsAtom.cpp) shares the identical unchecked-allocation-from-untrusted-size idiom (issue #413), confirming this is a widespread pattern across Bento4's atom-parsing constructors generally, not unique to AP4_RtpAtom.","","","The single commit that has EVER modified this constructor (37298c34, Sep 2022) was authored directly by the Bento4 project lead, Gilles Boccon-Gibod; no further commit against this function exists as of source report's preparation despite multiple subsequent bug reports.","Multiple independent, verbatim AddressSanitizer traces across issues #703, #748, #803, all pinpointing the same source line (Ap4RtpAtom.cpp:49-50) with different requested allocation sizes, none corrected by a regression test since no fix exists.","Not individually specified in source report","Not given in source report","CWE-401 (all stages)","incomplete_fixes_all_3.odt"
"CASE-44","389 Directory Server (389-ds-base) -- LDAP Content Synchronization (sync_repl) plugin, ldap/servers/plugins/sync/sync_util.c","C","ldap/servers/plugins/sync/sync_util.c","sync_create_state_control() (2021 fix); sync_cookie_parse() (2022 fix)","CVE-2021-3514","CWE-476 (NULL Pointer Dereference)","Not individually restated in source report","sync_create_state_control() builds the LDAP Sync State Control for each changed entry; for entries in special backends (cn=config, cn=schema, cn=monitor) that legitimately lack an nsuniqueid attribute, the code fetched the attribute and immediately dereferenced its value with no NULL check. Reported by Cedric Buissart (GitHub issue #4711, 'SIGSEV with sync_repl').","slapi_entry_attr_find(e, SLAPI_ATTR_UNIQUEID, &attr);
slapi_attr_first_value(attr, &val);
uuid = sync_nsuniqueid2uuid(slapi_value_get_string(val)); /* val may be NULL here */","d7eef2fcfbab2ef8aa6ee0bf60f0a9b16ede66e0","https://github.com/389ds/389-ds-base/commit/d7eef2fcfbab2ef8aa6ee0bf60f0a9b16ede66e0","Issue 4711 - SIGSEV with sync_repl (#4738)","2021-04-27","389-ds-base master; cherry-picked to 1.4.3 and 1.4.4 branches","tbordaz (Thierry Bordaz, Red Hat)","+ if ((attr == NULL) || (val == NULL)) {
+   slapi_log_err(...""Entries are missing nsuniqueid. Unable to proceed.\n"");
+   return (LDAP_OPERATIONS_ERROR);
+ }
uuid = sync_nsuniqueid2uuid(slapi_value_get_string(val));","ldap/servers/plugins/sync/sync_util.c, sync_create_state_control()","""Check a nsuniqueid is available else returns OP_ERR."" Adds the missing NULL checks to sync_create_state_control() (COOKIE CREATION), returning a clean operations error instead of crashing.","CVE-2022-2850","CWE-476 (NULL Pointer Dereference) -- same class, a sibling function (cookie PARSING, not creation) never independently audited","Not individually restated in source report","Red Hat's own bug report, verbatim: 'Previously: bug 1952907 [CVE-2021-3514]... This issue is not fixed completely.' sync_cookie_parse() decodes a client-supplied cookie of the form server_signature#client_signature#change_info_number; a malformed cookie with NO '#' separator (ldapsearch -E sync=rp/foo) parses into an EMPTY Sync_Cookie structure rather than NULL (failure), which later SIGSEGVs when the empty cookie is used. Reported by Sandipan Roy.","The 2021 fix closed the missing-nsuniqueid gap in COOKIE CREATION only; sync_cookie_parse() -- a structurally SIBLING function performing similarly untrusted-input parsing, sharing the same underlying invariant ('never hand a partially-populated structure to code that assumes it is fully populated') -- was never independently checked against that standard, discovered by a different researcher 1 year 4 months later.","Sync_Cookie *sync_cookie_parse(char *cookie) {
  ...
  /* a cookie with zero '#' separators falls through to a bare 'return (sc);' with sc
     only partially populated, rather than being treated as a parse failure (NULL) */
}","Sandipan Roy","2022-08-16 (Red Hat Bugzilla 2118691)","~1 year 4 months (Apr 2021 -> Aug 2022)","bd566957f85c889f13cd24f903c91c16c955acbd","https://github.com/389ds/389-ds-base/commit/bd566957f85c889f13cd24f903c91c16c955acbd","Issue 5418 - Sync_repl may crash while managing invalid cookie (#5420)","2022-08-18","389-ds-base (post-issue-5418)","} else {
  goto error_return;
+ } else {
+   goto error_return;
  }
  return (sc);
error_return:","ldap/servers/plugins/sync/sync_util.c, sync_cookie_parse()","""If the servers receives an invalid cookie without separator '#', it parses it into an empty cookie (Sync_Cookie) instead of a NULL cookie (failure). Later it sigsegv when using the empty cookie. Fix: If the parsing fails return NULL."" Adds an else clause guaranteeing the function only ever returns either a fully-populated Sync_Cookie or NULL.","Scope-of-audit miss -- the 2021 fix corrected one function against a NULL-safety standard without auditing sibling functions in the same file performing structurally similar untrusted-input parsing","Yes -- exact ldapsearch reproducer given in source report: ldapsearch -E sync=rp/foo","ldapsearch -E sync=rp/foo (a malformed sync-control cookie with no '#' separator) crashes 389 Directory Server via sync_cookie_parse() returning a partially-populated Sync_Cookie rather than NULL, later dereferenced as if fully valid.","Any authenticated user permitted to issue an LDAP Content Synchronization search can crash the directory server by supplying a malformed sync-state cookie with no '#' separator -- a denial of service reachable by any user with sync_repl search permission, not requiring administrative privilege.","389-ds-base versions carrying d7eef2fcfbab (Apr 2021) but not bd566957f85c (Aug 2022)","CVE-2021-3514: Cedric Buissart. CVE-2022-2850: Sandipan Roy. Both fixes authored by Thierry Bordaz (tbordaz, Red Hat).","Red Hat's own bug report, verbatim: 'Previously: bug 1952907 [CVE-2021-3514]... This issue is not fixed completely.'","INCOMPLETE FIX (per user definition) -- source report notes a narrow, disclosed SECONDARY regression within the same commit (bd566957f) that was independently and promptly corrected in a follow-up commit shortly after, distinct from the primary CVE-2021-3514/CVE-2022-2850 incomplete-fix relationship being tracked here.","Red Hat Bugzilla 1952907, 2118691 ; github.com/389ds/389-ds-base issues #4711, #5418 ; commits d7eef2fcfbab2ef8aa6ee0bf60f0a9b16ede66e0, bd566957f85c889f13cd24f903c91c16c955acbd","The 2021 fix (d7eef2fc) was independently cherry-picked to both the 1.4.3 branch (commit 2e5b526012) and the 1.4.4 branch (commit 58dbf084a6), per Red Hat Bugzilla 1952907 comment #8 -- confirming standard multi-branch backport practice for this fix, separate from the incompleteness this case tracks.","2","","","","","","","","","","","","sync_create_state_control()'s 2021 NULL-safety hardening is the direct sibling-function precedent sync_cookie_parse() should have been audited against at the same time but was not, within the same source file.","","","Complete fix reviewed by Viktor Ashirov, Mark Reynolds, William Brown, and Simon Pichugin -- an unusually well-documented multi-reviewer sign-off for this specific commit.","Exact ldapsearch reproducer command given in source report; not described as an automated regression test.","Red Hat","Not given in source report","CWE-476 (both stages)","incomplete_fixes_all_3.odt"
"CASE-45","Percona XtraBackup (PXB) -- storage/innobase/xtrabackup/src/xtrabackup.cc, backup_mysql.cc","C++","storage/innobase/xtrabackup/src/xtrabackup.cc ; storage/innobase/xtrabackup/src/backup_mysql.cc","hide_option() (2020 fix, process-table masking); make_argv() (2022 fix, backup-metadata masking)","CVE-2020-10997","CWE-200 (Exposure of Sensitive Information)","4.0 -- CVSS v2 AV:N/AC:L/Au:S/C:P/I:N/A:N","'Percona XtraDB backup >= 2.4.11 suffers an issue whereby the whole command line is captured and output to resulting backup file location, and where --history command line argument is passed this too is captured within the PERCONA_SCHEMA.xtrabackup_history table. In addition to the information being present within the process list and standard error output.'","xtrabackup --backup --user=root --password=SECRET --target-dir=/backup
/* raw argv[] visible via ps, /proc/<pid>/cmdline while running, before any masking existed */","fbb2970439f (PXB-2145); companion PR #841 commit 3376bdd (PXB-2154, xbstream/xbcrypt)","https://github.com/percona/percona-xtrabackup/commit/fbb2970439f","PXB-2142, PXB-2145, PXB-2152, PXB-2154 (four JIRA tickets, per-option masking)","2020","Percona XtraBackup 2.4.20","Percona XtraBackup project","+static void hide_option(char *argument, char **opt) {
+  char *start = argument;
+  my_free(*opt);
+  *opt = my_strdup(PSI_NOT_INSTRUMENTED, argument, MYF(MY_FAE));
+  while (*argument) *argument++ = 'x'; /* destroy argument in place */
+  if (*start) start[1] = 0;
+}","storage/innobase/xtrabackup/src/xtrabackup.cc (+17/-15)","hide_option() copies the real secret into an internal variable, then overwrites the actual argv[] bytes with 'x' in place, so anything reading the live process's command line (ps, /proc/<pid>/cmdline) sees only masked characters. Applied per-option at each named option's xb_get_one_option() switch-case (--encrypt-key initially, extended to --password etc. across sibling PXB-2xxx tickets in the same release). Operates ONLY on the process's own argv array in memory -- does nothing to what PXB itself subsequently writes into its own backup metadata.","CVE-2022-26944","CWE-200 (Exposure of Sensitive Information) -- same class, a structurally independent recording path never covered","6.5 -- CVSS:3.1/AV:N/AC:L/PR:L/UI:N/S:U/C:H/I:N/A:N","NVD, verbatim: 'Percona XtraBackup 2.4.20 unintentionally writes the command line to any resulting backup file output... when --history is passed... this command line is also written to PERCONA_SCHEMA.xtrabackup_history table. NOTE: this issue exists because of an incomplete fix for CVE-2020-10997.' PXB independently records its own invocation into a tool_command field (persisted in xtrabackup_info metadata inside every backup) -- a code path entirely separate from the process-list-focused hide_option() masking.","Independent commit-level retrieval refined this beyond the NVD summary: make_argv() -- the exact function whose output becomes tool_command -- ALREADY existed in 2.4.20 and ALREADY masked --password (long form) and --encrypt-key/--transition-key. The vulnerability was narrower than 'no masking existed': make_argv() never checked for -p, the SHORT-OPTION form of --password, so any invocation using -pSECRET (a very common convention) fell through every existing strncmp() check untouched and was copied verbatim into tool_command.","if (strncmp(*argv, ""--password"", strlen(""--password"")) == 0) { arg = ""--password=...""; }
/* NO check here for the short ""-p"" form -- a command line with -pSECRET falls through
   every strncmp() check and is copied verbatim into xtrabackup_info's tool_command field */","Not individually named beyond NVD/Percona's own description in source report","Fixed in 2.4.25 / 8.0.28-20.0, ~April 2022","~2 years (v2.4.20, 2020 -> v2.4.25, Apr 2022)","7742f875bb289a874246fb4653b7cd9f14b588fe","https://github.com/percona/percona-xtrabackup/commit/7742f875bb289a874246fb4653b7cd9f14b588fe","PXB-2722, ""Fix for when via command line, a password, passed using the -p option, was written into the backup tool_command in xtrabackup_info.""","~April 2022","Percona XtraBackup 2.4.25 (2.4 series) / 8.0.28-20.0 (8.0 series)","if (strncmp(*argv, ""--password"", strlen(""--password"")) == 0) { arg = ""--password=...""; }
+ if (strncmp(*argv, ""-p"", strlen(""-p"")) == 0) {
+   arg = ""-p..."";
+ }
if (strncmp(*argv, ""--encrypt-key"", strlen(""--encrypt-key"")) == 0) { arg = ""--encrypt-key=...""; }","storage/innobase/xtrabackup/src/backup_mysql.cc, make_argv()","Adds a single missing strncmp() check for the short '-p' option form, extending the SAME masking function that already correctly handled --password/--encrypt-key/--transition-key to also cover the short form. Not a new masking subsystem -- a single missing conditional in an already-partially-effective function.","Field/parameter-family miss -- an enumerated check for sensitive option name VARIANTS (long-form option names) omitted one syntactic variant (the short '-p' form) of the same option","Mechanism fully described via the exact strncmp() gap; no scripted exploit needed beyond the invocation pattern itself","Run xtrabackup --backup -pSECRET --target-dir=/backup (short-option password form); the resulting backup's xtrabackup_info metadata file (and, with --history, the PERCONA_SCHEMA.xtrabackup_history table) contains the invocation string with -pSECRET verbatim.","Anyone with read access to a backup's output location (to read xtrabackup_info), or authenticated MySQL access with knowledge --history was used (to read PERCONA_SCHEMA.xtrabackup_history), can recover a plaintext database password if the backup operator used the common -pSECRET short-option convention rather than --password=SECRET.","Percona XtraBackup 2.4.20 (the version that shipped the CVE-2020-10997 fix but remained vulnerable to this narrower issue) through versions prior to 2.4.25/8.0.28-20.0","Not individually named beyond Percona's own advisory/release notes in source report.","NVD, verbatim: 'NOTE: this issue exists because of an incomplete fix for CVE-2020-10997.' Percona's own release notes: 'PXB-2722: Fix for when via command line, a password, passed using the -p option, was written into the backup tool_command in xtrabackup_info.'","INCOMPLETE FIX (per user definition) -- source report independently corrected the vendor-tracker-cited 'introducing commit' for CVE-2020-10997 (0b38ffc0f30, claimed by OSV.dev/Percona's own security tracker): fetching that commit directly showed it is an UNRELATED commit ('PXB-1525: Support keyring_vault plugin') with zero references to make_argv(), tool_command, or xtrabackup_info anywhere in its diff -- flagged explicitly as an automated-heuristic citation error rather than silently repeated.","NVD CVE-2020-10997, CVE-2022-26944 ; Percona security advisories ; github.com/percona/percona-xtrabackup commits fbb2970439f, 3376bdd, 7742f875bb28 ; JIRA PXB-2142/2145/2152/2154/2722 ; docs.percona.com release notes 2.4.25 and 8.0.28-20.0","This case is notable for the researchers' explicit correction of an incorrect 'introducing commit' citation propagated by an automated vendor security tracker (OSV.dev-sourced) -- a rare instance in this dataset of a report flagging its OWN source material as unverifiable/incorrect rather than repeating it uncritically.","2","","","","","","","","","","","","make_argv()'s own pre-existing, correctly-functioning masking of --password (long form) and --encrypt-key/--transition-key is the direct in-function precedent the missing -p short-form check should have matched from the start.","","","","Not specified as an automated regression test in source report.","Not individually specified in source report","Not given in source report","CWE-200 (both stages)","incomplete_fixes_all_3.odt"
"CASE-46","hostapd/wpa_supplicant (w1.fi) -- src/eap_common/eap_pwd_common.c, src/common/dragonfly.c (shared Dragonfly PAKE helper)","C","src/eap_common/eap_pwd_common.c ; src/common/dragonfly.c ; src/eap_peer/eap_pwd.c ; src/eap_server/eap_server_pwd.c","compute_password_element() (EAP-pwd hunting-and-pecking PWE derivation loop)","CVE-2019-9495 (w1.fi Security Advisory 2019-2, ""Dragonblood"")","CWE-203 / CWE-208 (Observable Discrepancy / Observable Timing Discrepancy)","Not individually restated in source report","compute_password_element() derived the EAP-pwd Password Element via a hunting-and-pecking loop whose branch taken (continue on invalid candidate) and iteration count depended on secret password-derived data -- a cache-timing side channel an unprivileged co-resident process could exploit (Flush+Reload) to narrow an offline dictionary attack. Discovered by Mathy Vanhoef and Eyal Ronen ('Dragonblood' research).","while (ctr < 40) {
  ctr++;
  ... x_candidate = crypto_bignum_init_set(prfbuf, primebytelen);
  if (crypto_bignum_cmp(x_candidate, prime) >= 0)
    continue; /* secret-dependent early loop exit -- observable via cache timing */
}","aaf65feac67c3993935634eefe5bc76b9fce03aa","https://w1.fi/cgit/hostap/commit/?id=aaf65feac67c3993935634eefe5bc76b9fce03aa","w1.fi Security Advisory 2019-2, ""EAP-pwd: Use constant time and memory access for finding the PWE""","2019-02-26","hostapd/wpa_supplicant v2.8","Jouni Malinen","+#include ""utils/const_time.h""
/* converts the PWE finding loop to use constant-time functions and identical memory
   access path without different branches for the QR/QNR (quadratic residue) cases */","src/eap_common/eap_pwd_common.c","""While the previous implementation had protection against the most visible timing differences (looping 40 rounds and masking the legendre operation), it did not protect against memory access patterns between the two possible code paths in the masking operations... Convert the PWE finding loop to use constant time functions and identical memory access path without different branches for the QR/QNR cases, similarly to the changes done for SAE.""","CVE-2022-23304 (w1.fi Security Advisory 2022-1)","CWE-203 / CWE-208 -- same class, residual dependency on an unaudited external library primitive","High (vendor advisories rate 'important'/critical for wireless credential exposure)","NVD, verbatim: 'this issue exists because of an incomplete fix for CVE-2019-9495.' Even after both 2019 fixes (constant-time loop + Brainpool-curve disablement), the modular-square-root computation still relied on an EXTERNAL crypto library's BN_mod_sqrt()-family function whose constant-time behavior hostap could not guarantee across every linked library (OpenSSL, wolfSSL, internal). Reported by Daniel De Almeida Braga, Mohamed Sabt, Pierre-Alain Fouque (University of Rennes 1/IRISA) in a 2020 ACSAC paper.","Both 2019 fixes hardened hostap's OWN code (loop structure, curve selection) but left the actual modular-square-root primitive delegated to whichever external crypto library was linked -- a dependency neither 2019 fix could audit or control, since its constant-time behavior varies by library and hostap has no visibility into or control over that library's internal implementation.","/* Even with the 2019 constant-time loop and Brainpool-curve removal in place,
   the underlying modular square-root step still calls an external library's
   BN_mod_sqrt()-family function, whose own constant-time guarantees are unaudited
   and library-dependent (OpenSSL vs wolfSSL vs internal implementation) */","Daniel De Almeida Braga, Mohamed Sabt, Pierre-Alain Fouque (University of Rennes 1/IRISA)","2020 ACSAC paper 'Dragonblood is Still Leaking'; fix published 2022-01-16","~3 years (Feb 2019 -> 2022 fix, ~1 year from the 2020 paper to the fix)","8c502336d (""EAP-pwd: Derive the y coordinate for PWE with own implementation"") ; 9b14aed90 (removes the dead external entry point)","w1.fi/cgit/hostap (commit 8c502336d)","w1.fi Security Advisory 2022-1","2022-01-16","hostapd/wpa_supplicant v2.10","/* Replaces the external BN_mod_sqrt()-family call with hostap's own, purpose-built,
   constant-time modular square-root routine (dragonfly_sqrt()), placed in the SHARED
   src/common/dragonfly.c module, used identically by both SAE and EAP-pwd. Companion
   commit 9b14aed90 removes crypto_ec_point_solve_y_coord() entirely so no code path
   can regress back onto the external primitive. */","src/common/dragonfly.c (new shared dragonfly_sqrt() helper); src/eap_common/eap_pwd_common.c","Rather than continuing to trust an external crypto library's unaudited constant-time behavior, replaces the external call with a self-contained, purpose-built, constant-time modular square-root routine shared by both SAE and EAP-pwd -- closing the dependency-on-an-unaudited-external-primitive gap both 2019 fixes had left in place.","Wrong invariant / off-by-construction -- both 2019 fixes correctly hardened hostap's OWN code, but the underlying invariant ('every arithmetic step in PWE derivation is constant-time') was silently delegated to an unaudited third party for one specific operation","Yes -- the 2020 ACSAC paper demonstrates a practical cache-based side channel; full academic PoC methodology, not reproduced verbatim in source report","An unprivileged co-resident process uses cache-timing measurement (Flush+Reload or similar) against the modular-square-root computation during EAP-pwd/SAE PWE derivation, exploiting the external library's non-constant-time square-root implementation to narrow an offline dictionary attack on the WPA3/EAP-pwd password.","A local unprivileged attacker (or, per Dragonblood-class research, potentially a remote attacker via more indirect timing channels) observes cache-access patterns during PWE derivation, extracting information that substantially narrows an offline dictionary attack against the target's WPA3/EAP-pwd password -- undermining the core security guarantee of the Dragonfly password-authenticated key exchange.","hostapd/wpa_supplicant v2.8 through v2.9 (carrying both 2019 fixes but not the 2022 fix, v2.10)","CVE-2019-9495: Mathy Vanhoef and Eyal Ronen ('Dragonblood'). CVE-2022-23304: Daniel De Almeida Braga, Mohamed Sabt, Pierre-Alain Fouque (University of Rennes 1/IRISA) -- a wholly independent, later research team. All three fix stages authored by Jouni Malinen.","NVD, verbatim: 'this issue exists because of an incomplete fix for CVE-2019-9495.' w1.fi advisory 2022-1 explicitly frames itself as 'an update on earlier security advisories 2019-1 and 2019-2.'","INCOMPLETE FIX (per user definition) -- source report documents a genuine THREE-stage lineage across three DISTINCT disclosure events by two independent research groups: 2019-2 (constant-time loop, closes primary timing channel) -> 2019-6 (Brainpool-curve disablement, closes a curve-specific gap, itself a second fix stage) -> 2022-1 (own constant-time sqrt implementation, closes the remaining external-library dependency).","w1.fi Security Advisories 2019-1, 2019-2, 2019-6, 2022-1 ; NVD CVE-2019-9495, CVE-2022-23304 ; ACSAC 2020 paper 'Dragonblood is Still Leaking' (De Almeida Braga, Fouque, Sabt) ; w1.fi hostap git commits aaf65feac67c, 876c5eaa6dae, 8c502336d, 9b14aed90 ; OpenWrt commit e7596ce0b0 ; Gentoo Bugzilla #831332","The 2019-6 Brainpool-curve-disablement fix (876c5eaa6dae) is a SINGLE, three-line, SHARED change in src/common/dragonfly.c used by both SAE and EAP-pwd simultaneously -- confirming both code paths were hardened by one shared commit at that intermediate stage, not two parallel efforts. Source report independently located and verified this previously-uncited commit, which the original report's earlier draft had only quoted from advisory prose.","2 (2019-6 curve-disablement received no separate CVE number, tracked under the original CVE-2019-9495)","None assigned -- tracked as part of advisory 2019-6, no separate CVE number","876c5eaa6dae1a87a17603fc489a44c29eedc2e3","2019-07-27 (w1.fi Security Advisory 2019-6)","""dragonfly: Disable use of groups using Brainpool curves"" -- Jouni Malinen. 'Disable groups that use Brainpool curves for now since they leak more timing information due to the prime not being close to a power of two. This removes use of groups 28, 29, and 30 from SAE and EAP-pwd.' A single shared change in src/common/dragonfly.c (the same helper module both SAE and EAP-pwd call through), closing a curve-specific timing gap the original constant-time-loop fix (aaf65feac67c) did not address, discovered by the same Dragonblood researchers as a follow-up finding.","","","","","Chronology caveat: the fix recorded in third_fix_attempt (876c5eaa6dae, 2019-07-27) occurred BEFORE the fix recorded in complete_fix_commit_hash(es) (8c502336d, 2022-01-16), not after. It is placed in the third_fix_attempt slot rather than between original_fix and complete_fix because it never received its own CVE number (tracked only under advisory 2019-6, no separate CVE); complete_fix_* is reserved for the fix that closes incomplete_fix_cve_id (CVE-2022-23304). True chronological order of all three fixes: aaf65feac67c (Feb 2019) -> 876c5eaa6dae (Jul 2019, in third_fix_attempt) -> 8c502336d (Jan 2022, in complete_fix).","","","SAE (CASE-47) shares this exact three-stage lineage and every one of its three fix commits (with SAE's own parallel commit at each stage: SAE-specific constant-time work in 2019-1, the same shared 876c5eaa6dae Brainpool fix, and SAE's own y-coordinate commit 6c380f4c8 alongside EAP-pwd's 8c502336d in 2022-1) -- the two are direct, simultaneously-hardened sibling implementations of the same Dragonfly PAKE primitive.","CASE-47","","All three fix stages across the entire multi-year lineage were authored by the same engineer, Jouni Malinen (w1.fi project lead) -- a single maintainer progressively hardening the same cryptographic primitive against three independently-discovered residual side channels over multiple years.","Not specified as an automated regression test in source report; academic PoC methodology described in the cited ACSAC 2020 paper.","Not individually specified in source report","Not given in source report","CWE-203 / CWE-208 (all stages)","incomplete_fixes_all_3.odt"
"CASE-47","hostapd/wpa_supplicant (w1.fi) -- src/common/sae.c (SAE/WPA3-Personal), src/common/dragonfly.c (shared Dragonfly PAKE helper)","C","src/common/sae.c ; src/common/dragonfly.c","sae_derive_pwe_ecc() (SAE hunting-and-pecking PWE derivation loop)","CVE-2019-9494 (w1.fi Security Advisory 2019-1, ""Dragonblood""; VU#871675)","CWE-203 / CWE-208 (Observable Discrepancy / Observable Timing Discrepancy)","Not individually restated in source report","'A novel cache-based attack against SAE handshake was discovered... The discovered side channel attacks may be able to leak information about the used password based on observable timing differences and cache access patterns... might result in full password recovery when combined with an offline dictionary attack.' sae_derive_pwe_ecc() (WPA3-Personal's Password Element derivation, shared by hostapd and wpa_supplicant) had a secret-dependent branch/iteration-count pattern identical to EAP-pwd's (CASE-46). Discovered by Mathy Vanhoef and Eyal Ronen ('Dragonblood').","u8 counter, k = 40;
... u8 dummy_password[32]; ...
dummy_password_len = password_len;
if (dummy_password_len > sizeof(dummy_password)) dummy_password_len = sizeof(dummy_password);
/* secret-dependent branch structure in the hunting-and-pecking loop, same class as EAP-pwd */","6513db3e96c43c2e36805cf5ead349765d18eaf7","https://w1.fi/cgit/hostap/commit/?id=6513db3e96c43c2e36805cf5ead349765d18eaf7","w1.fi Security Advisory 2019-1","2019-04 (v2.8, Apr 21 2019)","hostapd/wpa_supplicant v2.8","Jouni Malinen","/* Same class of fix as EAP-pwd (CASE-46): reworks sae_derive_pwe_ecc()'s
   hunting-and-pecking loop to iterate a fixed number of times and use
   constant-time conditional selection for the final PWE value, rather than
   exiting early once a valid candidate is found */","src/common/sae.c, sae_derive_pwe_ecc()","'The commits listed... change the SAE implementation shared by hostapd and wpa_supplicant to perform the PWE derivation loop using operations that use constant time and memory access pattern to minimize the externally observable differences... even for the case where the attacker might be able to run unprivileged code on the same device.' Applies to MODP groups 22-24 where the classic (non-ECC) PWE generation loop's iteration count leaks directly correlated password/MAC-address information.","CVE-2022-23303 (w1.fi Security Advisory 2022-1)","CWE-203 / CWE-208 -- same class, residual dependency on an unaudited external library primitive (identical root cause to CASE-46)","High (vendor advisories rate 'important'/critical for wireless credential exposure)","Source report, verbatim: 'CVE-2022-23303 is, in essence, the SAE-side twin of CVE-2022-23304 -- same root cause, same three-stage remediation timeline, different call site.' Even after the 2019 constant-time-loop fix and the shared Brainpool-curve disablement (2019-6), SAE's modular-square-root computation still relied on the same external, unaudited crypto-library primitive EAP-pwd depended on. Reported by Daniel De Almeida Braga, Mohamed Sabt, Pierre-Alain Fouque (University of Rennes 1/IRISA).","Identical root cause to CASE-46 (EAP-pwd), since SAE and EAP-pwd share the underlying Dragonfly PAKE derivation and, from 2019-6 onward, the same src/common/dragonfly.c helper module: both 2019 fixes hardened hostap's own loop/curve-selection logic but left the modular-square-root step delegated to an external crypto library whose constant-time behavior was unaudited and library-dependent.","/* Even with SAE's 2019 constant-time loop and the shared Brainpool-curve removal in
   place, the modular square-root step still calls the same external library primitive
   EAP-pwd relied on (CASE-46), with the same unaudited constant-time gap */","Daniel De Almeida Braga, Mohamed Sabt, Pierre-Alain Fouque (University of Rennes 1/IRISA)","2020 ACSAC paper 'Dragonblood is Still Leaking'; fix published 2022-01-16","~3 years (Apr 2019 -> Jan 2022)","6c380f4c8 (""SAE: Derive the y coordinate for PWE with own implementation"")","w1.fi/cgit/hostap (commit 6c380f4c8)","w1.fi Security Advisory 2022-1","2022-01-16","hostapd/wpa_supplicant v2.10","/* Replaces SAE's call into the external modular-square-root primitive with the SAME
   shared, purpose-built, constant-time dragonfly_sqrt() helper introduced for EAP-pwd
   (CASE-46) in src/common/dragonfly.c -- both code paths now draw on one, identically
   audited implementation, landed in the same v2.10 release series. */","src/common/sae.c ; src/common/dragonfly.c (shared dragonfly_sqrt() helper)","Replaces the external, unaudited modular-square-root call with hostap's own constant-time implementation, shared identically with the EAP-pwd fix (CASE-46) via the common dragonfly.c module -- closing the external-library-dependency gap for the WPA3-Personal handshake specifically.","Wrong invariant / off-by-construction -- identical to CASE-46: both 2019 fixes hardened hostap's own code but silently delegated one arithmetic step's constant-time guarantee to an unaudited external library","Yes -- the 2020 ACSAC paper demonstrates a practical cache-based side channel against SAE specifically","An unprivileged co-resident process uses cache-timing measurement against the modular-square-root computation during SAE PWE derivation to narrow an offline dictionary attack against a WPA3-Personal network password.","A local unprivileged attacker (or, per Dragonblood-class research, potentially remote via more indirect timing channels) observes cache-access patterns during WPA3-Personal (SAE) authentication, narrowing an offline dictionary attack on the network password -- undermining SAE's core resistance-to-offline-attack security property.","hostapd/wpa_supplicant v2.8 through v2.9 (carrying the 2019 SAE fixes but not the 2022 fix, v2.10)","CVE-2019-9494: Mathy Vanhoef and Eyal Ronen ('Dragonblood'). CVE-2022-23303: Daniel De Almeida Braga, Mohamed Sabt, Pierre-Alain Fouque. All fix stages authored by Jouni Malinen.","Source report frames this case explicitly as the direct SAE-side sibling of CASE-46 (CVE-2022-23304), sharing the same three-stage remediation timeline and NVD incomplete-fix framing.","INCOMPLETE FIX (per user definition) -- same three-stage lineage structure as CASE-46 (2019-1 constant-time loop -> shared 2019-6 Brainpool-curve disablement -> 2022-1 own-implementation sqrt), discovered/fixed in parallel with EAP-pwd throughout.","w1.fi Security Advisories 2019-1, 2019-6, 2022-1 ; NVD CVE-2019-9494, CVE-2022-23303 ; ACSAC 2020 paper 'Dragonblood is Still Leaking' ; w1.fi hostap git commits 6513db3e96c4, 876c5eaa6dae (shared), 6c380f4c8 ; OpenWrt commit e7596ce0b0","SAE and EAP-pwd (CASE-46) share the intermediate Brainpool-curve-disablement fix (876c5eaa6dae) as a single, three-line commit in src/common/dragonfly.c -- both protocols were hardened simultaneously at that stage, and again simultaneously at the final 2022-1 stage (commits 6c380f4c8 for SAE and 8c502336d for EAP-pwd, both part of the same v2.10 release).","2 (Brainpool-curve fix shared with CASE-46's lineage, no separate CVE)","None assigned -- shared with CASE-46's third-fix-attempt entry","876c5eaa6dae1a87a17603fc489a44c29eedc2e3 (same commit as CASE-46)","2019-07-27 (w1.fi Security Advisory 2019-6)","Same shared commit as CASE-46: ""dragonfly: Disable use of groups using Brainpool curves"" -- removes groups 28, 29, 30 from BOTH SAE and EAP-pwd simultaneously via a single change in the shared src/common/dragonfly.c helper.","","","","","Chronology caveat: the fix recorded in third_fix_attempt (876c5eaa6dae, 2019-07-27, shared with CASE-46) occurred BEFORE the fix recorded in complete_fix_commit_hash(es) (6c380f4c8, 2022-01-16), not after. It is placed in the third_fix_attempt slot rather than between original_fix and complete_fix because it never received its own CVE number; complete_fix_* is reserved for the fix that closes incomplete_fix_cve_id (CVE-2022-23303). True chronological order of all three fixes: 6513db3e96c4 (Apr 2019) -> 876c5eaa6dae (Jul 2019, in third_fix_attempt) -> 6c380f4c8 (Jan 2022, in complete_fix).","","","CASE-46 (EAP-pwd) is the direct sibling implementation of this exact same three-stage lineage, sharing the intermediate Brainpool-curve fix and the underlying Dragonfly PAKE algorithm structure; both were reported by the same research teams at each stage and fixed by the same engineer.","CASE-46","CVE-2019-9496 -- a separate SAE confirm-message validation issue (advisory 2019-3), fixed alongside but explicitly unrelated to this side-channel lineage.","All three fix stages authored by Jouni Malinen, the same engineer responsible for the parallel EAP-pwd lineage (CASE-46).","Not specified as an automated regression test in source report; academic PoC methodology described in the cited ACSAC 2020 paper.","Not individually specified in source report","Not given in source report","CWE-203 / CWE-208 (all stages)","incomplete_fixes_all_3.odt"
"CASE-48","QEMU -- hw/usb/hcd-ehci.c (EHCI USB host-controller emulation); RHEL 9.1 qemu-kvm package specifically","C","hw/usb/hcd-ehci.c ; softmmu/physmem.c ; include/exec/memattrs.h ; hw/intc/arm_gicv3_redist.c","flatview_write(); address_space_access_valid(); gicv3_redist_read()/write() (prerequisite widening)","CVE-2021-3750","CWE-416 (Use-After-Free), rooted in uncontrolled DMA re-entrancy","Not individually restated in source report","'A DMA reentrancy issue was found in the USB EHCI controller emulation of QEMU. EHCI does not verify if the Buffer Pointer overlaps with its MMIO region when it transfers the USB packets. Crafted content may be written to the controller's registers and trigger undesirable actions (such as reset) while the device is still transferring packets. This can ultimately lead to a use-after-free... A malicious guest could... execute arbitrary code within the context of the QEMU process on the host.'","/* EHCI DMA write is not checked against the device's own MMIO range; a guest can
   make the 'DMA write' actually be an MMIO write into EHCI's own registers (e.g. a
   reset register) while the outer transfer routine still holds pointers into freed
   internal state further down its call stack */","b9d383ab797f54ae5fa8746117770709921dc529 ; 58e74682baf4e1ad26b064d8c02e5bc99c75c5d9 ; 3ab6fdc91b72e156da22848f0003ff4225690ced","https://github.com/qemu/qemu/commit/3ab6fdc91b72e156da22848f0003ff4225690ced","""physmem: Have flatview API check bus permission from MemTxAttrs argument"" (Philippe Mathieu-Daude)","2022 (v7.0.0-rc0/rc1)","QEMU v7.0.0","Philippe Mathieu-Daude","/* introduces MemTxAttrs::memory flag and new MEMTX_BUS_ERROR result so a device's
   own MMIO-mapped register region can be marked 'not memory'; any DMA write
   targeting it is rejected at the flatview/physmem dispatch layer */","softmmu/physmem.c, include/exec/memattrs.h, hw/intc/arm_gicv3_redist.c (3-commit series)","A generic, flatview-level defense (not EHCI-local): rejects a DMA write centrally whenever the target MemoryRegion turns out to be a device's own MMIO-mapped register space. Correctly closes the SPECIFIC CVE-2021-3750 vector (EHCI writing into its own registers via DMA) but adds no mechanism preventing a DMA-triggered bottom-half callback from re-entering MMIO dispatch through a DIFFERENT path -- the broader reentrancy class QEMU's own issue tracker records as extending well beyond this single vector.","CVE-2023-2680","CWE-416 -- NOT a code-level defect; a packaging/backport error","8.2 -- CVSS:3.1/AV:L/AC:L/PR:H/UI:N/S:C/C:H/I:H/A:H (NVD); 7.5 (Amazon Linux rating)","NVD, verbatim: 'This CVE exists because of an incomplete fix for CVE-2021-3750. More specifically, the qemu-kvm package as released for Red Hat Enterprise Linux 9.1 via RHSA-2022:7967 included a version of qemu-kvm that was actually missing the fix for CVE-2021-3750.' Red Hat's own advisory publicly listed CVE-2021-3750 as resolved; the package's changelog claimed the EHCI point-patches had been backported. Due to a packaging/backport error, the patches were NOT actually present in the built RPM.","This is a UNIQUE case in the dataset: there is no source-code defect distinct from the original vulnerability at all. The 'incompleteness' is entirely a supply-chain/packaging failure -- Red Hat's advisory ASSERTED a fix was present in a shipped binary package when it was not, confirmed by Red Hat's own Bugzilla #2203387. Every system trusting RHSA-2022:7967's claim and considering itself patched was, in reality, still running the ORIGINAL, fully vulnerable EHCI DMA-reentrancy code.","/* No code diff exists to show -- the defect IS the absence of a code change the
   advisory claimed had been made. qemu-kvm as shipped in RHEL 9.1 via RHSA-2022:7967
   contained the SAME unpatched hcd-ehci.c/physmem.c as before the upstream fix */","Not individually named beyond Red Hat's own Bugzilla #2203387 in source report","Not individually dated beyond preceding the corrective RHSA-2023:6368","~7 months (RHSA-2022:7967, Nov 2022 -> RHSA-2023:6368 corrective rebase)","No single commit -- remediated via full package rebase, RHSA-2023:6368","access.redhat.com/errata/RHSA-2023:6368","RHSA-2023:6368","2023","qemu-kvm rebased to 8.0.0 (RHEL 9.1/9.2)","Not applicable -- remediating action was a full package rebase to qemu-kvm 8.0.0, which genuinely includes the upstream CVE-2021-3750 point-fixes AND the broader systemic MemReentrancyGuard mechanism (below), rather than a targeted single-CVE patch.","Full qemu-kvm package rebase","Red Hat's corrective action for CVE-2023-2680 was not a targeted patch (since there was no code defect to patch) but a full package rebase, ensuring the genuinely-present upstream fix chain (including the systemic MemReentrancyGuard series) is actually included in the shipped binary.","Scope-of-audit miss (distro-layer supply-chain failure) -- same defensive SHAPE as a code-level incomplete fix (a claimed remediation left a known-vulnerable path reachable) but the defect sits in the packaging/release process, not application source","Mechanism fully described via the packaging-discrepancy analysis; no scripted exploit needed beyond re-running the original CVE-2021-3750 PoC against the mis-packaged RHEL 9.1 build","The original CVE-2021-3750 EHCI DMA-reentrancy PoC, when run against RHEL 9.1's qemu-kvm as shipped via RHSA-2022:7967, succeeds identically to running it against a fully unpatched pre-v7.0.0 QEMU -- confirming the claimed fix was never actually present.","A malicious guest on any RHEL 9.1 host running the affected qemu-kvm build (believed patched per RHSA-2022:7967) exploits the EHCI DMA-reentrancy use-after-free to crash the QEMU process or potentially execute arbitrary code in the host QEMU process context -- a VM-escape-class vulnerability made worse by the false sense of security the advisory created.","qemu-kvm as shipped specifically via RHSA-2022:7967 for RHEL 9.1 (a single downstream package build; upstream QEMU v7.0.0+ was never affected by this specific gap)","CVE-2021-3750: original reporter not individually named beyond Red Hat Bugzilla BZ#1999073. CVE-2023-2680: confirmed via Red Hat Bugzilla #2203387.","NVD, verbatim: 'This CVE exists because of an incomplete fix for CVE-2021-3750... the qemu-kvm package... was actually missing the fix.'","INCOMPLETE FIX (per user definition, distro-layer variant) -- NVD itself frames this as an 'incomplete fix' rather than a new logic bug, even though the underlying code defect is identical to the original CVE; the incompleteness is entirely a supply-chain/packaging assertion failure, a distinct sub-pattern from every other case in this dataset.","NVD CVE-2021-3750, CVE-2023-2680 ; RHSA-2022:7967 (advisory that incompletely claimed the fix) ; RHSA-2023:6368 (corrective rebase) ; Red Hat Bugzilla BZ#1999073, #2203387 ; QEMU GitLab issues #62, #540, #541, #556, #557, #827, #1282 ; qemu-devel mailing list (Philippe Mathieu-Daude patch series, Alexander Bulekov MemReentrancyGuard series) ; QEMU developer docs on MemReentrancyGuard/qemu_bh_new_guarded","Independently of the RHEL packaging failure, upstream QEMU's own remediation for the BROADER DMA-reentrancy class (beyond the narrow CVE-2021-3750 vector) is a systemic MemReentrancyGuard mechanism (Alexander Bulekov, discovered via extensive device-model fuzzing): embeds a reentrancy guard in every DeviceState, checked centrally by the MMIO dispatcher and a new guarded bottom-half API, so a DMA-triggered bottom-half cannot re-enter MMIO dispatch for the device that scheduled it. Its own commit message lists 7 QEMU GitLab issues it closes (#62, #540, #541, #556, #557, #827, #1282), several tracing directly to the EHCI/DMA-reentrancy class -- source report treats this systemic fix as complementary context, not itself one of the two CVE-numbered stages of this specific lineage.","2","","","","","","","","","","","","The systemic MemReentrancyGuard series (Alexander Bulekov) is the genuine, complete architectural fix for the WHOLE DMA-reentrancy bug class QEMU's own device-model fuzzing surfaced, of which the narrow CVE-2021-3750 flatview/MemTxAttrs fix was one earlier, narrower-scoped precursor.","","","QEMU reviewer Philippe Mathieu-Daude, author of the original narrow fix, publicly questioned in the MemReentrancyGuard patch review thread whether the earlier per-device point-patches were the right layer to fix this at -- debating Device- vs MemoryRegion-level placement -- before Bulekov confirmed the design choice, an unusually transparent design-discussion trail.","The original CVE-2021-3750 PoC, re-run against the mis-packaged RHEL 9.1 build, is the de facto reproducer confirming the packaging gap.","Red Hat","Not given in source report","CWE-416 (both stages)","incomplete_fixes_all_3.odt"
"CASE-49","cpp-httplib (yhirose/cpp-httplib) -- single-header C++11 HTTP/HTTPS client-and-server library, httplib.h","C++","httplib.h","Request::set_header() / Response::set_header() / Response::set_redirect() (2019 fix); ClientImpl::write_request(), send_with_content_provider(), Delete(), apply_ranges() (2023 fix)","CVE-2020-11709","CWE-93 / CWE-113 (CRLF Injection / Improper Neutralization of CRLF in HTTP Headers)","7.5 -- CVSS:3.1/AV:N/AC:L/PR:N/UI:N/S:U/C:N/I:H/A:N","'cpp-httplib through 0.5.8 does not filter \r\n in parameters passed into the set_redirect and set_header functions, which creates possibilities for CRLF injection and HTTP response splitting.' Filed as GitHub issue #425. Pre-fix, set_header()/set_redirect() performed a raw headers.emplace(key, val) with no validation.","res.set_redirect(""1\r\nSet-Cookie: a=1""); /* injected header/cookie via CRLF, no filtering anywhere */
headers.emplace(key, val); /* raw, unguarded */","85327e19ae7e72028c30917247238d638ce56d0b","https://github.com/yhirose/cpp-httplib/commit/85327e19ae7e72028c30917247238d638ce56d0b","""Fix #425""","2019","cpp-httplib v0.5.9","yhirose (Yuji Hirose, maintainer)","inline bool has_crlf(const char* s) { ... checks for \r or \n ... }
- headers.emplace(key, val);
+ if (!detail::has_crlf(key) && !detail::has_crlf(val)) {
+   headers.emplace(key, val);
+ }
/* applied identically to 4 public set_header()/set_redirect() overloads */","httplib.h (+27/-6)","Adds a has_crlf() helper and gates the FOUR PUBLIC header-setting API entry points on it. Correct and effective for exactly the functions named in the CVE -- any application calling the public set_header()/set_redirect() API is protected. The library's OWN INTERNAL code (which populates Headers when the library acts as an HTTP client) continued to call headers.emplace() directly, bypassing has_crlf() entirely, since those internal call sites predate the fix and were never touched by it.","CVE-2023-26130","CWE-93 / CWE-113 -- same class, internal call sites bypassing the existing guard","8.8 -- CVSS:3.1/AV:N/AC:L/PR:N/UI:R/S:U/C:H/I:H/A:H","GHSA-599g-p68q-2rxv, per researcher Alessio Della Libera, verbatim: 'The fix introduced here [85327e19] to check for CRLF characters is applied in the Request::set_header method but not in the following places' -- citing exact GitHub permalinks (httplib.h#L6738, #L7427) inside send_with_content_provider() and Delete(). More than a dozen locations throughout httplib.h wrote directly via headers.emplace() rather than through the guarded set_header() method, including exactly the request-construction paths an attacker can influence (Post/Put/Patch/Delete's content_type parameter).","The 2019 fix wired the has_crlf() guard into exactly four PUBLIC entry points. The library's own internal request-building code -- ClientImpl::write_request() (auto-filling Connection/Host/Accept/User-Agent/Content-Length/Content-Type), send_with_content_provider() (setting Content-Type from an application-supplied content_type parameter), Delete() -- continued calling the raw, unguarded headers.emplace() throughout, because those call sites simply predated the fix and were never audited against the new has_crlf() standard.","/* send_with_content_provider(), Delete(): */
req.headers.emplace(""Content-Type"", content_type); /* content_type may contain \r\n from any
   untrusted upstream source; zero validation, bypasses has_crlf() entirely */","Alessio Della Libera","GHSA-599g-p68q-2rxv, disclosure gist published against cpp-httplib v0.12.3","~4 years (2019 fix, v0.5.9 -> disclosure against v0.12.3)","5b397d455d25a391ba346863830c1949627b4d08","https://github.com/yhirose/cpp-httplib/commit/5b397d455d25a391ba346863830c1949627b4d08","""Fix more CRLF injection problems.""","2023","cpp-httplib v0.12.4","- res.headers.emplace(""Content-Type"", ""multipart/byteranges; boundary="" + boundary);
+ res.set_header(""Content-Type"", ""multipart/byteranges; boundary="" + boundary);
- req.headers.emplace(""Connection"", ""close"");
+ req.set_header(""Connection"", ""close"");
- req.headers.emplace(""Host"", host_);
+ req.set_header(""Host"", host_);
/* every remaining internal emplace() call site routed through the already-guarded set_header() */","httplib.h (+17/-21)","Does NOT add a new validation primitive -- reuses the already-correct has_crlf() and simply routes every remaining internal header-write through the already-existing, already-guarded set_header() method instead of the raw container API. A pure call-site conversion, not a logic rewrite.","Scope-of-audit miss -- the 2019 fix correctly guarded the PUBLIC API surface but never audited the library's own internal call sites using the same underlying container","Yes -- Alessio Della Libera's disclosure gist includes exact source line numbers, a working reproducer, and a server log showing the injected header line was received as a genuine, distinct HTTP header by the peer","Call svr.Post()/Put()/Patch()/Delete() with a content_type string parameter containing \r\nevil1: hello1; the injected line reaches the wire as a genuine second HTTP header, confirmed via PoC server log capture.","Any application using cpp-httplib's high-level Post()/Put()/Patch()/Delete() convenience methods with an application-influenced content_type string (e.g. derived from configuration, another header, or untrusted upstream input) is vulnerable to CRLF header/request injection, enabling cookie injection, cache poisoning, or request smuggling/SSRF depending on the library's position in a request chain.","cpp-httplib v0.5.9 through v0.12.3 (carrying 85327e19ae7e but not 5b397d455d25)","CVE-2020-11709: filed as GitHub issue #425 (reporter not individually named beyond the issue). CVE-2023-26130: Alessio Della Libera. Both fixes authored by yhirose (Yuji Hirose, maintainer).","Researcher's own disclosure gist, verbatim: 'The fix introduced here to check for CRLF characters is applied in the Request::set_header method but not in the following places.'","INCOMPLETE FIX (per user definition) -- source report notes the final fix reuses the ALREADY-CORRECT has_crlf() validation logic verbatim; the defect was purely a call-site coverage gap (internal code bypassing a correctly-designed public guard), not a flaw in the guard's own logic.","GHSA-599g-p68q-2rxv ; gist.github.com/dellalibera/094aece17a86069a7d27f93c8aba2280 ; github.com/yhirose/cpp-httplib commits 85327e19ae7e, 5b397d455d25 ; GitHub issue #425 ; NVD CVE-2020-11709, CVE-2023-26130","The disclosure gist's precision (exact GitHub permalinks into the exact pre-fix commit and line numbers) is unusually strong first-party evidence, directly cited in NVD's own CVE-2023-26130 references list -- a rare case where the vulnerability report itself functions as a precise diff-level audit of the prior fix's incomplete coverage.","2","","","","","","","","","","","","The 2019 fix's own four correctly-guarded public set_header()/set_redirect() entry points are the direct in-file precedent every internal emplace() call site should have been routed through from the start.","","","Both fixes authored by the same maintainer, yhirose (Yuji Hirose) -- a same-author, single-header-library project where one developer owns essentially the entire codebase.","The 2019 fix added test/test.cc (+36 lines); the 2023 fix added further regression tests (+46 lines) covering the newly-guarded internal call sites.","Not individually specified in source report","Not given in source report","CWE-93 / CWE-113 (both stages)","incomplete_fixes_all_3.odt"
"CASE-50","Linux kernel -- netfilter/ebtables (Ethernet-frame bridge packet filtering), net/bridge/netfilter/ebtables.c","C","net/bridge/netfilter/ebtables.c ; include/linux/netfilter_bridge/ebtables.h ; net/bridge/netfilter/ebtable_broute.c/filter.c/nat.c","do_replace_finish(); ebt_do_table()","None separately assigned (fixing commit 7997eff82828, tracked via kernel 'Fixes:' tag to root-cause commit 1da177e4c3f4, Linux 2.6.12-rc2)","CWE-476 (NULL Pointer Dereference)","Not applicable -- no CVE assigned to this crash bug","ebtables historically rejected rule blobs that provided an entry point for a hook the table did NOT support, but failed to reject the opposite, actually dangerous case: a blob that OMITS an entry point for a hook the table's valid_hooks bitmask says IS supported. When a frame later arrives on that hook, ebt_do_table() indexes into hook_entry[hook], gets NULL, and dereferences it -- kernel panic. Reported by Harshit Mogalapalli (Oracle) via syzkaller.","static int check(const struct ebt_table_info *info, unsigned int valid_hooks) {
  if (valid_hooks & ~FILTER_VALID_HOOKS) return -EINVAL;
  return 0;
}
/* per-table check() only rejected hook bits OUTSIDE a fixed allow-list; never compared
   against the specific table instance's own valid_hooks; only invoked if table defined one */","7997eff82828304b780dc0a39707e1946d6f1ebf","https://github.com/torvalds/linux/commit/7997eff82828304b780dc0a39707e1946d6f1ebf","""netfilter: ebtables: reject blobs that don't provide all entry points""","2022-08-23","Linux mainline; backported to 5.19, 5.15, 5.10, 5.4, 4.19","Florian Westphal","- if (t->check && (ret = t->check(newinfo, repl->valid_hooks)))
-   goto free_unlock;
+ if (repl->valid_hooks != t->valid_hooks)
+   goto free_unlock;
/* removes the per-table check() callback mechanism entirely; replaces with a single
   unconditional comparison applied to every table */","net/bridge/netfilter/ebtables.c, do_replace_finish(); removes per-table check() callbacks from ebtable_broute.c/filter.c/nat.c and the ebt_table struct itself","Correctly and completely eliminates the NULL-pointer-dereference/kernel-panic by unconditionally rejecting any blob whose valid_hooks doesn't exactly match the live table's valid_hooks -- a genuine correctness improvement over the old, per-table, incompletely-applied check() mechanism. But the deleted line's C89-style embedded assignment ('if (t->check && (ret = t->check(...)))') coincidentally ALSO set the function's ret variable as a side effect; the replacement line contains no assignment to ret at all.","CVE-2022-48641","CWE-401 (Missing Release of Memory / Memory Leak) -- a DIFFERENT, less severe bug class than the crash it replaced","4.4 Medium (Amazon Linux rating)","Florian Westphal's own commit message, verbatim: 'The bug fix was incomplete, it ""replaced"" crash with a memory leak. The old code had an assignment to ""ret"" embedded into the conditional, restore this.' Because ret already held 0 (success) from the preceding successful ebt_verify_pointers() call, taking the new goto free_unlock branch on a hooks mismatch caused do_replace_finish() to return 0 (success) to userspace even though the replacement was silently rejected -- and the cleanup path did not fully release everything allocated for the (rejected) blob, leaking struct ebt_table_info/counters memory on every invocation. Found by syzbot's kmemleak-based fuzzing.","A precise, mechanically-explainable incomplete fix: the OLD code's buggy, over-narrow check happened to ALSO set ret as a side effect of its C89 embedded-assignment idiom; the NEW, correctness-improving unconditional check removed that mechanism without replacing the side effect it had silently relied on. The function's success/failure return value and its resource-cleanup completeness became decoupled the instant the guard was rewritten, an effect the original fix's author did not notice until syzbot found the leak independently.","int ret; /* ... */
if (repl->valid_hooks != t->valid_hooks)
  goto free_unlock; /* ret still holds 0 from the prior successful ebt_verify_pointers() call --
                        function returns SUCCESS to userspace despite rejecting the blob, and the
                        cleanup path at free_unlock does not fully release the rejected blob's memory */","syzbot (syzkaller fuzzer, kmemleak-based), reproducer syzbot+a24c5252f3e3ab733464@syzkaller.appspotmail.com","~September 2022","~1 month (Aug 2022 -> Sep 2022)","62ce44c4fff947eebdf10bb582267e686e6835c9","https://github.com/torvalds/linux/commit/62ce44c4fff947eebdf10bb582267e686e6835c9","""netfilter: ebtables: fix memory leak when blob is malformed""","2022-09 (net tree)","Linux mainline; backported to 5.19, 5.15, 5.10, 5.4, 4.19, 4.14 (Sep-Oct 2022 stable releases)","- if (repl->valid_hooks != t->valid_hooks)
-   goto free_unlock;
+ if (repl->valid_hooks != t->valid_hooks) {
+   ret = -EINVAL;
+   goto free_unlock;
+ }","net/bridge/netfilter/ebtables.c, do_replace_finish()","Restores the missing ret = -EINVAL assignment before the goto free_unlock; branch, exactly the side effect the deleted C89-embedded-assignment idiom used to provide -- 'restore this,' per the commit message. Now correctly returns failure to userspace on a hooks mismatch, letting the caller/cleanup path behave correctly.","Wrong invariant / off-by-construction (refactoring side-effect loss) -- a correctness-improving refactor coincidentally removed an unrelated side effect (setting ret) the surrounding function's error-handling logic silently depended on","Yes -- syzbot-generated kmemleak reproducer","A CAP_NET_ADMIN-privileged process (or an unprivileged user namespace with bridge-netfilter enabled) repeatedly submits an ebtables blob whose valid_hooks doesn't match the live table's valid_hooks via EBT_SO_SET_ENTRIES; each call is silently rejected but reports success and leaks the allocated struct ebt_table_info/counters memory, exhausting kernel memory over repeated invocations.","A local user with sufficient privilege (or inside a permissive user/network namespace) can exhaust kernel memory over time by repeatedly submitting malformed ebtables rule blobs, each individually rejected but each leaking memory due to the function incorrectly reporting success -- a slow-drip denial of service.","Linux kernels carrying 7997eff82828 (Aug 2022) but not 62ce44c4fff9 (Sep 2022) -- roughly a 1-month window across all backported stable branches","Original crash: Harshit Mogalapalli (Oracle), via syzkaller. Both the original fix and the memory-leak fix authored by Florian Westphal; both bugs found by syzbot's automated fuzzing infrastructure.","Florian Westphal's own commit message, verbatim: 'The bug fix was incomplete, it ""replaced"" crash with a memory leak.'","INCOMPLETE FIX (per user definition) -- source report calls this 'as clean and continuous an incomplete-fix lineage as exists in the Linux kernel's netfilter subsystem': same function, same file, same author, roughly a 1-month gap, syzbot-driven discovery on both ends, and the developer's own commit message explicitly frames the relationship as completing an unfinished fix. No regression relative to the pre-fix crash (trades a worse bug, CWE-476 immediate crash, for a lesser one, CWE-401 slow-drip leak) and no reintroduction (no intervening commit weakens the hooks-mismatch rejection).","github.com/torvalds/linux commits 7997eff82828, 62ce44c4fff9 ; lore.kernel.org [PATCH net 4/5] netfilter: ebtables: fix memory leak when blob is malformed ; lkml archive [PATCH 5.10 107/141] ; kernel.org ChangeLog-5.4.215, ChangeLog-5.10.146 ; syzbot reproducer syzbot+a24c5252f3e3ab733464@syzkaller.appspotmail.com","At the time of source report's preparation, the ORIGINAL crash bug (fixed by 7997eff8) had NOT been independently assigned its own CVE identifier in NVD/MITRE/GitHub Advisories/Red Hat Bugzilla/Debian's tracker -- the Linux kernel's retroactive CVE-numbering project assigned CVE-2022-48641 only to the follow-up memory-leak fix. Source report documents 7997eff8 as the 'original fix' precisely per the kernel's own git-verifiable 'Fixes:' tag linkage, independent of CVE-numbering coverage, and traces the crash's ultimate root-cause commit to 1da177e4c3f4 (Linux 2.6.12-rc2, 2005) -- present since the very beginning of mainline git history.","1 (only the follow-up fix received a CVE; the crash it replaced never did)","","","","","","","","","","1da177e4c3f4 -- the initial commit of mainline Linux git history itself (2.6.12-rc2, 2005); the kernel's own 'Fixes:' tag on 7997eff8 traces the NULL-dereference defect all the way back to this commit, meaning the underlying design flaw (weak per-table hook validation) existed for 17 years before being corrected.","","","","","Both the original fix and the follow-up memory-leak fix were authored by the SAME engineer, Florian Westphal -- a same-author self-correction within a single month, both discovered by the same automated fuzzing infrastructure (syzbot).","syzbot's automated kmemleak-based fuzzing infrastructure independently generated and confirmed the reproducer for the memory leak; Harshit Mogalapalli independently confirmed the original crash fix silenced his own syzkaller reproducer via the public lkml review thread ('I have run the reproducer on patched kernel (this patch) multiple times and the problem is not seen').","Linux kernel CVE project (retroactive assignment, from late 2023 onward)","Not given in source report","CWE-476 (original, crash); CWE-401 (incomplete-fix stage, memory leak)","incomplete_fixes_all_3.odt"
"CASE-51","Linux kernel -- networking core, net/core/dst.c and net/core/dst_cache.c (destination-entry refcounting and per-CPU route caching)","C","net/core/dst.c ; net/core/dst_cache.c","dst_destroy(); dst_release(); dst_release_immediate(); dst_cache_destroy() / dst_cache_reset_now() (final fix)","CVE-2024-50036","NVD-CWE-noinfo (functionally CWE-416, Use-After-Free)","Not individually restated in source report for the originating CVE","dst_entries_add(ops, -1) (the dst_entries percpu counter decrement) ran inside dst_destroy(), which executes after an RCU grace period via dst_destroy_rcu(). During network-namespace teardown, cleanup_net() could free a struct net (and its per-netns xfrm ops templates) before every outstanding dst_entry belonging to that namespace finished its RCU grace period -- when dst_destroy() finally ran, dst->ops still pointed at the now-freed per-netns ops structure, a slab use-after-free. Observed by syzbot via KASAN.","static void dst_destroy(struct dst_entry *dst) {
  ...
  if (!(dst->flags & DST_NOCOUNT))
    dst_entries_add(dst->ops, -1); /* runs only after RCU grace period; dst->ops may
                                       already be freed if the owning netns was torn down */
  ...
}","ac888d58869bb99753e7652be19a151df9ecb35","https://github.com/torvalds/linux/commit/ac888d58869bb99753e7652be19a151df9ecb35","""net: do not delay dst_entries_add() in dst_release()""","2024-10-08","Linux mainline (net-next, 6.13 merge window)","Eric Dumazet","+static void dst_count_dec(struct dst_entry *dst) {
+  if (!(dst->flags & DST_NOCOUNT)) dst_entries_add(dst->ops, -1);
+}
void dst_release(struct dst_entry *dst) {
  if (dst && rcuref_put(&dst->__rcuref)) {
+   dst_count_dec(dst);
    call_rcu_hurry(&dst->rcu_head, dst_destroy_rcu);
  }
}","net/core/dst.c, dst_release() and dst_release_immediate()","Relocates the counter decrement out of the RCU-deferred dst_destroy() and into dst_release()/dst_release_immediate(), which run synchronously at the point the last DIRECT reference is dropped, before any RCU grace period and therefore before the owning netns's ops structures can have been freed. Correct and complete for every dst_entry reached through its own direct refcount.","CVE-2025-22057","NVD-CWE-noinfo (functionally CWE-401, percpu-counter corruption via missed decrement for a second reference-holder class)","5.5 MEDIUM (NVD) / 7.8 HIGH (kernel.org CNA) -- AV:L/AC:L/PR:L/UI:N/S:U/C:H/I:H/A:H","NVD/kernel.org, verbatim: 'Upstream fix ac888d58869b moved decrementing the dst count from dst_destroy to dst_release to avoid accessing already freed data in case of netns dismantle. However in case CONFIG_DST_CACHE is enabled and OvS+tunnels are used, this fix is incomplete as the same issue will be seen for cached dsts.' struct dst_cache (used by Open vSwitch's VXLAN/tunnel lwtunnel datapath) holds independent per-CPU dst_entry references via dst_hold() that the October fix's scope -- dst_release()/dst_release_immediate() only -- never covered.","The October 2024 fix's scope was precisely 'the two functions through which a dst_entry's own DIRECT refcount reaches zero.' It did not touch dst_cache_destroy()/dst_cache_reset(), which manage per-CPU CACHED dst_entry pointers holding an INDEPENDENT reference. A cached pointer's release path called dst_release() correctly, but the accounting gap for cached-dst counters had never been consistent with the new synchronous-decrement model -- producing the SAME class of stale-percpu-counter corruption CVE-2024-50036 targeted, just reached via the cache's reference instead of the packet path's reference.","Call trace (NVD-cited crash): percpu_counter_add_batch -> dst_release -> dst_cache_destroy -> dst_destroy -> dst_destroy_rcu -> rcu_do_batch
/* crash occurs exactly at the counter-decrement call the October 2024 fix added,
   but reached through the dst_cache destruction path rather than the packet path */","Not individually named beyond kernel.org's CNA description in source report; surfaced in production OvS+tunnel deployments","Fix merged 2025-03-26","~5.5 months (Oct 2024 -> Mar 2025)","3a0a3ff6593d670af2451ec363ccb7b18aec0c0a","https://github.com/torvalds/linux/commit/3a0a3ff6593d670af2451ec363ccb7b18aec0c0a","""net: decrease cached dst counters in dst_release""; Fixes: d71785ffc7e7 (""net: add dst_cache to ovs vxlan lwtunnel"")","2025-03-26","Linux mainline; backported to 6.15+, 6.6.87, 6.12.23, 6.13.11, 6.14.2","void dst_release(struct dst_entry *dst) {
  if (dst && rcuref_put(&dst->__rcuref)) {
+#ifdef CONFIG_DST_CACHE
+   if (dst->flags & DST_METADATA) {
+     struct metadata_dst *md_dst = (struct metadata_dst *)dst;
+     if (md_dst->type == METADATA_IP_TUNNEL)
+       dst_cache_reset_now(&md_dst->u.tun_info.dst_cache);
+   }
+#endif
    dst_count_dec(dst);
    call_rcu_hurry(&dst->rcu_head, dst_destroy_rcu);
  }
}
+void dst_cache_reset_now(struct dst_cache *dst_cache) {
+  /* walks every per-CPU slot, clears cached pointer, calls dst_release() on cached dst */
+}","net/core/dst.c, dst_release(); net/core/dst_cache.c, new dst_cache_reset_now()","Teaches dst_release() itself to recognize when the dst_entry being released is a metadata_dst wrapping an IP tunnel with an embedded dst_cache, and to proactively invalidate every per-CPU cached entry in that cache (via the SAME already-fixed, dst_count_dec()-backed dst_release()) before proceeding -- ensuring accounting stays correct regardless of which path (packet or cache) triggers the release. Strictly additive: every line the October 2024 fix added remains present, unmodified.","Structural duplication / field-family miss -- a second, structurally-independent reference-holder class (per-CPU cache slots) on the same object type went unaudited because it was outside the scope of the original bug reproducer","Yes -- production crash trace cited verbatim in NVD's own description, showing the exact call chain","Tear down a network namespace with active Open vSwitch VXLAN lwtunnels while CONFIG_DST_CACHE is enabled; the dst_cache's own per-CPU cached dst_entry pointers are released via dst_cache_destroy() -> dst_destroy() -> dst_release(), which corrupts the percpu_counter via percpu_counter_add_batch() writing through stale accounting state.","On any host running Open vSwitch with VXLAN/tunnel lwtunnel datapaths and CONFIG_DST_CACHE enabled, ordinary network-namespace teardown (e.g. container lifecycle churn) can trigger a kernel paging-request oops via corrupted percpu-counter state -- a host-wide denial of service reachable through normal container/namespace operations, not requiring attacker-crafted packets.","Linux kernels carrying ac888d58869b (Oct 2024) but not 3a0a3ff6593d (Mar 2025), with CONFIG_DST_CACHE=y and OvS VXLAN/tunnel lwtunnel in use","CVE-2024-50036: syzbot (KASAN slab-UAF); fix by Eric Dumazet (Google). CVE-2025-22057: surfaced in production OvS+tunnel deployments; fix by Antoine Tenart, signed off by Paolo Abeni (both Red Hat/kernel networking maintainers).","NVD/kernel.org CNA description, verbatim: 'this fix is incomplete as the same issue will be seen for cached dsts... Fix this by invalidating the cache, and thus decrementing cached dst counters, in dst_release too.'","INCOMPLETE FIX (per user definition) -- source report notes the final fix's Fixes: tag points to the 2016 introducing commit (d71785ffc7e7) rather than to the October 2024 fix itself, correctly identifying that the underlying accounting gap for cached dsts PRE-DATES and is independent of the October 2024 change -- that fix simply moved the point at which the pre-existing gap became a page-fault-triggering write instead of a more benign RCU-deferred timing. Source report explicitly draws a structural parallel to the NetX Duo missing-fx_file_close()/integer-underflow pair (CASE-17/18): a fix applied correctly to the code path the reporter's reproducer exercised, while a second, independently-referencing code path holding the same kind of object went unmodified.","NVD CVE-2025-22057, CVE-2024-50036 (OSV.dev) ; github.com/torvalds/linux commits ac888d58869bb99753e7652be19a151df9ecb35, 3a0a3ff6593d670af2451ec363ccb7b18aec0c0a, d71785ffc7e7cae3fbdc4ea8a9d05b7a1c59f7b8 ; git.kernel.org stable patch reference ; Red Hat/CentOS Stream 9 backport merge request","Structurally identical in kind to the NetX Duo Component-server cases (CASE-17/CASE-18) per source report: a security-relevant fix applied correctly to the code path a specific reproducer exercised, while a second, independently-referencing code path holding the same kind of object went unmodified because it was outside the original bug report's scope.","2","","","","","","","","","","d71785ffc7e7cae3fbdc4ea8a9d05b7a1c59f7b8 (2016) -- ""net: add dst_cache to ovs vxlan lwtunnel"" -- the commit that introduced the per-CPU dst_cache reference-holding mechanism whose accounting gap this entire lineage traces back to; the final fix's own Fixes: tag points here, not at the October 2024 commit.","","","CASE-17,CASE-18","","Final fix signed off by Paolo Abeni (Red Hat, networking maintainer); the two fixes are five months and different authors apart but are strictly additive, with the March 2025 fix calling directly into the October 2024 fix's own dst_count_dec()-backed dst_release().","Production crash trace (percpu_counter_add_batch -> dst_release -> dst_cache_destroy -> dst_destroy -> dst_destroy_rcu -> rcu_do_batch) cited verbatim in NVD's own CVE-2025-22057 description functions as the de facto reproducer.","kernel.org (Linux CNA)","kernel.org CNA CVSS 3.1: 7.8 HIGH; NVD: 5.5 MEDIUM (differing severity assessments between the two scoring sources)","NVD-CWE-noinfo (both stages; functionally CWE-416 original, CWE-401-class accounting gap incomplete-fix stage)","incomplete_fixes_all_3.odt"
